title,description,score,references,category,url
Recovery-Oriented Sock Partnerships,"Recovery footwear is quickly becoming as essential to athletes as a reliable pair of running shoes, bridging the gap between performance and restoration.

Designed to reduce fatigue, support tired muscles, and promote overall foot health, these shoes are tailored for the moments after intense training or competition.

As athletes and everyone with a passion for movement prioritizes holistic wellness and injury prevention, recovery footwear is no longer an afterthought—it’s a vital part of living an active lifestyle. With advanced cushioning, ergonomic designs, and breathable materials, these shoes help optimize recovery, making them a must-have for anyone serious about performance and longevity in their sport. Alongside active recovery designs that resemble classic running shoes, like OOFOS' OOmy Zen, are slide-style silhouettes like the HOKA Ora Recovery Mule.",9.5,"Laura McQuarrie — April 11, 2025 — Fashion",Fashion,https://www.trendhunter.com/slideshow/recovery-footwear
Empowering Fitness Campaigns,"Pvolve has launched its Sculpt Anywhere campaign in collaboration with actress and fitness advocate Jennifer Aniston. The initiative aims to provide a portable and flexible workout solution for individuals with active lifestyles.

The Sculpt Anywhere campaign calls attention to Pvolve's Travel Bundle, which includes five key pieces of the brand's signature equipment. This includes resistance bands, gliders, and the P.3 Trainer, along with a durable neoprene carrying case and a three-month streaming membership. With the Travel Bundle, users will be able to access over 1,500 on-demand classes, ranging from five to 60 minutes in length, from any location. Additionally, the Sculpt Anywhere campaign features a 14-day fitness challenge, running from May 1st until May 14th, that encourages participants to complete eight workouts modeled after Aniston’s personal routine.

To further promote engagement, Pvolve is hosting a nationwide studio tour across eight U.S. cities.

Image Credit: Pvolve",4.4,"Kalin Ned — April 11, 2025 — Lifestyle
References: pvolve & newswire",Lifestyle,https://www.trendhunter.com/trends/sculpt-anywhere
Strategic Golf-Centric Partnerships,"Bank of America's Golf with Us campaign is a nationwide initiative aimed at making golf more accessible and affordable for young players aged six to 18. The program is running in partnership with Youth on Course, a nonprofit organization dedicated to expanding youth access to golf.

The Golf with Us campaign offers a free one-year membership that will enable youth to play at over 2,000 affiliated courses for $5 or less per round. Enrollment remains open until May 24, 2025, and includes additional benefits such as a USGA-registered handicap, skill development resources, and exclusive free instructional clinics featuring professional golfers and celebrities.

The Golf with Us initiative aligns with Bank of America’s broader commitment to youth sports and community engagement, further reinforced by its sponsorship of major golf events like the Masters Tournament and partnerships with organizations such as the ANNIKA Foundation.

Image Credit: Bank of America",5.2,"Kalin Ned — April 11, 2025 — Life-Stages
References: BofA & prnewswire",Life-Stages,https://www.trendhunter.com/trends/golf-with-us
Flexible Payment Features,"PayPal has launched a major promotional campaign, aptly titled 'The Great PayPal Checkout.' The initiative features comedian Will Ferrell in a humorous ad series designed to highlight the platform’s checkout and Pay Later services. In addition to the video ads, The Great PayPal Checkout also includes a $10 million sweepstakes, with 1,000 daily winners receiving up to $100 in reimbursements for purchases made through PayPal Checkout over 100 days.

This marketing push coincides with several platform improvements, including faster checkout via biometric authentication, reduced page load times, and expanded Buy Now, Pay Later (BNPL) features such as pre-qualified spending limits. Additionally, PayPal’s Debit Mastercard now offers cashback rewards in select spending categories, including a newly added Rideshare and Public Transit option.

Image Credit: PayPall",5.9,"Kalin Ned — April 11, 2025 — Marketing
References: prnewswire",Marketing,https://www.trendhunter.com/trends/paypal-checkout
Design-Forward Phone Accessories,"OtterBox recently debuted a collection of floral-themed and confetti-inspired phone cases. The series has been aptly named 'Confetti of Blossoms' and the brand strategically launched it to align with the vibrant aesthetics of spring. These designs aim to blend artistic expression with functionality.

OtterBox's confetti-inspired phone cases boast three distinct and eye-catching patterns — Pointed Petals, Washed Blossoms, and Garden Splash. Each design incorporates watercolor-like renditions of flowers such as geraniums, tulips, wisteria, and ivy. Erika Johnson, Senior Color Material Finish Designer at OtterBox, confirms the motivation behind this collection: ""Our new Confetti of Blossoms collection is all about capturing the essence of the spring season. We wanted to create phone cases that not only protect your device but also bring a touch of beauty and brightness to your everyday life.""

The 'Confetti of Blossoms' capsule is part of OtterBox's Symmetry Series, which presents products that are compatible with the latest iPhone and Samsung Galaxy models. These cases feature reinforced corners, raised camera protection and also include built-in magnets for wireless charging compatibility.

Image Credit: OtterBox",6.7,"Kalin Ned — April 11, 2025 — Art & Design
References: otterbox & prnewswire",Art & Design,https://www.trendhunter.com/trends/confettiinspired-phone-case
Luxury Wellness Spa Openings,"British designer Es Devlin has presented the Library of Light, which is a kinetic installation that is comprised of 3,000 books. It rotates around a statue currently in Milan at the Pinacoteca di Brera gallery as a part of Milan Design Week. It features a revolving cylindrical sculpture measuring 18 meters in diameter with angled mirror planes made to reflect the sun and emit light to the courtyard.

Devlin explained to Dezeen, ""The sculpture works as something to walk past and take in as you make your way around it to the library or art museum. It also works as a 'ride', like a funfair carousel, and also like a show, at night, with an audience gathered to sit and listen to a story, as we all did when we were children. Each book is a portal for visitors into each writer's body of work and ideas.""

Image Credit: Monica Spezia",8.9,"Amy Duong — April 11, 2025 — Art & Design
References: salonemilano.it & dezeen",Art & Design,https://www.trendhunter.com/trends/library-of-light
Collaborative Reworked Skate Sneakers,"British architect Peter Cook has introduced a look at the new Play Pavilion made for children and decorated in Lego bricks. It is set to be built by the Serpentine Gallery in London with a bright orange build. It is set to open on June 11th aligned with World Play Day. The pavilion is topped with a geodesic dome roof with rounded walls decorated in Lego murals.

Cook explains, ""The Play Pavilion is an opportunity to remind the public that architecture can be cheerful as well as focused, with a degree of mystery on first sight. We can see glimpses of people moving around inside, with children appearing from mystery places. Then, on entering, all is revealed. Cheerful architecture takes you beyond the day-to-day predictability of cause-and-effect. Just as in the tradition of pantomime, it sends you away with a smile on your face.""

Image Credit: Serpentine",7.4,"Amy Duong — April 11, 2025 — Art & Design
References: lego",Art & Design,https://www.trendhunter.com/trends/play-pavilion
Immersive Cork Installations,"Indian furniture brand Phantom Hands has just unveiled a special collection that has been designed by the late Sri Lankan architect Geoffrey Bawa. This included a sofa that he had designed for his former home. Most of these were made by the brand along with the Geoffrey Bawa Trust and developed by the architect's practice for buildings that were designed between the mid 60s to the mid 90s.

The brand noted, ""At the centre of each piece is always a highly subjective, often moving idea that seems to gestate into the material world, with a high level of logic and flair. Distilled from Bawa's oeuvre, the pieces in the collection capture the pluralism of his practice, yet reveal a complex symphony of repeating forms and motifs – leaving a sense of empathy, awe and wry humour.""

Image Credit: Martien Mulder",8.2,"Amy Duong — April 11, 2025 — Art & Design
References: phantomhands.in",Art & Design,https://www.trendhunter.com/trends/phantom-hands
Portable Wireless Lamps,"Dutch design firm OMA showed off its plans to renovate the Selman Stërmasi Stadium which is a football stadium in Tirana. The team aimed to transform the surrounding area which is comprised of geometric high-rise buildings. OMA is expanding the football park into a large development with housing, offices, shops, a hotel, bars, and restaurants which connect the neighborhoods on all sides.

Associate at OMA, Kees van Casteren shared, ""By integrating the stadium into a new urban development, we wanted to connect two distinct areas of the city through a shared culture of football as well as spontaneous activities."" Managing partner David Gianotten added, ""Football is a cornerstone of urban culture and national identity across Europe and around the world, and we feel it especially intensely here in Tirana.""

Image Credit: OMA",9.6,"Amy Duong — April 11, 2025 — Art & Design
References: oma",Art & Design,https://www.trendhunter.com/trends/selman-strmasi-stadium
Shipping Container-Built Homes,"Clothing brand A-Poc Able Issey Miyake works with design firm Atelier Oï on the TYPE-XIII Atelier Oï project exhibition. This is a delicate lighting system that is on display at Milan Design Week made using wire and a single piece of off-white tonal cloth. The exhibition aims to bring two lighting collections together: the O series and the A series.

A-Poc Able head designer Yoshiyuki Miyamae told Dezeen, ""Just as people arrange flowers in a space to suit the season or welcome guests, this lighting series allows users to carry and arrange the lights freely, adapting them to different moods and environments."" Also detailed by flowers is the A series that was made using the brand's APOC technique and has a pendant lamp made from a tube of cloth.

Image Credit: Issey Miyake Inc",8.1,"Amy Duong — April 11, 2025 — Art & Design
References: uk.isseymiyake & atelier-oi.ch",Art & Design,https://www.trendhunter.com/trends/typexiii-atelier-o
AI-Powered Web Features,"The release of AI-Powered Search and its accompanying online community introduces a structured approach to advancing search technology through artificial intelligence. Written by industry experts Trey Grainger, Doug Turnbull, and Max Irwin, the book presents modern strategies for improving search relevance, incorporating techniques like vector embeddings, hybrid models, and retrieval-augmented generation.

The AI-Powered Search was published in partnership with Manning Publications, which suggests the tool is well-researched and practical. Beyond the book, the AI-Powered Search Community serves as a collaborative platform where professionals can exchange ideas, share best practices, and stay informed on industry developments. The community is backed by organizations like OpenSource Connections and OpenSearch.

For consumers, this resource is particularly appealing to developers, data scientists, and organizations looking to enhance search functionality in their products. The combination of theoretical foundations and hands-on applications makes it a compelling choice for those working on AI-driven search solutions.

Image Credit: AI-Powered Search",8.5,"Kalin Ned — February 3, 2025 — Business
References: accessnewswire",Business,https://www.trendhunter.com/trends/aipowered-search
AI-Based Reading Tools,"Artificial intelligence English language learning solutions provider LillyPad.ai launched a first-of-its-kind Personal AI Book Club called Open Book that enhances the learning process by making it highly individualized and engaging. The AI-powered book club was created to boost reading comprehension and enhance the quality of discussions around all sorts of reading materials, including novels, news articles or even scientific papers.

This AI resource was intentionally made to replicate the warmth and intimacy of a book club and it helps students actively ""think, reflect, and discuss ideas rather than passively consume information,"" according to Chris MacDonald, co-founder of LillyPad.ai.

Some key features of Open Book that will support educators and individual learners alike include dynamic reading modes, discussion rooms led by the AI and question-and-answer sessions that mimic the natural flow of human conversation.

Image Credit: Shutterstock",3.2,"Laura McQuarrie — September 19, 2023 — Tech
References: benzinga",Tech,https://www.trendhunter.com/trends/ai-book-club
Versatile Text-To-Speech Tools,"DailyReadsAI is a personalized service designed to help users discover new books and expand their knowledge efficiently. Using artificial intelligence, the platform curates daily book excerpts tailored to individual interests and reading goals.

Each summary is crafted to provide valuable insights, saving time while enhancing learning. Whether you’re looking for personal growth, professional development, or new literary interests, DailyReadsAI offers relevant content to meet your needs. This service aims to eliminate information overload, providing only the most impactful book excerpts and summaries to keep you on track. With delivery through email or an app, DailyReadsAI streamlines the reading process and ensures you make informed decisions on what to read next, making it an ideal tool for busy professionals and avid readers alike.

Image Credit: DailyReadsAI",4.7,"Ellen Smith — January 29, 2025 — Tech
References: dailyreadsai",Tech,https://www.trendhunter.com/trends/dailyreadsai
Resilience-Focused Children's Books,"NextRead.AI is a book recommendation platform that uses advanced artificial intelligence to help readers discover their next favorite book. By analyzing user preferences, reading habits, and interests, the AI generates personalized suggestions tailored to each individual.

Whether you're exploring new genres, revisiting classics, or seeking niche titles, NextRead.AI aims to simplify the process of finding the right book. The platform acts as a virtual librarian, offering curated recommendations without the need for extensive searching. For avid readers, it provides an efficient way to build a reading list that aligns with their tastes. Businesses in publishing and retail can also leverage such AI-driven platforms to better understand customer preferences, enhancing engagement and satisfaction. With NextRead.AI, exploring the literary world becomes more intuitive and rewarding.

Image Credit: NextRead.AI",3.3,"Ellen Smith — January 6, 2025 — Art & Design
References: nextread.ai",Art & Design,https://www.trendhunter.com/trends/nextreadai
Redefined Women's Sportswear,"The North Face works in partnership with UNDERCOVER to launch the fourth season of the SOUKUU collaboration. To continue bringing attention to outdoor performance gear, the collection launches for the Spring/Summer 2025 season. It highlights all of the functional technology to perform under all conditions.

The capsule features essentials designed for trail running and hiking ranging from various apparel to hats, and accessories. Specifically, there are light jackets, convertible bottoms, bags, shorts, waist packs, and tees. All of these are made. from fabric technology that is suitable for adventure as it features waterproof protection and durable function with a highlight on zippers this season. This way, it allows for easy transitions in any condition changes.

Image Credit: The North Face, UNDERCOVER",4.2,"Amy Duong — April 11, 2025 — Fashion
References: thenorthface",Fashion,https://www.trendhunter.com/trends/soukuu-collaboration
70s Skate Era-Inspired Footwear,"New Balance introduces the Easter Pack to celebrate the upcoming festivities comprised of pastel tonal 9060 sneaker models. The colorways include two options featuring a light purple variation and a light green model. The first pair is detailed with plenty of light pink and purple as the main palette with accents of soft orange and yellow details at the sock liner and eyestays.

The upper also features a light grey mesh for breathability with structured navy blue overlays. It rests on top of a sculpted sole unit for a bright and layered build. The second option infuses light green tones throughout the upper with gum-color pods at the midsoles and darker traction at the outsole.

Image Credit: New Balance",4.2,"Amy Duong — April 11, 2025 — Fashion
References: newbalance",Fashion,https://www.trendhunter.com/trends/easter-pack-1
Minimal Stylish Elegant Sneakers,"California-based brand ERL unveiled two new footwear models in the form of the Camino and the Coupe sneaker model. The brand expands its selection of chunky sneakers as it unveils the low-profile look with inspiration from the 70s skate era. The Coupe is made from canvas as a laced model while the Camino is a slip-on variation.

Both of these are complete in earthy tonal shades and finished with faux shearling with custom ERL signature laces. The shoes are also complete with a clear rubber gum outsole with distressed California branding on the underfoot. The model is also an extension of the brand's Vamp series. These are packaged in its own special packaging -- the Camino is in a bone and mud palette whereas the Coupe comes in pirate black and also mud.

Image Credit: ERL",6.7,"Amy Duong — April 11, 2025 — Fashion
References: erl.store",Fashion,https://www.trendhunter.com/trends/camino-and-the-coupe
Butterfly-Motif Lifestyle Sneakers,"Nike introduces a new tonal version of the Gato sneaker with the Liquid Gold colorway palette to join its roster. It will be a part of the brand's Summer 2025 lineup and is detailed with hues of metallic gold, white, and gum light brown. Needless to say, the shoe is bold in design and easily attracts attention.

It has a metallic gold leather build at the upper complete with quilted stitching across the toe box. Some cutouts with mesh materials are along the sides and tongue to add some depth to the design while unveiling a sporty and textured component. Tonal gold laces round out the whole model as white Nike branding and cushioned midsole add some contrast.

Image Credit: Nike",8.9,"Amy Duong — April 11, 2025 — Fashion
References: nike",Fashion,https://www.trendhunter.com/trends/liquid-gold-colorway
Expanded Simplistic Mid Sneakers,"18 East works in collaboration with Mephisto on the new Break Spectrum sneaker model -- it is set to hit the markets officially on April 11th and can be shopped at 18 East. The New York-based clothing brand and French footwear manufacturer launched the low-top hybrid model that fuses an unlined construction with iconic side stitching borrowed from the Mephisto Rainbow.

It rests on top of the rugged outsole unit which is collected by the Mephisto Break. The sneaker is essentially a physical embodiment of the 'slow fidelity ethos of 18 East. The shoe is meant to combat various adventures at their own leisure. Two colorways launch including the brown and green one dubbed Beed & Broc and summer-ready white and grey.

Image Credit: 18 East",8.1,"Amy Duong — April 11, 2025 — Fashion
References: 18east.co",Fashion,https://www.trendhunter.com/trends/break-spectrum
Searchable AI Quiz Apps,"FOSHAN ELECTRICAL AND LIGHTING designs the FSL wireless lamp, which is a versatile and convenient solution due to its portable form. The lamp not only emits light, but its portability allows it to be used in various environments, whether it is at an outdoor patio, at a workspace, or just as a bedside lighting.

The stylish design also elevates the experience even more as the sleek appearance and minimal design make it suitable for nearly all spaces. The design has a cylindrical form with a flat head on top to integrate the innovative reflective technology of the lamp and its build. Notably, it also has a lighting effect that is integrated to cover a wide area.

Image Credit: FOSHAN ELECTRICAL AND LIGHTING",6.9,"Amy Duong — April 11, 2025 — Lifestyle
References: yankodesign",Lifestyle,https://www.trendhunter.com/trends/fsl-wireless
Whimsical Character Ceramics Capsules,"Backcountry Containers of Wisconsin has designed the Kennedy model, which is a converted shipping container turned compact cozy home. This features a large and thoughtfully developed interior which optimizes the space made from a high-sube shipping container.

This also offers more height space in comparison to standard structures. The Kennedy model is about 40 feet in length and the exterior is finished with a fresh coat of paint detailed with wooden accents and various windows. The home's interior is about 300 square feet and finished with white shiplap walls paired perfectly with durable vinyl flooring. The entrance is double glass doors, leading directly into the comfortable living room. The space is filled with natural light.

Image Credit: Backcountry Containers",4.7,"Amy Duong — April 11, 2025 — Art & Design
References: backcountrycontainers",Art & Design,https://www.trendhunter.com/trends/kennedy-model
Competitive Surf Technology,"Danilo Villanueva designs the Azazel watch for Makina Watches. Dubbed after a fallen angel, the Azazel is meant to evoke a sense of rebelliousness as it is designed in a way that rejects conventional watch notions. It boasts a defiant confidence as the Azazel has a minimal design that reinterprets crop circles.

The first feature that immediately grabs attention is actually what is not present. So the negative space stands out with two needle style hands and twelve minimal hour markers. There are no date windows or subdials. There is also no brand name that is defined across the witch's face. The diameter of the watch measures 38mm and it is 11.55mm in thickness. The Azazel has a contemporary look without dominating the smaller wrists.

Image Credit: Danilo Villanueva, Makina Watches",9.5,"Amy Duong — April 11, 2025 — Fashion
References: makinawatches",Fashion,https://www.trendhunter.com/trends/azazel
Burger Joint Breakfast Menus,"Konpak Tiny Homes has designed the Jordy Tiny Home, which is compact in structure, measuring about 24 feet with a length of 7.2 meters. Despite its small space, the team ensured that the layout optimized the interior plan with a smart and intentional design.

One of the most notable factors is the folding staircase and spacious living area with plenty of storage. The compact home is resting on top of a triple axle trailer with a finishing of galvanized steel and wood. The home is also enhanced with a wooden deck that helps expand the living area even more. Guests enter the home through the large bi-fold glass doors, bringing a calm connection to the outdoors.

Image Credit: Konpak Tiny Homes",10,"Amy Duong — April 11, 2025 — Art & Design
References: konpak.au",Art & Design,https://www.trendhunter.com/trends/jordy-tiny-home
All-in-One Portable Coffee Makers,"The Spout Water system is captivating attention as it presents a revolutionary approach to providing clean drinking water. It entirely transforms the way we think of water access as the sleek device essentially pulls water from the air around. The core technology by Spout involves the process of extracting moisture in the air and then it undergoes a purifying process of elevated filtration.

Unlike traditional water sources, Spout generates water right in the home's atmosphere. This generator is designed to be user-friendly and efficiently productive as it can create up to 2.5 gallons of filtered alkaline water at a daily rate. This is great for small offices or regular households -- any residence that is looking for off-grid water solutions.

Image Credit: Sprout",5.3,"Amy Duong — April 11, 2025 — Lifestyle
References: yankodesign",Lifestyle,https://www.trendhunter.com/trends/spout-water
Large-Scale Culinary Destinations,"Montreal-based brand JJJJound works in collaboration with OTW by Vans on a reworked iteration of the Half Cab sneaker model. It arrives in two colorway palettes including black with off-white and burgundy and off-white. The two models are set to launch on April 17th.

In terms of the design language, the lifestyle silhouette is rooted in skate aesthetics with a stripped-back design. Notably, it is also made from suede materials in the black and burgundy options -- both of which are contrasted by the off-white touches. This can be seen in the sole unit, nylon tongue, and laces. Each pair is comprised of the JJJJound wordmark at the right shoe's sock lining and co-branded tags throughout.

Image Credit: JJJJound",7.2,"Amy Duong — April 11, 2025 — Fashion
References: jjjjound",Fashion,https://www.trendhunter.com/trends/half-cab-sneaker
Large-Scale Culinary Destinations,"Architecture firm A01 Architects has completed the Priyam home, which is defined by its white sculptural silhouette. It is located in Hyderabad, India, and also has a landscaped garden which is designed by Kiasma Studio.

Owner of A01, Andreas Schimitzer explains to Dezeen, ""We had a very pragmatic approach to Indian architectural traditions. In some cases, we found the traditional Indian rules made for creating a space that enhances the wellbeing of the inhabitants; in other cases, we saw advantages in the Western approach."" The home's sleek form rises over a plinth which is clad in stone. This honors Indian architecture and craftsmanship with minimal interiors that were integrated in order to create a more European feel.

Image Credit: Vivek Eadara",4.2,"Amy Duong — April 11, 2025 — Art & Design
References: dezeen",Art & Design,https://www.trendhunter.com/trends/priyam-home
Swedish Mountain Timber Homes,"Designer duo Nicholas Gennari and Roberto Racy from Nar Design Studio work together to create the JZ apartment in Miami. Nestled in the busy Brickell financial district is the reimagined lower penthouse -- found on the 60th floor, it is defined by modern artistry and urban vibrant aesthetics.

The city has a dynamic character which served as the inspiration here, delivering a sense of minimalism with an artful approach. The design project was commissioned by a notable attorney who also has a deep appreciation for electronic music and modern pop art. The newly renovated space aimed to create a second home that aligns with the bright energy of Miami while maintaining a tranquil and minimalist atmosphere.

Image Credit: Nar Design Studio",4.7,"Amy Duong — April 11, 2025 — Art & Design
References: nardesignstudio & design-milk",Art & Design,https://www.trendhunter.com/trends/jz-apartment
Large-Scale Culinary Destinations,"LA Cool is a beautiful outdoor living space designed by Carter Williamson Architects. It is the latest update to the original vision of the Newport House, which was first constructed in 2015. Located above Newport Beach in Sydney, Australia, the LA Cool space is designed with inspiration from Californian modernism. The addition elevates the home as it perfectly blends indoor and outdoor luxury.

This creates an environment that is inviting throughout any season of the year. The home is designed with a deep understanding of the coastal landscape aligned with the understated elegance of California. LA Cool honors natural beauty while also bringing attention to functionality and comfort. The project specifically celebrates the mid-century designs that came from Palm Springs and Los Angeles in the 50s and 60s.

Image Credit: Carter Williamson Architects",4.4,"Amy Duong — April 11, 2025 — Art & Design
References: carterwilliamson",Art & Design,https://www.trendhunter.com/trends/la-cool
Large-Scale Culinary Destinations,"Spanish designer Jaime Hayon has created a new ceramics range dubbed the Danza collection for the Italian ceramics brand Bosa. The collaboration is defined by new patterns and bright hues, presented for Salone del Mobile 2025. Jaime Hayon speaks about the design, noting “With Danza, we wanted to capture the essence of a joyous masquerade ball. Each piece is a playful character, expressing its unique personality through color and form.”

It was important to create the characters from a whimsical angle, breaking down the structure in favor of personality and decoration. The Danza collection is comprised of the Joya table, the Fantasmiko, the Horamur, and the T-table. Throughout the ceramic vessels and accessories are details of Spanish and Indigenous emblems.

Image Credit: Jaime Hayon",8,"Amy Duong — April 11, 2025 — Art & Design
References: bosatrade",Art & Design,https://www.trendhunter.com/trends/danza-collection
Large-Scale Culinary Destinations,"Spanish designer Jaime Hayon has created a new ceramics range dubbed the Danza collection for the Italian ceramics brand Bosa. The collaboration is defined by new patterns and bright hues, presented for Salone del Mobile 2025. Jaime Hayon speaks about the design, noting “With Danza, we wanted to capture the essence of a joyous masquerade ball. Each piece is a playful character, expressing its unique personality through color and form.”

It was important to create the characters from a whimsical angle, breaking down the structure in favor of personality and decoration. The Danza collection is comprised of the Joya table, the Fantasmiko, the Horamur, and the T-table. Throughout the ceramic vessels and accessories are details of Spanish and Indigenous emblems.

Image Credit: Jaime Hayon",8,"Amy Duong — April 11, 2025 — Art & Design
References: bosatrade",Art & Design,https://www.trendhunter.com/trends/danza-collection
Wool Translucent Pendant Lamps,"Amsterdam-based design firm Piet Boon designs the LUNO lamp for Italian lighting brand FLOS Bespoke. Instead of following the same path as a traditional lamp, it has been entirely reimagined through an innovative two-part system. It redefines the interaction of how we see and experience light.

The design team created the LUNO lamp with inspiration drawn from architecture and movement. It is made to order as the two brands share a refined approach to 'form and function' as it is also rooted in a deep understanding of customization and craftsmanship. The team then created the LUNO lamp with a modern yet timeless feel. It has a suspended glass halo made from frosted glass, which emits a soft glow.

Image Credit: Piet Boon",8.9,"Amy Duong — April 11, 2025 — Lifestyle
References: pietboon",Lifestyle,https://www.trendhunter.com/trends/luno-lamp
Limited-Edition Tequila Releases,"Cadbury celebrates Easter with a large Creme Egg, measuring three feet in height and weighing about 45 kilograms. This is a super-size celebration of one of the most recognizable chocolate treats in Britain. The larger version also has a creamy filling inside.

This is a fondant filling, which is the same made in the original seasonal chocolate egg at a larger scale. It took over two and a half days to create the treat by hand by chocolatiers Terry Collins and Dawn Jenks. Although it looks like there is packaging and complete in the classic red, purple, and gold foil, the finish has actually been painted on by hand. This creation aligns with the company's annual Easter programming.

Image Credit: Cadbury World UK",5.5,"Amy Duong — April 11, 2025 — Lifestyle
References: tiktok",Lifestyle,https://www.trendhunter.com/trends/creme-egg-2
Serum Shampoo Releases,"Japan unveils a unique new construction project as the team at West Japan Railway Company, also known as JR West has built the Hatsushima Station. It is a fully functioning station that was built only in three hours located in Wakayama Prefecture. It was printed off-site using four prefabricated sections.

The new building replaces the wooden station that once stood for over 75 years. The team worked in collaboration with 3D-printing construction company Serendix to develop the project. It was also made using advanced additive manufacturing with reinforcement methods. The sections were made from reinforced mortar and then filled on the spot with rebar and concrete in order to meet the seismic safety standards in Japan.

Image Credit: JR West",7.8,"Amy Duong — April 11, 2025 — Art & Design
References: prtimes.jp",Art & Design,https://www.trendhunter.com/trends/hatsushima-station
Burger Joint Breakfast Menus,"Note Design Studio used a minimal palette of local materials when creating the Villa Ottsjö. It is a sleek home nestled in the mountainous village. This is the first full-scale architectural project for the Swedish design firm. The team took on the role of creating a home that naturally connects its clients with the outdoor environment, resulting in a row of structures similar to cabins in the sloped site.

The co-founder of Note Design Studio, Johannes Karlströmand, and interior architect Jesper Mellgren speak about the home, noting ""[It is] a house for an active and social life in the mountains. It is designed for that specific spot in that specific area. All these factors are used to inform the layout, material selection and the overall look of the house.""

Image Credit: Note Design Studio",6.9,"Amy Duong — April 11, 2025 — Art & Design
References: notedesignstudio.se",Art & Design,https://www.trendhunter.com/trends/villa-ottsj
All-in-One Portable Coffee Makers,"British designer Samuel Ross has just completed the Transposition Installation for The Balvenie, which is a whisky brand -- the two unveil the tranquil artwork during Milan Design Week. The installation is made up of three waterfalls made from copper-tonal scaffolding. These are nestled in what was once a foundry in the historic Isola district of the city. The three towers line up and progress in height.

Ross speaks more about the project, noting ""Really, what came to mind when it came to sketching and having conversations around the install was the focus on the founding well within Dufftown that helped establish The Balvenie. And the contrast of water being taken from quite an organic well and then running through a course of distillation, and the constant churning of water across that journey.""

Image Credit: Francesco Stelitano",6.4,"Amy Duong — April 11, 2025 — Art & Design
References: sr-a",Art & Design,https://www.trendhunter.com/trends/transposition-installtion
eSports-Grade Mobile Controllers,"Razer has officially launched its PC Remote Play service, a platform designed to stream PC games directly to mobile devices. This service supports both iOS and Android devices and is compatible with various controllers, including Razer's Kishi series. The platform allows users to access their entire PC game library, including titles from Steam, Epic Games Store, and PC Game Pass, without being restricted to fixed aspect ratios. By leveraging the AV1 video codec, the service enhances visual quality and reduces latency, ensuring a smooth gaming experience. Additionally, the system automatically optimizes resolution and refresh rates to match the capabilities of the connected mobile device.

The setup process for Razer PC Remote Play involves installing the Razer Nexus and PC Remote Play apps on the mobile device and enabling the service through the Razer Cortex software on the host PC. Users can then pair their devices using a Razer ID. The service also supports advanced features such as Sensa HD Haptics for immersive tactile feedback on compatible controllers. With its focus on portability and accessibility, Razer PC Remote Play aims to provide gamers with the flexibility to enjoy high-fidelity gaming experiences on the go. This launch follows a successful beta phase introduced at CES 2025, reflecting Razer's commitment to enhancing the gaming ecosystem.

Image Credit: Razer",8.6,"Colin Smith — April 11, 2025 — Tech
References: razer & engadget",Tech,https://www.trendhunter.com/trends/razer-pc-remote-play
Recovery-Oriented Sock Partnerships,"Recovery footwear is quickly becoming as essential to athletes as a reliable pair of running shoes, bridging the gap between performance and restoration.

Designed to reduce fatigue, support tired muscles, and promote overall foot health, these shoes are tailored for the moments after intense training or competition.

As athletes and everyone with a passion for movement prioritizes holistic wellness and injury prevention, recovery footwear is no longer an afterthought—it’s a vital part of living an active lifestyle. With advanced cushioning, ergonomic designs, and breathable materials, these shoes help optimize recovery, making them a must-have for anyone serious about performance and longevity in their sport. Alongside active recovery designs that resemble classic running shoes, like OOFOS' OOmy Zen, are slide-style silhouettes like the HOKA Ora Recovery Mule.",9.7,"Laura McQuarrie — April 11, 2025 — Fashion",Fashion,https://www.trendhunter.com/slideshow/recovery-footwear
Environmental Smart Packaging,"Products in AI-generated packaging are already hitting store shelves as brands invest in tools and technology to speed up the design process and stay ahead in a competitive market. Mattel’s Barbie Signature 2024 Holiday Doll, for example, features a box that began as an Adobe Firefly prompt. For designers, generative AI has the potential to speed up early iterations —that often require multiple rounds of feedback and review—and cut down the time it takes to go from idea to shelf.

Beyond efficiency, generative AI also has the potential to analyze consumer data to optimize designs for visual appeal, functionality, and emotional resonance with target audiences. This means packaging isn’t just faster to produce—it’s smarter, more personalized, and strategically crafted to stand out and drive engagement in a crowded retail landscape.",9.7,"Laura McQuarrie — April 11, 2025 — Tech",Tech,https://www.trendhunter.com/slideshow/ai-generated-packaging
Southern Cuisine Side Dishes,"Sauces are taking center stage in the latest dippable QSR bites as consumers look for easy, flavorful ways to elevate their go-to menu staples. From spicy, tangy, and sweet to globally inspired blends, bold sauces are becoming the star of the meal rather than just a side.

Today’s diners crave variety and customization, and sauces offer a simple yet exciting way to shake up familiar items like nuggets, fries, and sandwiches without straying too far from what they love. This shift reflects a growing demand for dynamic flavor experiences that are both approachable and crave-worthy.

Consumers’ passion for dipping and dunking prompted the creation of sauce-focused concept restaurants—like Saucy by KFC and Bar Tender by Wingstop—that put bold, flavorful condiments at the center of the dining experience.",7.2,"Laura McQuarrie — April 11, 2025 — Lifestyle",Lifestyle,https://www.trendhunter.com/slideshow/dippable-qsr
Minimal-Ingredient Pantry Staples,"Many health-conscious consumers are going back to basics by investing in simple, minimal-ingredient products that are naturally nourishing and not heavily processed. This shift is happening in response to the better-for-you space becoming cluttered with a barrage of claims—protein-rich, keto-friendly, vegan, gluten-free, low-carb—that, while well-intentioned, often leave people feeling overwhelmed and skeptical.

Rather than chasing the next big label, today’s shoppers are prioritizing transparency, clean formulations, and foods and beverages that deliver satisfying flavor and texture without additives. This growing rejection of ultra-processed foods reflects a desire for authenticity and a return to real, recognizable ingredients that feel both wholesome and trustworthy.

As part of a new limited-ingredient range, M&S dropped Only 1 Ingredient Corn Flakes. Similarly, The Real Cereal Company makes its Organic Rice Crisps with just organic brown rice.",9.4,"Laura McQuarrie — April 11, 2025 — Lifestyle",Lifestyle,https://www.trendhunter.com/slideshow/minimal-ingredient-products
Free-From Drizzled Granola Bars,"Consumers are turning to honey-sweetened products as they look for more natural ways to enjoy a hint of sweetness without artificial ingredients or refined sugars. Honey appeals to health-conscious shoppers thanks to its clean-label reputation, familiar taste, and all-around association with wellness. As demand grows for products that offer both flavor and functionality, brands are using honey to meet the desire for more transparent ingredient lists in everything from drinks to snack bars. Indulgent, naturally sweetened Ice Cream for Bears uses raw honey alongside refreshingly simple ingredients.

Although the sweetness of honey naturally pairs well with everything from peanut butter and fruit to coffee, the ingredient is also popping up in savory, spicy products like Lee Kum Kee’s Honey Sriracha Sauce and other “swicy” innovations fueled by the hot honey craze.",8,"Laura McQuarrie — April 11, 2025 — Lifestyle",Lifestyle,https://www.trendhunter.com/slideshow/honey-sweetened-products
Workout-Activated Skincare,"Nine Glow’s Pre-Workout Anti-Pollution Serum is an antioxidant-packed product formulated to “create a protective shield for your pores, defending against bacteria and pollutants.”

Living an active lifestyle is beneficial for boosting circulation and promoting a healthy glow, but sweat, irritation, heat, and exposure to bacteria can lead to breakouts or other skin issues. Nine Glow, the skincare brand designed for active individuals, knows that its customers need high-performance formulas that work as hard as they do.

This serum is best used daily and before working out to hydrate skin, replenish the moisture barrier, control shine, enhance firmness and enhance radiance with powerhouse ingredients like Vitamin C, niacinamide, and bakuchiol, plus extracts from fruits and plants.",8.3,"Laura McQuarrie — April 11, 2025 — Fashion
References: nineglowskin",Fashion,https://www.trendhunter.com/trends/pre-workout-anti-pollution-serum
Peptide-Rich Cream Moisturizers,"Prequel’s Half & Half Fluid Moisturizer is a lightweight liquid emulsion that supports oily and dry skin, diminishes the appearance of fine lines and wrinkles, and bolsters the skin barrier with powerhouse peptides and ceramide complexes.
Although everyone can benefit from deeply hydrated skin, not all consumers appreciate the heavy, thick feel of rich moisturizers. In response to rising preferences for lightweight formulas that absorb quickly and leave the skin feeling refreshed, brands are drawing inspiration from toners and lotions, creating liquid moisturizers that deliver intense hydration while maintaining a light, breathable texture.

Made with the most sensitive skin in mind, this multi-benefit formula—developed and tested by dermatologists—is fragrance-free, hypoallergenic, and safe for eczema-prone skin.",5.5,"Laura McQuarrie — April 11, 2025 — Fashion
References: prequelskin & instagram",Fashion,https://www.trendhunter.com/trends/fluid-moisturizer
Darkly Evocative Fragrances,"Detour is the newest eau de parfum joining NOYZ Fragrances’ genderless fragrances inspired by authentic stories and raw feelings—and it’s said to be one that “Smells like ditching the plan and doing it your way.”

This floral gourmand scent invites fragrance fans into a journey beginning with a vibrant burst of Spanish mandarin and apple blossom that gradually unfolds into a rich heart of jasmine, gardenia, and tiare blossom to evoke a lush, exotic garden. The carefree fragrance then meanders into a warm, sensual base of skin musk, Indian papyrus, and vanilla, guiding the wearer through a mesmerizing journey from fresh florals to deep, comforting warmth.

With Detour, master perfumer Jerome Epinette set out to replicate the freedom of driving, windows down, without a destination.",6.4,"Laura McQuarrie — April 11, 2025 — Fashion
References: noyz",Fashion,https://www.trendhunter.com/trends/detour-by-noyz-fragrances
Dewy Sunscreen Sticks,"Certain sun care products can be irritating to those with sensitive skin, due to their chemical ingredients, fragrances, or texture, leading Sundae to develop a Sensitive Whipped Sunscreen.

The brand’s SPF 50 sunscreen excludes fragrance and delivers comfortable protection with a low-allergen formula. The alcohol-free, sulfate-free, paraben-free sunscreen is suitable for face and body, and delivers shielding against broad-spectrum UVA/UVB without leaving a telltale white cast or greasy streaks. Unlike some sun care formulas that feel heavy on the skin, Sensitive Whipped SPF50 Sunscreen’s texture is lightweight, sensorial, and enjoyable to apply.

This sensitive-safe formula diversifies Sundae’s Whipped Sunscreen range, which includes a tropically scented option for those who can tolerate and enjoy fragrance.",7.2,"Laura McQuarrie — April 11, 2025 — Fashion
References: sundaebody & instagram",Fashion,https://www.trendhunter.com/trends/sensitive-whipped-sunscreen
Handcrafted Mexican Fragrances,"Le Monde Gourmand teamed up with Juan Renteria—also known as El Creativo—for its latest collaborative fragrance, the mysterious Copal de Terre.

This earthy amber scent opens with a rich, woodsy blend of blue cypress and the smoky, resinous aroma of pine tar essence, evoking the feeling of a deep forest retreat. As it settles, the warm heart of frankincense and golden copal unfolds, supported by a smooth base of Peru balsam and comforting Mexican vanilla bean, creating a grounding and luxurious experience that lingers.

As a multidisciplinary artist and floral designer, El Creativo’s expertise in weaving colors, textures, and elements seamlessly translates to perfumery, a craft that evokes emotion and tells stories. For Copal de Terre, El Creativo intended to create an experience akin to “being embraced by Mother Earth herself.”",5,"Laura McQuarrie — April 11, 2025 — Fashion
References: gourmandbeauty & instagram",Fashion,https://www.trendhunter.com/trends/copal-de-terre
Youth-Supporting Esports Opportunities,"The UK-based charity Ygam has launched an esports and gaming harm prevention programme aimed at safeguarding young people engaged in gaming and esports activities. This initiative is designed to educate and support not only young gamers but also parents, carers, and industry professionals. The programme addresses a range of topics, including microtransactions, advertising, and career opportunities in esports, with the goal of fostering a safer and more supportive environment. Following a successful pilot at the Sheffield United Community Foundation and Sheffield Hallam University, the programme has been well-received by both staff and participants. Ygam emphasizes the importance of equipping young people with the knowledge and tools to navigate gaming safely, aligning with its broader mission to prevent gaming and gambling-related harm.

The programme includes open sessions scheduled throughout April and May 2025, offering resources and training tailored to various stakeholders. It builds on Ygam's three-year strategy, introduced in 2023, to address the risks associated with gaming and gambling among children and young people. The charity reports that 96% of participants in its initiatives gain a better understanding of how to stay safe while gaming. This effort is part of a growing focus on safeguarding within the esports and gaming sectors, with other organizations, such as Fnatic and Guild Esports, also implementing similar policies. Ygam's approach highlights the evolving need for harm prevention strategies as gaming continues to play a central role in the digital lives of young people.

Image Credit: Ygam",3.9,"Colin Smith — April 11, 2025 — Lifestyle
References: ygam.org & esportsinsider",Lifestyle,https://www.trendhunter.com/trends/ygam
Premium Pickle Brines,"Inspired by pickle-tinis, Burdock Brewery crafted Lit Pickle Hard Seltzer, a daring and unforgettable fusion with all the simplicity of a minimal-ingredent cocktail. This ready-to-drink hard seltzer comes in at 5.5% ABV, offering a convenient way to enjoy a bold, briny beverage, or something punchy to add to a Caesar.

Lit Pickle Hard Seltzer is made with just three ingredients: real kosher dill pickle brine, vodka, and soda water—and no artificial flavoring. Flavor-wise, Burdock Brewery describes Lit Pickle as “salty, dilly, a little garlicy, very pickle-ee, and shockingly delicious.”

As unconventional as they may be, beverages like this are on the rise, with more drinkers seeking options that offer a unique alternative to traditionally sweet ones.",8.1,"Laura McQuarrie — April 11, 2025 — Lifestyle
References: burdockbrewery",Lifestyle,https://www.trendhunter.com/trends/lit-pickle-hard-seltzer
Transparency-Focused Supplement Brands,"While sleep training is often associated with babies and children, millions of adults struggling with poor-quality sleep can also benefit by changing their behaviors and improving sleep hygiene—which is why Westin Hotels & Resorts and goop launched Sleep Training for Grown-Ups.

This three-part video series from the global hospitality leader and Gwyneth Paltrow's modern lifestyle brand helps travelers enhance their sleep experience on the road and take helpful tips home. Sleep Training for Grown-Ups features Gwyneth Paltrow alongside sleep physician and research scientist Dr. Cheri D. Mah, MD, MS. In part one, the pair talks about how to manage a racing mind. The second episode delves into how and when food is eaten impacts sleep, and the final instalment talks about the importance of exercise.",4.5,"Laura McQuarrie — April 11, 2025 — World
References: goop & prnewswire",World,https://www.trendhunter.com/trends/sleep-training-for-grownups
Collaborative Gaming Peripheral Brands,"Corsair has unveiled the Call of Duty: Warzone Collection, a range of gaming peripherals and hardware developed in collaboration with Activision to celebrate the fifth anniversary of the popular battle royale title. The collection includes products from Corsair's associated brands, such as SCUF Gaming, Elgato, Drop, and Origin PC. Among the offerings are Warzone-themed controllers, keyboards, and gaming PCs designed to enhance player performance and provide a tailored gaming experience. Notable items include the Vengeance a7500 gaming PC, equipped with an AMD Ryzen 7 9800X3D processor and Radeon RX 9070 XT graphics card, and SCUF controllers featuring remappable paddles and adaptive triggers for improved gameplay precision.

The collaboration also marks the return of the Verdansk map in Warzone, aligning with the anniversary celebration. Corsair's COO, Thi La, emphasized the company's commitment to delivering high-performance products for dedicated Call of Duty fans. The collection aims to cater to various gaming needs, from casual play to competitive esports, with additional items and updates expected throughout 2025. This partnership continues Corsair's history of collaborations with gaming franchises, further solidifying its position as a leading provider of gaming peripherals and hardware.

Image Credit: Corsair",9.4,"Colin Smith — April 11, 2025 — Tech
References: youtube & esportsinsider",Tech,https://www.trendhunter.com/trends/corsair-call-of-duty-warzone
Fruity Nutrient-Rich Holiday Snacks,"That's it. Organic Fruit Crunchables are the latest clean label snack product from the fruit snack brand that's crafted with a crispy, crunchy texture in the spotlight. The product is crafted with. just one to two ingredients with 100% real whole fruit with no added sugars, juices, purees, concentrates, artificial flavors, colors or dyes in the mix. The snack comes in Apple + Strawberry Crisps and Apple + Cinnamon Crisps favors that are suited for kids aged two and up.

President Katie Eshuys spoke on the That's it. Organic Fruit Crunchables saying, ""Today’s modern parents are looking for clean, simple ingredients they can trust. We’re proud to launch Organic Fruit Crunchables in partnership with Walmart, who shares our commitment to making better choices more accessible for families everywhere. Together, we set out to create something that meets those needs without compromising on taste, convenience, or nutrition.”

Image Credit: That's it.",4.5,"Michael Hemsworth — April 11, 2025 — Lifestyle
References: thatsitfruit & snackandbakery",Lifestyle,https://www.trendhunter.com/trends/organic-fruit-crunchables
Hot Sauce Chicken Dips,"Jack in the Box Nashville Hot is being launched by the QSR brand as an option for diners to order that will instantly elevate the flavor and heat of their meal. The seasoning comes in the form of a sweet and spicy (AKA swicy) blend of flavors, which can be ordered on the returning Popcorn Chicken and Mozzarella Sticks menu items. The Popcorn Chicken comes in Small Box, Big Box and Mega Box options that can be enjoyed on their own or with fries and a drink to make it a meal, while the Mozzarella Sticks come in four and six-piece servings.

Jack in the Box Nashville Hot seasoning responds to the popularity of swicy flavors as well as Southern cuisine, but will only be on offer for a short time through June 2, 2025.",7.2,"Michael Hemsworth — April 11, 2025 — Lifestyle
References: jackinthebox & brandeating",Lifestyle,https://www.trendhunter.com/trends/jack-in-the-box-nashville-hot
Spicy Ranch Sauces,"The Off The Hook Pepper Jelly Sauce has been announced by the restaurant brand as a new condiment arriving just in time for Shrimp Season to help diners enjoy a burst of sweet, spicy flavor with their seafood. The sauce is crafted with Tabasco hot sauce in the recipe to give it a sweet and spicy (AKA swicy) flavor profile that will pair perfectly with the brand's shrimp. The sauce comes in two options including the Pepper Jelly Hook Salad and the Pepper Jelly Shrimp Wrap, which will be on offer through June 2, 2025 at participating locations.

CEO Paxton Moreaux spoke on the Off The Hook Pepper Jelly Sauce saying, ""We’re proud to work with another beloved Louisiana brand to bring something truly unique to our guests. Partnering with Tabasco allows us to highlight the kind of flavor our guests love — bold, balanced and rooted in the Bayou. These limited-time items have all the makings of a local favorite.”",5.5,"Michael Hemsworth — April 11, 2025 — Lifestyle
References: othook & restaurantmagazine",Lifestyle,https://www.trendhunter.com/trends/pepper-jelly-sauce
At-Home Coffee Pod Makers,"The KavaGo K1 all-in-one coffee maker is a high-performance solution for avid java drinkers in need of a better way to enjoy their favorite brews when at the office, camping and beyond. The unit has a three-in-one design that's compatible for use with large or small coffee capsules or your choice of ground coffee. The unit can be used in hot and cold brew modes, while the 7,500mAh battery within is rated to be suited for up to six hot brews or 50 cold brews per charge.

The KavaGo K1 all-in-one coffee maker is rated to achieve 20 bars of pressure to pull flavorful espresso shots every time. The unit also features a self-cleaning functionality that only needs to be filled with water and activated to perform.",7.8,"Michael Hemsworth — April 11, 2025 — Art & Design
References: indiegogo & gadgetify",Art & Design,https://www.trendhunter.com/trends/kavago-k1
Low-Energy Colorful Electronic Paper,"The Samsung E-Paper EMDX series has been expanded by the brand with the Color E-Paper EM32DX that boasts a 32-inch panel, impressive resolution and more. The unit leverages the brand's E-Paper display inside a thin, lightweight chassis and also features a 4,700mAh battery that can be recharged via a USB-C connection. The unit is reported by Samsung to deliver up to 200 days of use per charge when displaying static color images to make it great for in-store marketing.

The Color E-Paper EM32DX within the Samsung E-Paper EMDX series is equipped with WiFi, Bluetooth and USB-C connectivity options to allow for seamless data transfers. The unit can also be managed via a dedicated app to help administrators take more control over its performance.",3.9,"Michael Hemsworth — April 11, 2025 — Tech
References: news.samsung & pocket-lint",Tech,https://www.trendhunter.com/trends/samsung-epaper-emdx
Nutty Nostalgic Baked Goods,"Little Debbie Nutty Buddy Cakes are the latest creation from the brand that's crafted as a new take on a classic treat to satisfy craving for a sweet treat this spring. The product is inspired by the original Nutty Buddy wafers, but sees their flavor and profile used as the inspiration for miniature snack cakes. The cakes are each crafted with a soft, pillow yellow sponge cake that's filled with a peanut butter frosting along with a thin layer of chocolate on the exterior.

Product Manager Erica Cunningham commented on the Little Debbie Nutty Buddy Cakes saying, ""Shoppers are looking for new ways to enjoy their go-to flavor combinations. Big Pack Nutty Buddy Cakes deliver just that—a soft, cake-style snack with all the peanut butter and chocolate flavor fans expect from the Nutty Buddy name.”

Image Credit: Allrecipes / Little Debbie",10,"Michael Hemsworth — April 11, 2025 — Lifestyle
References: littledebbie & allrecipes",Lifestyle,https://www.trendhunter.com/trends/nutty-buddy-cakes
Show-Inspired Free-to-Play Mobile Games,"The 'Thronglets' game has been launched by Netflix to coincide with the release of Black Mirror season seven as a pastime that's inspired by a fictitious game from the series. The game is free for Netflix subscribers to access and consists of small yellow characters that need to be cared for to help them replicate. The carefree game, however, has more complexity than it lets on with characters that are sentient and will communicate directly with players.

The 'Thronglets' game comes as part of the streaming service's refreshed gaming department and its redirection towards pastimes that are narrative-driven or even focused on party styles. The game is available for Android and iOS users to download now.,

Image Credit: Netflix",6.1,"Michael Hemsworth — April 11, 2025 — Tech
References: netflix & ca.news.yahoo",Tech,https://www.trendhunter.com/trends/thronglets-game
Blended Fruity Oat Snacks,"A high percentage of consumers in the US aren't getting enough fruit, vegetables or fiber in their diet, which is something the Kencko Organic Fruit Snaps have been developed to help with. The snack product is characterized by its simplistic recipe that features four to five ingredients with no artificial flavors, colors or refined sugars in the mix. The vegan-friendly snack has 2.5 cups of fruit in each one-ounce packet with six to eight-grams of fiber to give it a nutritious profile.

The Kencko Organic Fruit Snaps come in Strawberry, Mango, Pineapple and Raspberry flavors, and have a crunchy texture that will mimic traditional snack products on the market. This will make them more palatable amongst consumers who aren't a fan of healthier snack varieties. The product is arriving both online and in-store at Walmart starting April 15.

Image Credit: Kencko",6.7,"Michael Hemsworth — April 11, 2025 — Lifestyle
References: kencko & snackandbakery",Lifestyle,https://www.trendhunter.com/trends/organic-fruit-snaps
Mixologist-Made Hydration Powders,"Cadence x RAW Nutrition have introduced a limited-edition flavor of their ready-to-drink hydration beverage: ‘Core 500 Watermelon Mojito’. This collaboration unites Cadence’s science-backed approach to hydration with RAW Nutrition’s reputation for premium, performance-driven supplements. Designed to enhance both mental and physical performance, the beverage features ""a precise blend of electrolytes: 500mg of sodium, 190mg of potassium, and 30mg of magnesium.""

Each mineral plays a vital role—sodium aids in ""maintaining fluid balance, potassium supports nerve and muscle function, and magnesium promotes cellular hydration."" Central to Cadence’s formulation philosophy is the use of salt as a foundational ingredient, delivering efficient, mineral-rich hydration for everyday needs and athletic performance alike.

With its refreshing flavor profile and evidence-based composition, ‘Core 500 Watermelon Mojito’ reflects a shared mission by both brands to elevate functional hydration while offering a bold, enjoyable option for health-conscious consumers.

Image Credit: Cadence x RAW Nutrition",8.3,"Debra John — April 11, 2025 — Lifestyle
References: instagram & us.usecadence",Lifestyle,https://www.trendhunter.com/trends/cadence-x-raw-nutrition
French Riviera-Inspired Designer Activations,"Celine's Zhangyuan pop-up is transforming Shanghai into a sun-drenched escape inspired by the charm of the French Riviera. Through May 11, the immersive five-week installation occupies a beautifully restored historic building in Zhangyuan and radiates Saint-Tropez spirit -- right down to the Triomphe-adorned fountain and Mediterranean garden.

This pop-up offers a multi-sensory escape: think lavender honey ice cream, breezy alfresco lounges with Provence-inspired snacks, and a screening room playing iconic 1960s Riviera films. Upstairs, themed rooms -- Dream, Travel, Feel, and Breeze -- guide guests through the Celine summer collection, which includes raffia totes, triangle-shaped bags with pétanque balls, and lifestyle pieces echoing warm-weather sophistication.

With global ambassador Liu Shishi and other celebrities making appearances, this pop-up is a cultural moment. Celine proves once again that fashion is an experience.

Image Credit: Celine",9.2,"Georgia Wray Norsten — April 11, 2025 — Marketing
References: wwd",Marketing,https://www.trendhunter.com/trends/celines-zhangyuan-popup
Stigma-Breaking Motherhood Billboards,"Marc Jacobs’ latest Mother’s Day campaign features model, influencer, and mother Nara Smith, reflecting a strategic and resonant choice for modern audiences.

By selecting a prominent figure who embodies both style and real-life motherhood, the brand connects its gift offerings with authentic, lived experiences. Smith’s dual role as an influencer and a parent allows the campaign to speak directly to contemporary consumers who value both aspiration and relatability in their gifting choices.

Her presence lends credibility and emotional depth to the campaign, capturing meaningful moments shared with her daughter while highlighting versatile pieces such as the 'Quilted Dual' handbag and sentimental accessories like the 'Daisy Earrings' and 'Daisy Balloon Necklace'. In doing so, Marc Jacobs reinforces the message that thoughtful, stylish gifts can be both fashionable and deeply personal. Overall, the campaign effectively bridges lifestyle storytelling with brand values, offering a nuanced celebration of motherhood.

Image Credit: Marc Jacobs",5,"Debra John — April 11, 2025 — Marketing
References: instagram & marcjacobs",Marketing,https://www.trendhunter.com/trends/nara-smith
eSports-Grade Mobile Controllers,"Enjoying an immersive gameplay experience from anywhere is within reach with the Viture x 8BitDo Ultimate Mobile Controller that promises to help gamers transition into a next-gen interface. The mobile gaming controller works by having the user's smartphone mounted into the unit, which will offer access to a series of pro-grade controls on either side as well as on the rear. The right-hand side of the controller unit is paired with a USB-C port that offers support for the connecting the Virtue XR glasses to help gamers enjoy access to virtual displays up to 135-inches in size.

The Viture x 8BitDo Ultimate Mobile Controller is optimized for a variety of platforms including NVIDIA GeForce Now, Xbox Game Pass and Amazon Luna with additional support for streaming console and PC games.",9.2,"Michael Hemsworth — April 11, 2025 — Tech
References: 8bitdo & yankodesign",Tech,https://www.trendhunter.com/trends/viture-x-8bitdo-ultimate-mobile-controller
Braided Premium Footwear,"The exclusive Tory Burch capsule dropped at Nordstrom as part of the retailer’s buzzworthy “Make Room for Shoes” campaign. Designed to take you from sun-soaked beaches to bustling city streets, this limited-edition collection delivers nine versatile styles in fresh fabrics and colors, exclusive to Nordstrom.

Highlights include the standout 'Kira Platform Sport Sandal' with raffia detailing and utilitarian straps, plus breezy must-haves like the 'Fray Stripe Espadrille Flat,' 'Miller Knotted Pavé Sandal,' and 'Ines Slide.' Each pair is crafted to blend fashion-forward flair with everyday comfort, perfect for vacation days or elevated errands.

Available through May 4 at select Nordstrom locations and online, this capsule is the latest in a series of monthly drops spotlighting top footwear brands.

Image Credit: Nordstrom",6.9,"Georgia Wray Norsten — April 11, 2025 — Business
References: footwearnews",Business,https://www.trendhunter.com/trends/exclusive-tory-burch-capsule
Contemporary Sports Brands,"Under Armour has introduced the 'Women’s Courtside Collection,' a new line that aims to merge functional sportswear with current fashion sensibilities. Designed to support a versatile lifestyle, the collection highlights pieces intended to transition from athletic environments to everyday settings, reflecting a balance of movement, comfort, and individual style.

With price points ranging from $90 to $245, the collection includes a range of garments such as ""wide-leg sportswear pants, cropped tees, and lightweight track jackets."" Each item incorporates elements of Under Armour’s performance-focused design while aligning with fashion trends seen in streetwear and casual dressing.

Key pieces include the 'Cropped Hoodie,' offering a streamlined update on a classic silhouette, the 'Dazzle Pant,' inspired by retro basketball warm-ups, and the 'Satin Pant,' which introduces a sleeker texture for a more polished look. The collection is positioned to appeal to those seeking adaptable apparel that blends utility with modern design.

Image Credit: Under Armour",8.3,"Debra John — April 11, 2025 — Fashion
References: instagram & underarmour",Fashion,https://www.trendhunter.com/trends/womens-courtside-collection
Festive Hotel Experiences,"The Guerlain Wellness Spa is set to redefine the spa experience with its largest and most luxurious location yet, opening this summer inside the newly restored Waldorf Astoria, New York. The 30,000-square-foot sanctuary blends Art Deco elegance with advanced wellness innovation, occupying an entire floor of the iconic hotel.

Designed as an immersive urban escape, Guerlain Wellness offers 16 treatment rooms, three boutique spaces, and a curated menu of experiences inspired by the hotel’s storied past. Treatments like The Spirit of Achievement and Rhythm of Wellness pay homage to the Waldorf’s rich cultural heritage while introducing new sensorial journeys.

Beyond traditional facials and massages, guests can engage in bespoke longevity programs lasting three to six months, targeting sleep, fitness, and mindfulness. Fast-track one-hour treatments and a unique bedtime ritual will cater to those seeking balance amid a busy lifestyle.

Image Credit: Guerlain",4.7,"Georgia Wray Norsten — April 11, 2025 — World
References: wwd",World,https://www.trendhunter.com/trends/guerlain-wellness
Entry-Level eBike Models,"The DAB 1aX electric scrambler has been showcased by DAB Motors at Milan Design Week 2025 as an industrial transportation solution that puts an ultra-modern silhouette and style in the spotlight. The electric bike is rated to handle the demands of the urban environment, while also being able to take to off-road environments thanks to the Pirelli Scorpion Rally STR tires. The bike has a raised carbon fender crafted out of upcycled Airbus material and is paired with an adjustable suspension to easily handle a wide range of terrain.

The DAB 1aX electric scrambler is built by hand in France and features a 72V recyclable battery rated to deliver up to 100-miles of range on pavement with recharging taking about 3.5-hours.",8.9,"Michael Hemsworth — April 11, 2025 — Eco
References: dabmotors & blessthisstuff",Eco,https://www.trendhunter.com/trends/electric-scrambler
High-Power Five-Blade Robot Mowers,"Manscaped The Lawn Mower 5.0 Ultra is a powerful grooming tool created by the brand with skin comfort and safety in mind to reinforce peace of mind when being used over the entire body. The tool is equipped with a dual-head system and SkinSafe blades that can be swapped out, which will keep it fresh between uses and also cutting as cleanly as possible. The tool also boasts a dual LED spotlight to offer additional illumination when using the trimmer on hard-to-reach areas of the body.

Manscaped The Lawn Mower 5.0 Ultra is priced at around $100 and can be purchased alongside the Peak Hygiene Plan, which will provide a blade refill and another product of your choosing for $20 every three months.",5.3,"Michael Hemsworth — April 10, 2025 — Tech
References: manscaped & hiconsumption",Tech,https://www.trendhunter.com/trends/the-lawn-mower-50-ultra
Black Lacquer Dial Timepieces,"The Luminox Navy SEAL 4230 Series timepiece is a militant accessory engineered with a stealth, all-black profile that gives it a stylish aesthetic that will work in a variety of scenarios. The watch is crafted with a 316L stances steel case that gives it a touch more heft than the brand's traditional CARBONOX carbon composite case used on previous versions. The watch measures in at 45mm in diameter and comes with a matching black rubber strap as well as a Velcro strap with a black-on-black finish.

The Luminox Navy SEAL 4230 Series timepiece is powered by the RONDA 715 LI quartz movement for dependability and paired with Luminox Light Technology (LLT). This technology is rated to last up to 25 years without fading out.

Image Credit: Luminox",4.4,"Michael Hemsworth — April 10, 2025 — Fashion
References: luminox & hiconsumption",Fashion,https://www.trendhunter.com/trends/luminox-navy-seal-4230-series
Research-Centric Hydrogen Motorcycles,"The Ducati Panigale V4 Lamborghini motorcycle celebrates the two Italian brands through an ultra-sporty, stylish bike that avid fans alike are sure to ogle. The bike comes as the third entry into the ongoing collaboration between the brands and draws inspiration from Lamborghini's Revuelto hybrid supercar, but with a decidedly minimalist profile. The bike is engineered with exposed carbon fiber with accents in a variety of colors including Verde Scandal, Grigio Telesto and Grigio Acheso to help further increase the visual impact that it makes.

The Ducati Panigale V4 Lamborghini motorcycle features a 1,103cc Desmosedici Stradale V4 engine that's rated to pump out up to 218.5-horsepower. The bike weighs in at 408-pounds to make it the lightest version within the Panigale family and is slated to be limited to just 63 examples.

Image Credit: Ducati",10,"Michael Hemsworth — April 10, 2025 — Autos
References: ducati & hiconsumption",Autos,https://www.trendhunter.com/trends/ducati-panigale-v4-lamborghini
Cinematic Travel Campaigns,"Visit Dubai debuts ‘Find Your Story’, a cinematic campaign film starring Millie Bobby Brown and Jake Bongiovi, designed to highlight the city’s expansive cultural and experiential landscape. Written and co-directed by Academy Award-winner Armando Bo, the film reflects Dubai’s vision as a destination where personal stories and adventures are shaped by its dynamic offerings.

Set against the backdrop of iconic landmarks—including Dubai International Airport (DXB), Burj Khalifa, Al Seef, Museum of the Future, and the Al Qudra desert—the narrative follows Brown and Bongiovi as they uncover a mysterious movie script. This unexpected find propels them into an imaginative journey across the city, seamlessly blending Dubai’s rich heritage with its cutting-edge modernity.

The story culminates in a dramatic cliffhanger, leaving audiences inspired to craft their own memorable experiences, and discover how their personal Dubai story might unfold.

Image Credit: Visit Dubai",5,"Debra John — April 10, 2025 — Pop Culture
References: instagram & visitdubai",Pop Culture,https://www.trendhunter.com/trends/find-your-story
AI Video Cloning,"Iris, developed by Spot AI, is described as the world's first universal AI agent builder for security cameras. This tool enables businesses to create customized video AI agents through a conversational interface, eliminating the need for technical expertise. Iris builds upon Spot AI's previous launch of out-of-the-box Video AI Agents for safety, security, and operations, offering greater flexibility for industry-specific challenges. Users can train Iris using reinforcement techniques, providing examples of desired and undesired detections, and configure it to trigger real-world responses such as shutting down equipment, locking doors, or generating alerts. This approach significantly reduces the time required to develop specialized video detection systems, making advanced AI capabilities accessible to a broader range of organizations.

Designed for industries such as manufacturing, logistics, retail, construction, and healthcare, Iris leverages security cameras and custom video AI models to monitor physical spaces, reason about events, and take actions in real time. The system supports various use cases, including detecting safety hazards, operational inefficiencies, and security threats. For example, Iris can identify missing safety gear, monitor shelf stock levels, or detect fluid leaks in manufacturing settings. Spot AI emphasizes that Iris transforms video data into actionable insights through natural language interaction, streamlining processes and enhancing productivity across departments. This innovation aligns with Spot AI's broader mission to make video data more accessible and impactful in physical environments.

Image Credit: Spot AI",8.6,"Colin Smith — April 10, 2025 — Tech
References: spot.ai & artificialintelligence-news",Tech,https://www.trendhunter.com/trends/spot-ai-iris
Potent Retinoid Formulas,"The Proactiv Redness Correcting Treatment is a new solution from the skincare brand that's formulated with a variety of consumer concerns in mind to help cover, but also correct them. The product is targeted towards use on blemishes, redness and irritation, and features a light green tint in the formulation that will combat the appearance of redness on the skin for a more balanced profile. The treatment is formulated with 1.5% salicylic acid, cica and bisabolol, which work together. to help exfoliate dead skin cells away and prevent clogged pores.

The Proactiv Redness Correcting Treatment is priced at $2 and can be purchased directly from the brand as well as from Ulta Beauty. The product is positioned as a great option for hiding the appearance of unwanted blemishes, while also helping to eliminate them for a dual-purpose effect.",6.9,"Michael Hemsworth — April 10, 2025 — Fashion
References: proactiv & drugstorenews",Fashion,https://www.trendhunter.com/trends/proactiv-redness-correcting-treatment
Inflammaging Serums,"'Pain Punch' is shaking up the wellness scene with a clean, physician-formulated solution that’s as effective as it is easy to enjoy. This fast-acting liquid Natural Health Product (NHP) tackles the growing concern of 'inflammaging' -- that silent, low-grade inflammation linked to premature aging and chronic conditions—with a powerful, daily one-two combo.

At the core of Pain Punch is a potent blend of algae-based Omega-3 (from Algal Oil) and turmeric, ingredients renowned for their anti-inflammatory properties. Together, they deliver pain relief while supporting a healthier aging process -- all in a refreshing orange-vanilla flavor that makes turmeric shots feel like a thing of the past.

Formulated by Dr. Andrew Hyman and approved by Health Canada, each Pain Punch tetrapack contains two doses, perfect for on-the-go wellness. It’s gluten-free, vegetarian, and ocean-friendly. Available in a 4-pack at PainPunch.com or Amazon.ca.

Image Credit: Pain Punch",5.2,"Georgia Wray Norsten — April 10, 2025 — Lifestyle
References: painpunch",Lifestyle,https://www.trendhunter.com/trends/pain-punch
Inflammaging Serums,"'Pain Punch' is shaking up the wellness scene with a clean, physician-formulated solution that’s as effective as it is easy to enjoy. This fast-acting liquid Natural Health Product (NHP) tackles the growing concern of 'inflammaging' -- that silent, low-grade inflammation linked to premature aging and chronic conditions—with a powerful, daily one-two combo.

At the core of Pain Punch is a potent blend of algae-based Omega-3 (from Algal Oil) and turmeric, ingredients renowned for their anti-inflammatory properties. Together, they deliver pain relief while supporting a healthier aging process -- all in a refreshing orange-vanilla flavor that makes turmeric shots feel like a thing of the past.

Formulated by Dr. Andrew Hyman and approved by Health Canada, each Pain Punch tetrapack contains two doses, perfect for on-the-go wellness. It’s gluten-free, vegetarian, and ocean-friendly. Available in a 4-pack at PainPunch.com or Amazon.ca.

Image Credit: Pain Punch",5.2,"Georgia Wray Norsten — April 10, 2025 — Lifestyle
References: painpunch",Lifestyle,https://www.trendhunter.com/trends/pain-punch
Enhanced Suspension Electric Bikes,"The Dirt Freak GE-N3 electric bike has been engineered as a high-performance bicycle that's focused on adaptability to work well within a wide range of scenarios. The bike is engineered to handle the demands of off-road riding as well as urban commuting to work well for a wide range of riders, while the battery pack is rated to deliver up to 62-miles of range per charge. The bike is rated to be recharged in about three to four-hours when connected to a 100V outlet to eliminate the requirement for dedicated charging stations.

The Dirt Freak GE-N3 electric bike weighs in at 127-pounds to give it an agile profile and will offer three riding modes to choose from to work well for commuters or off-road explorers alike.

Image Credit: Dirt Freak",6.6,"Michael Hemsworth — April 10, 2025 — Eco
References: yotsubakids.jp & newatlas",Eco,https://www.trendhunter.com/trends/dirt-freak-gen3
Portable Wall Projectors,"The M1 Max from ViewSonic is a portable smart LED projector designed to deliver a versatile and immersive entertainment experience. It features Full HD 1080p resolution and utilizes ViewSonic's Cinema SuperColor+ technology to provide vivid and true-to-life colors. The projector is equipped with a 360-degree 3-in-1 stand, which serves multiple purposes, including lens protection, power activation, and flexible projection angles. With a brightness of 500 LED lumens, the M1 Max is best suited for dimly lit environments and can project images up to 100 inches in size. It also includes automatic keystone correction and Time-of-Flight autofocus for quick and precise image alignment.

The M1 Max integrates Google TV, offering access to popular streaming platforms such as Netflix, Disney+, and YouTube without the need for additional devices. It is powered by a built-in battery that supports up to two hours of playback, with the option to extend usage through USB-C power bank compatibility. The projector also features Harman Kardon speakers for enhanced audio quality and supports various connectivity options, including HDMI, USB-A, USB-C, Bluetooth, and Wi-Fi. Weighing less than one kilogram, the M1 Max is designed for portability, making it suitable for both indoor and outdoor use. This compact device aims to combine functionality and convenience for modern entertainment needs.

Image Credit: ViewSonic",8.1,"Colin Smith — April 10, 2025 — Tech
References: viewsonic & newatlas",Tech,https://www.trendhunter.com/trends/viewsonic-m1-max
Visual Timing Devices,"The 'Busy Bar' display has been developed by Flipper Devices as a solution for professionals who work in an office that will help them to keep distractions at bay by communicating in a nonverbal way. The unit features a pixelated display that can be positioned onto a computer monitor or simply placed on a desktop where it can clearly indicate when the person is unavailable. The unit also features a timer function that will let others know when the person will be available in the near-future.

The 'Busy Bar' display also features a customizable, app-connected functionality that will enable users to fine-tune how it operates to help maximize their productivity during time spent in the office.

Image Credit: Flipper Devices",7.6,"Michael Hemsworth — April 10, 2025 — Tech
References: busy.bar & theverge",Tech,https://www.trendhunter.com/trends/busy-bar
Consumer-Inspired Baking Products,"The Pillsbury Minecraft Cookies have been announced by General Mills as a new version of the namesake brand's signature precut cookies that celebrate the cubic video game in a decidedly delicious way. The product consist of sugar cookie dough formed into 20 servings that are ready to be tossed in the oven, but are also safe to eat raw. The cookie dough is imprinted with the Minecraft Creeper likeness to give the treat a decidedly playful profile that fans alike will immediately recognize.

The Pillsbury Minecraft Cookies are packaged in the classic box-style packaging, which has been paired with an interactive Minecraft Mob Maze on the rear to make the product a great activity option for families.

Image Credit: General Mills",8.3,"Michael Hemsworth — April 10, 2025 — Lifestyle
References: generalmills & snackandbakery",Lifestyle,https://www.trendhunter.com/trends/pillsbury-minecraft-cookies
Dual-Chamber Compact PC Cases,"The Arx 500 Core, developed by Endorfy, is a PC chassis designed with a focus on airflow and compatibility for high-performance builds. It supports ATX, microATX, and mini-ITX motherboards, offering flexibility for various configurations. The case accommodates up to seven fans, including two pre-installed Stratus 140 PWM fans, which ensure efficient cooling and quiet operation. Additionally, the chassis supports radiators up to 360 mm in length and air coolers up to 179 mm in height, making it suitable for demanding components. The perforated front and top panels enhance ventilation while also serving as dust filters, which are easily removable for maintenance.

The Arx 500 Core features a tempered glass side panel, providing a clear view of the internal components, and a cable management system to optimize airflow and aesthetics. The I/O panel, located at the top front, includes two USB-A 3.2 Gen 1 ports, a USB-C 3.2 Gen 2 port, and two 3.5 mm audio jacks for convenient access. The spacious interior accommodates graphics cards up to 350 mm and power supplies up to 300 mm, along with seven expansion slots for additional customization. This chassis is positioned as a versatile and functional option for both gaming and professional setups, combining efficient cooling with modern design elements.

Image Credit: Endofry",4.2,"Colin Smith — April 10, 2025 — Tech
References: endorfy & kitguru.net",Tech,https://www.trendhunter.com/trends/arx-500-core
Nigerian Esports Ecosystem Expansions,"The first upcoming esports event for Magic Chess: Go Go is the Magic Chess: Go Go Indonesia Community Tournament, scheduled to take place from March 7th to 16th, 2025. This event will invite 512 players to compete for a prize pool of $5100 (~£4000). The tournament marks the game's official launch in the Asia-Pacific (APAC) region, following its soft launch in Malaysia and Singapore in November 2024. The event aims to provide a competitive platform for players to showcase their skills and strategies in this new multiplayer auto battler title.

Magic Chess: Go Go, developed by MOONTON Games, is a standalone game inspired by the popular Magic Chess game mode from Mobile Legends: Bang Bang. The game merges the mechanics of auto battler games with the rich lore and art of Mobile Legends, allowing players to strategically combine the strengths of different heroes to create the ultimate team. The APAC Grand Launch has already garnered significant attention, with over 15 million pre-registrations, highlighting the game's popularity and potential for competitive play.

Image Credit: Moonton, Vizta Games",7.7,"Colin Smith — February 21, 2025 — Business
References: play.google & esportsinsider",Business,https://www.trendhunter.com/trends/magic-chess-go-go
Epic Mech Battle Games,"Mechabellum, developed by Game River and published by Dreamhaven, is a competitive auto-battler inspired by classic real-time strategy games. Players command customizable mech armies in battles against opponents worldwide, employing strategic decision-making to outmaneuver adversaries. The game features various units, each with distinct abilities, allowing players to tailor their armies to suit different tactical approaches. Mechabellum offers multiple gameplay modes, including 1v1 duels, 2v2 team battles, and free-for-all matches, emphasizing adaptability and strategic depth.

Dreamhaven's partnership with Game River marks a new chapter for Mechabellum, with plans for an updated content roadmap in 2025. The game is available in Standard and Premium Editions, with the latter offering exclusive skins, avatars, and emoticons. To celebrate the relaunch, a free-play weekend is scheduled from April 4 to April 8, 2025, providing players an opportunity to experience the game's mechanics. This collaboration aims to enhance Mechabellum's presence in the gaming community while supporting its continued development and refinement.

Image Credit: Dreamhaven",6.3,"Colin Smith — March 27, 2025 — Tech
References: store.steampowered & venturebeat",Tech,https://www.trendhunter.com/trends/mechabellum
Tournament Partnership Renewals,"Riot Games, the video game developer behind the popular online competitive games 'League of Legends,' 'Valorant,' and 'Teamfight Tactics (TFT),' announced that it will officially be partnering with 'GGTech Entertainment' on its latest TFT competitive series. The TFT competitive series will be based on the current 'Remix Rumble' TFT format, and will take place in North America.

The Remix Rumble NA Regional Finals, the North American competitive set, will take place from February 23rd to 25th, 2024. It will start with 24 players with 8 players eliminated per day until three players remain and qualify for the Remix Rumble Championship. The final date and details for the championship series have yet to be set. However, it is expected to be the largest TFT-related event to date, given the recent increase in popularity for the title.

Image Credit: GGTech Entertainment, Riot Games",2.5,"Colin Smith — December 21, 2023 — Tech
References: twitter & esportsinsider",Tech,https://www.trendhunter.com/trends/remix-rumble
Viral Criminal Merchandise,"StickerYou's 'Legitimate You' is the bold new campaign from custom printing platform StickerYou that’s flipping the script on what professional branding looks like -- and who gets to have it. This week, New Yorkers were stunned to see crates of slick, branded Gambino merchandise popping up outside known mafia hangouts. But no, the mob isn’t rebranding -- it was all a brilliant marketing stunt by StickerYou.

The campaign uses humor and edge to spotlight how StickerYou's high-quality, customizable stickers, labels, and transfers can instantly polish any business image, even one as infamous as the mafia. With its affordable, pro-level branding tools, StickerYou makes it easy for entrepreneurs, creators, and even “family-run operations” to look buttoned-up.

If a notorious name like the Gambinos can look legit with StickerYou’s help, imagine what it can do for your business. The Legitimate You campaign reminds us that perception matters -- and with the right decals, any brand can look like a million bucks (without actually spending it).

Image Credit: StickerYou",7.1,"Georgia Wray Norsten — April 10, 2025 — Marketing
References: instagram & create.stickeryou",Marketing,https://www.trendhunter.com/trends/legitimate-you
Chat-Based Virtual AI Teammates,"NRG, a North American esports organization, has introduced Volt, an AI-powered chatbot developed in collaboration with Theta Labs. Volt utilizes Theta EdgeCloud technology, which is based on decentralized cloud infrastructure and native blockchain systems. The chatbot is designed to enhance fan engagement by providing real-time match data, player performance tracking, and strategy discussions. Additionally, Volt offers insights into team schedules, standings, and circuit points across various competitions. It also includes interactive features such as quizzes about NRG's history and exclusive access to giveaways, community events, and merchandise promotions.

Volt is integrated into NRG's Discord and website, covering all of the organization's esports rosters, including VALORANT, League of Legends, Rocket League, Counter-Strike, PUBG Mobile, and Apex Legends. The chatbot aims to launch in the second quarter of 2025, with plans for additional features and platform integrations in the future. NRG's Director of Business Development, Hauk Nelson, emphasized the organization's commitment to innovative fan experiences, highlighting Volt as a step forward in community engagement. This development follows similar initiatives by other esports organizations, such as FlyQuest and Evil Geniuses, which have also partnered with Theta Labs to create AI-powered chatbots.

Image Credit: NRG",9.3,"Colin Smith — April 10, 2025 — Tech
References: nrg.gg & esportsinsider",Tech,https://www.trendhunter.com/trends/nrg-volt
Soft-Colored Disney Apparel,"ALDO x Disney present the 'Princess & Villain Collection,' a limited-edition capsule that merges classic fairytale aesthetics with contemporary design. Inspired by Disney’s well-known princesses and villains, the collection features statement footwear, handbags, and accessories that reflect both elegance and boldness.

With 19 carefully crafted designs, the collection includes a Cinderella-inspired mule in bridal white and signature blue, paired with a clear clutch. Ariel’s influence appears in sleek white heels and a metallic multi-tone clutch, while Ursula’s design is represented through jet-black heels accented with a black-and-gold necklace.

Styles inspired by Aurora and Maleficent highlight contrasting tones, and Stepsisters’-inspired pink heels offer a vibrant option. Additionally, customizable sneakers with interchangeable charms provide a modern, personalized touch. Each footwear piece incorporates ALDO’s 'Pillow Walk' technology, combining comfort with distinctive styling.

Image Credit: ALDO x Disney",8.8,"Debra John — April 10, 2025 — Fashion
References: instagram & aldoshoes",Fashion,https://www.trendhunter.com/trends/aldo-x-disney
Health-Focused Pet Lines,"The Honest Kitchen debuts its largest campaign to date, ‘Feed Them the Best. Whether They Deserve It or Not.’ This campaign celebrates the delightful messes that pets often create—muddy paw prints, torn pillows, and all—while reaffirming that, even when pets are misbehaving, they are still deserving of the highest-quality, human-grade food.

Marking a significant milestone in the brand’s history, this campaign reflects The Honest Kitchen's continued expansion, including its recent launch in PetSmart stores across the U.S. and Canada.

To further engage pet owners, The Honest Kitchen is hosting a giveaway, inviting pet parents to share their pets' most mischievous moments. Winners will receive a year’s supply of The Honest Kitchen food along with a luxury pet bed and mattress bundle, in partnership with Naturepedic.

Image Credit: The Honest Kitchen",9,"Debra John — April 10, 2025 — Marketing
References: instagram & thehonestkitchen",Marketing,https://www.trendhunter.com/trends/the-honest-kitchen-debuts
Seasonally Inspired Snack Cookies,"The Jammie Dodgers Really Fruity Minis are a deliciously cute snack product created by Fox's Burton's Companies as a treat that's perfect for consumers to try out that will satisfy increased demand for portioned dessert options. The product consists of miniature Jammie Dodger biscuits in a strawberry flavor that combines both biscuit and jam together for a sweet, convenient treat. The product comes in pouches with six snack packs in each that come in at 86-calories each to allow for easy portioning for kids and adults alike.

The Jammie Dodgers Really Fruity Minis are priced at £1.25 and are available at select retailers now with additional retailers receiving stock soon. The product is a great option for consumers to keep on hand for when treat cravings hit, as a lunchbox addition and more.",6.5,"Michael Hemsworth — April 10, 2025 — Lifestyle
References: burtonsbiscuits & grocerytrader",Lifestyle,https://www.trendhunter.com/trends/jammie-dodgers-really-fruity-minis
Back-To-School Beauty Kits,"EQQUALBERRY x The Glow House have partnered to sponsor an immersive, week-long creator camp, which will take place from April 10–17 in Beverly Hills.

As a Korean skincare brand that celebrates diversity and individuality in beauty, EQQUALBERRY is joining forces with The Glow House to bring together 14 influential female creators and over 300 invited TikTok creators. This initiative aims to foster collaborative content creation, offer in-depth product experiences, and facilitate intimate brand networking. Moreover, the focus is on self-expression, inclusive beauty, and authentic storytelling—values that are shared by both brands.

Throughout the event, participants will have the opportunity to engage in hands-on product experiences and attend brand workshops. Additionally, the camp is sponsored by medicube, Sel:ph, and Frillance. With a strong emphasis on Gen Z creators, this event seeks to encourage community-driven content creation while strengthening connections between influencers and brands.

Image Credit: EQQUALBERRY x The Glow House",9.8,"Debra John — April 10, 2025 — Fashion
References: instagram & eqqualberryglobal",Fashion,https://www.trendhunter.com/trends/the-glow-house
Targeted Two-in-One Shampoos,"Dove Men+Care’s New Body Wash formula raises the bar on men’s grooming, delivering a superior cleanse that meets the real needs of modern skin. Responding directly to consumer demand, the refreshed formula now features a powerful, skin-friendly upgrade: it’s completely sulfate-free. That means a gentler clean that prevents dryness and irritation while preserving the skin’s natural moisture barrier.

Dove has also doubled the moisture droplets in this formula, infusing each wash with skin-strengthening ingredients that actively work with your body’s natural processes. And with a new 33% larger pack size, you’ll enjoy more of what your skin loves without running out mid-week.

Whether it’s your first step of the day or the reset after a workout, this new body wash makes every shower feel like purposeful self-care.

Dove Men+Care’s upgraded body wash is now available nationwide.

Image Credit: Dove Men+Care",6.3,"Georgia Wray Norsten — April 10, 2025 — Lifestyle
References: dove",Lifestyle,https://www.trendhunter.com/trends/dove-mencares-new-formula
Versatile Jarred Pesto Sauces,"The Pasta Evangelists Spicy Jalapeño Pesto is a new pasta dish from the brand crafted with heat in mind to work well for consumers who don't shy away from spicy flavor in the fare. The pasta features the herbaceous flavor of pesto as the base, which is infused with jalapeño peppers to give it a kick of spiciness that will balance out well with the additional ingredients. The sauce is reported to work well with a variety of pastas varieties including rigatoni, tagliatelle, fusilli and more.

Co-Founder and Chief Marketing Officer Finn Lagun spoke on the Pasta Evangelists Spicy Jalapeño Pesto saying, ""Chilli is the new salt and pepper; you’d be surprised at how many customers choose to add it as an extra ingredient to their pasta! It’s also no secret that we love pesto as a nation. Our new Spicy Jalapeño Pesto adds a fiery twist to one of our best-selling sauces, so you never have to be torn between your beloved go-to pesto and a “hotter” alternative ever again.”",4.6,"Michael Hemsworth — April 10, 2025 — Lifestyle
References: pastaevangelists & retailtimes",Lifestyle,https://www.trendhunter.com/trends/spicy-jalapeo-pesto
Stitched Accent Collaborative Sneakers,"The Bandit x ASICS capsule for Spring/Summer 2025 is rewriting the rules of performance-meets-design. At the heart of the drop is the debut of the ASICS x 'Bandit NovaBlast 5' -- an energy-charged running shoe that delivers responsive bounce through FF BLAST™ MAX cushioning and a striking blend of sheer textures and sculptural lines. Inspired by Japanese-American artist Isamu Noguchi, the design layers urban grit with soft geometry, highlighted by translucent appliqués and an abstract, red gradient eclipse motif.

Accompanying the shoe is an eight-piece apparel and accessory capsule, available in a sleek palette of white, black, and Petal Red. Highlights include tech-forward performance bras, compression shorts, laser-cut singlets, and 7-pocket half tights -- all built with breathable fabrics and clean construction. Accessories like ribbed socks and a low-profile nylon hat complete the look.

Exclusively available to Bandit Members on April 3 and everyone else starting April 4, the collection is available online and in select Bandit locations.

Image Credit: Bandit x ASICS",9.5,"Georgia Wray Norsten — April 10, 2025 — Lifestyle
References: banditrunning",Lifestyle,https://www.trendhunter.com/trends/bandit-x-asics-capsule
Summer-Ready Outdoor Furniture Series,"IKEA revealed its most extensive 'STOCKHOLM' collection yet at Milan Design Week 2025, marking the 40th anniversary of the iconic line. The new collection features 96 pieces that blend Scandinavian craftsmanship with sustainable, high-quality materials. Designed by ""Swedish creatives Paulin Machado, Nike Karlsson, and Ola Wihlborg, the collection includes solid wood, linen, leather, and rattan, with standout pieces such as statement sofas, handwoven rugs, and mouth-blown glass vases.""

In addition to the collection, visitors will have the opportunity to engage with insights from the IKEA Life at Home Report, which highlights the importance of enjoyment in home life. To further explore this theme, architect Midori and designer Emerzon have created interactive spaces, including ‘Eat,’ ‘Play,’ and ‘Greenery.’

Furthermore, the exhibit ‘Do Something. Change Everything.’ will showcase IKEA's sustainability efforts and initiatives. Throughout the week, daily workshops, evening events, and a Swedish-inspired menu will enrich the experience. Finally, the gift shop will feature exclusive items from the STOCKHOLM 2025 collection.

Image Credit: STOCKHOLM, Ikea",8.4,"Debra John — April 10, 2025 — Eco
References: ikea & ikea",Eco,https://www.trendhunter.com/trends/ikea-revealed
Luxury Statement Frames,"The Frances Valentine x Caddis Eyewear collaboration is rewriting the rulebook on classic readers. Just in time for the debut of Frances Valentine co-founder Elyce Arons’ memoir 'We Might Just Make It After All,' this exclusive drop transforms Caddis’ best-selling Miklos Reader into a fashion-forward statement piece that celebrates confidence and joyful personal style.

Designed with a vibrant blue hue and the empowering mantra 'Unapologetically Optimistic' across the top, these limited-edition readers blend fashion with function for a refreshingly modern take on aging. Available in lens strengths from 0 to 3.5, they’re perfect for anyone looking to see clearly -- and express themselves loudly.

Available only on FrancesValentine.com and in Frances Valentine stores. Built for readers, thinkers, and trendsetters, these glasses are a wearable attitude.

Image Credit: Frances Valentine x Caddis Eyewear",8.8,"Georgia Wray Norsten — April 10, 2025 — Fashion
References: francesvalentine",Fashion,https://www.trendhunter.com/trends/frances-valentine-x-caddis-eyewear
Summery Sugar-Free Energy Drinks,"The Lucozade Alert Mango Peachade Zero Sugar Anthony Joshua Edition is a specially branded version of the brand's energy drink that's approved by the boxer as the perfect way to make it through moments of fatigue. The drink comes in 250ml and 500ml size options that each feature the boxer front and center, while the formulation is high in caffeine along with vitamin B3. The energy drink doesn't hold back on flavor to make it a great option for consumers in need of a pick-me-up before or after a workout, during the workday and beyond.

Joshua himself spoke on the Lucozade Alert Mango Peachade Zero Sugar Anthony Joshua Edition saying, ""Partnering with Lucozade on this incredible new drink was a no-brainer for me. Staying sharp and energized is at the heart of everything I do and now with my very own Lucozade Alert flavour hitting the shelves, I get to share that drive with everyone. This isn’t just any drink – it has a fantastic taste, zero sugar and is sure to help give you that boost when you need it most.",8.9,"Michael Hemsworth — April 10, 2025 — Lifestyle
References: lucozade & talkingretail",Lifestyle,https://www.trendhunter.com/trends/lucozade-alert-mango-peachade-zero-sugar
Summery Sugar-Free Energy Drinks,"The Lucozade Alert Mango Peachade Zero Sugar Anthony Joshua Edition is a specially branded version of the brand's energy drink that's approved by the boxer as the perfect way to make it through moments of fatigue. The drink comes in 250ml and 500ml size options that each feature the boxer front and center, while the formulation is high in caffeine along with vitamin B3. The energy drink doesn't hold back on flavor to make it a great option for consumers in need of a pick-me-up before or after a workout, during the workday and beyond.

Joshua himself spoke on the Lucozade Alert Mango Peachade Zero Sugar Anthony Joshua Edition saying, ""Partnering with Lucozade on this incredible new drink was a no-brainer for me. Staying sharp and energized is at the heart of everything I do and now with my very own Lucozade Alert flavour hitting the shelves, I get to share that drive with everyone. This isn’t just any drink – it has a fantastic taste, zero sugar and is sure to help give you that boost when you need it most.",8.9,"Michael Hemsworth — April 10, 2025 — Lifestyle
References: lucozade & talkingretail",Lifestyle,https://www.trendhunter.com/trends/lucozade-alert-mango-peachade-zero-sugar
Collaboration Scottish Soda Cocktails,"The Funkin Apple Sour Martini canned cocktail is the brand's latest addition to its drinks range that's crafted with taste and mouthfeel in mind to work well for avid cocktail enthusiasts alike. The drink comes in 200ml cans with a 5% ABV and boasts the flavor of fresh apple in the mix, which is enhanced with nitrogen to give it a smooth, velvety mouthfeel in every sip. The drink is arriving at the perfect time to coincide with the impending arrival of warmer weather and caters to the brand's Gen Z fanbase who are partial to bold flavors.

Head of Brand Ashley Birch-Ruffell spoke on the Funkin Apple Sour Martini canned cocktail saying, ""Funkin is always creating new trend-flavours that lead the way and tap into the taste of today’s drinkers. Consumers are looking for bold, innovative flavours – and that’s exactly what our new Apple Sour Martini delivers.""

Image Credit: Funkin",5.1,"Michael Hemsworth — April 10, 2025 — Lifestyle
References: funkincocktails & scottishgrocer",Lifestyle,https://www.trendhunter.com/trends/apple-sour-martini
Luxe Culinary Experiences,"Waterworks Food Hall is the result of eight years of research, drawing inspiration from renowned food halls in cities like London, New York, and Copenhagen.

As a celebration of Toronto’s diverse food scene, it brings together over 15 carefully selected culinary artisans, each offering a range of unique dishes—from ""Japanese ramen and Pakistani stuffed naans to flame-seared sushi, tacos, burgers, BBQ, and more."" In doing so, it showcases both heritage flavors and local specialties, providing a true reflection of the city’s vibrant culinary landscape.

Located in Toronto's historic King West district, Waterworks serves not only as a food hall but also as an event space, rich in heritage and history. The building’s architectural elements have been thoughtfully preserved, adding character and distinction that blend seamlessly with its modern design. Furthermore, an art installation suspended above the dining area features works from thirteen Canadian artists, further enhancing the space’s cultural ambiance. With its wide variety of dishes, specialty coffees, cocktails, and craft beers, Waterworks is a dynamic gathering place and a landmark destination in the heart of the city.

Image Credit: Waterworks Food Hall",6.9,"Debra John — April 10, 2025 — Art & Design
References: waterworksfoodhall & waterworksfoodhall",Art & Design,https://www.trendhunter.com/trends/waterworks-food-hall
Double-Patty Steakhouse Sandwiches,"The Habit Burger & Grill Desert Drip Char Meal has been created by the brand with the Coachella music festival in mind as a way for partygoers to stay fueled the weekend of partying.

The meal comes with a beef burger topped with pepper jack cheese, bacon, caramelized onions and a spicy aioli alongside Tempura Green Beans on the side with a Hibiscus Agua Fresca to drink. Music fans will be able to pick up the meal from the brand's food trucks across all three weekends of the festival. The meal is also being offered for a limited time only from April 11 to 20, 2025 for consumers to pick up at four select locations in the Coachella Valley.

Chief Marketing Officer Jack Hinchliffe spoke on the Habit Burger & Grill Desert Drip Char Meal saying, ""This is our boldest festival moment yet. We’re turning up the heat with fresh flavors and big energy that keep the night going long after the headliners leave the stage.”

Image Credit: Habit Burger & Grill",5.7,"Michael Hemsworth — April 10, 2025 — Lifestyle
References: habitburger & qsrmagazine",Lifestyle,https://www.trendhunter.com/trends/desert-drip-char-meal
3D Cloud-Based Design Tools,"Woman-founded interior design startup Mondän is making quality design more accessible to homeowners with the launch of a first-of-its-kind VR-powered, design-on-demand service. With millions of homeowners priced out of professional services and turning to DIY platforms like Pinterest and Houzz for inspiration, Mondän offers a middle ground that meets the need for fast, affordable design solutions.

Mondän sets itself apart by delivering complete, professionally designed rooms that can be explored in 360-degree views. With a design package, customers get a curated, shoppable product list tailored to the dimensions of their real-world space, style preferences, and budget.

With this intuitive platform, style seekers can access professional, practical, and personal guidance without steep price tags. Mondän also offers flexible Seasonal Edits so that special touches like decor and accessories can be refreshed without replacing major furniture pieces.",6.5,"Laura McQuarrie — April 10, 2025 — Art & Design
References: mondan.co & prnewswire",Art & Design,https://www.trendhunter.com/trends/mondan
Tween-Oriented Content Series,"Inspired by the creativity of Gen Z, blinger—the world's first and only patented styling tool that effortlessly and instantly adds gems to hair—launched the Gem Z Collection.

The blinger Gem Z Starter Set pairs a pastel-colored styling tool with 75 precision-cut glass crystals to add sparkle to hair for concerts, nights out, or everyday self-expression. blinger's patented styling tool works without heat, harmful glues, or electricity, and the crystals stay in place thanks to a proprietary adhesive on the underside. As such, removing them is as easy as brushing them out.

The blinger Gem Z Starter Set with blinger Styling Tool + 75 Precision-Cut Glass Crystals can be purchased in three colors: Twinkle Blue, Sea Lavender, or Pale Pink.",5.7,"Laura McQuarrie — April 10, 2025 — Fashion
References: blinger & prnewswire",Fashion,https://www.trendhunter.com/trends/gem-z-collection
Chocolate Mint Cookie Shakes,"These new Wendy's desserts are headed to the brand's participating locations as a series of sweet, textural frozen treat options that build on the popularity of the Frosty. The treats come in the form of the Frosty Swirls and the Frosty Fusions, which are arriving this April and May, respectively. The Frosty Swirls consist of the original Frosty paired with sweet sauce in three options including Strawberry, Caramel and Brownie Batter. The Frosty Fusions, on the other hand, feature the Frosty mixed with textural treats in three options including Pop-Tarts, Oreo and Caramel Crunch.

Chief Marketing Officer Lindsay Radkoski commented on the new Frosty Swirls and Frosty Fusions Wendy's desserts saying, ""We know consumers are always on the lookout for new flavors and ways to customize their order with sauces and mix-ins. We can't wait for everyone to experience even more ways to enjoy our iconic Frosty!""",8.6,"Michael Hemsworth — April 10, 2025 — Lifestyle
References: irwendys & qsrmagazine",Lifestyle,https://www.trendhunter.com/trends/wendys-desserts
Asian-Fusion Dining Experiences,"Café Boulud, the French brasserie by Chef Daniel Boulud, offers a seasonally-changing menu that highlights French culinary traditions in the heart of Toronto. This dynamic menu blends classic brasserie favorites with modern interpretations inspired by Chef Boulud’s family meals in Lyon, providing a contemporary take on timeless dishes.

Central to the dining experience is a gleaming rotisserie, used to slow roast signature dishes like chicken à la broche and whole duck. The restaurant operates daily for breakfast, with lunch and dinner services from Monday through Saturday, and brunch available on the weekends. Additionally, a number of seats are reserved for walk-in guests each evening, accommodating spontaneous visits.

The restaurant’s interior, designed by London-based designer Martin Brudnizki, evokes a classic-era aesthetic as the space includes ""a comfortable lounge, wraparound banquettes, a dining bar counter, and a semi-private room that accommodates up to 10 guests."" For those seeking a more casual experience, d|bar, located on the ground floor, offers an array of classic and creative cocktails, along with a menu of small plates and complete meals.

Image Credit: Café Boulud",5.9,"Debra John — April 10, 2025 — World
References: instagram & cafeboulud",World,https://www.trendhunter.com/trends/seasonallychanging-menu
Traditional Indonesian Tempeh Ranges,"The Tiba Tempeh Smoky Block is the latest creation from the UK-based brand that's crafted with smoky flavor in the spotlight to work well for a wide range of recipes. The product features the brand's signature tempeh recipe that has been infused with a smoky marinade to give it a deeper, richer flavor profile that works well in stir-fries, sandwiches, pastas and more. The product comes in 220-gram packs, which is arriving on Ocado starting April 18 before heading to Sainsbury's and Waitrose later this month.

Co-Founder Alexandra Longton spoke on the Tiba Tempeh Smoky Block saying, ""We’re so excited to launch our new Smoky Tempeh as a natural extension to our best-selling Original Block. We’ve crafted the tastiest protein-packed tempeh, which we know consumers will love. We think this is the tastiest tempeh on the market, and we can’t wait for people to try it.”

Image Credit: Tiba Tempeh",7.2,"Michael Hemsworth — April 10, 2025 — Lifestyle
References: tibatempeh & vegconomist",Lifestyle,https://www.trendhunter.com/trends/tiba-tempeh-smoky-block
Pet-Pleasing Frozen Treats,"Langham’s Cuisine Doggy Ice Cream is available in two pet-approved flavors, Pea & Vanilla and Carrot & Apple, both made with real fruit and vegetables. The 100% plant-based frozen treats for dogs are a sweet, cooling snack for pups to enjoy as temperatures rise this spring and summer. This pet-safe version of a beloved treat for people avoids certain ingredients commonly found in human ice cream, such as sweeteners and dairy.

Pet food and treats are becoming increasingly human-like as pet owners seek treats for their dogs that mimic their favorite snacks in format, flavor and texture. Doggy Ice Cream is now back at Aldi following popular demand. When it was first launched, 30 tubs flew off shelves every minute.",8.5,"Laura McQuarrie — April 10, 2025 — Lifestyle
References: aldipresscentre",Lifestyle,https://www.trendhunter.com/trends/doggy-ice-cream
Family-Friendly Ready Meal Ranges,"Young’s Breaded Fish with Flavour range is a new lineup of frozen fish products crafted with premium flavor in the spotlight to help reinvigorate the category. The products consists of extra-large fish fillets that have been breaded and covered in ample seasoning to give them just the right level of crunch and flavor in every bite. The products come in two varieties including Garlic & Herb and Paprika & Pepper, which both come with two fillets in each box and are arriving now at Iceland in the UK for £4 with additional retailers receiving stock later this month.

Interim Marketing Controller Matthew Wilson commented on the Young’s Breaded Fish with Flavour range saying, ""Breaded fish has long been a staple in the seafood aisle, but it’s been missing the excitement of bolder flavours. We’ve seen great success innovating in battered fish, so we wanted to bring that same perspective to the breaded category. These flavours did exceptionally well in consumer testing, and we’re confident they’ll bring fresh energy to the category while helping retailers attract new shoppers.""",8.1,"Michael Hemsworth — April 10, 2025 — Lifestyle
References: youngsseafood & foodbev",Lifestyle,https://www.trendhunter.com/trends/youngs-breaded-fish-with-flavour
Three-Way Collaborative Retro Sneakers,"Reebok and Tokyo-based fashion label White Mountaineering present the second installment of their collaborative partnership with the release of the 'Reebok x White Mountaineering Classic Leather' sneakers. This exclusive launch merges Reebok’s longstanding heritage in performance footwear with White Mountaineering’s distinctive emphasis on outdoor functionality and modern design aesthetics.

The Classic Leather model in this collaboration has been reimagined to highlight both form and utility. Key design features include ""a White Mountaineering-inspired upper, a custom tongue label, tonal laces, a bespoke footbed, and a soft terry lining."" Each pair is delivered in a specially designed box, reinforcing the refined and premium character of the collaboration.

Crafted to meet the demands of both urban and outdoor environments, this release exemplifies a blend of technical sensibility and contemporary styling. Moreover, it serves as a refined footwear option for those who appreciate elevated design rooted in functionality.

Image Credit: Reebok x White Mountaineering",9,"Debra John — April 10, 2025 — Fashion
References: instagram & reebok",Fashion,https://www.trendhunter.com/trends/reebok-x-white-mountaineering
Affordable Nourishing Lip Serums,"This Gen Z beauty innovation round-up showcases youthful skincare formulations with vibrant packaging that captivates attention and an affordable price tag — from Evereden’s 'Main Character,' 'Darling,' and 'Supernova' scents to Daise's mood-matching fragrances.

Canadian beauty brand Bubble Skincare stands out in the Gen Z beauty innovation list with its refreshing Spring collection. Packaged in modern containers with playful branding, the company's Fresh Start Gel Cleanser and Soft Launch Hydrating Cream Cleanser cater to individuals seeking affordable, lightweight, effective, and gentle application experiences. Bubble Skincare's key chain lip balms, on the other hand, deliver customizable on-the-go convenience. Burt's Bees also ensures nourished lips with its portable and powerful Shea + Hyaluronic Acid Plumping Lip Serum.

Elsewhere in the Gen Z beauty innovation round-up, Faeves captures attention with its whimsical cat-shaped LED acne patch, which is designed to actively reduce blemishes and prevent acne.",10,"Kalin Ned — April 10, 2025 — Life-Stages",Life-Stages,https://www.trendhunter.com/slideshow/gen-z-beauty-innovation
Dental Instrument-Inspired Pens,"Montegrappa has partnered with Warner Bros. Discovery to create a limited edition writing instrument that celebrates the Flash's 85th anniversary. The collaboration effectively merges high-end Italian craftsmanship with iconic superhero aesthetics.

The Flash-inspired pens showcase meticulous design elements that reference the Scarlet Speedster's attributes. The level of attention to detail is truly mesmerizing. The crimson resin barrels of the writing instruments feature golden enamel fissures that mimic the superhero's speed force energy trails. The sterling silver hardware, on the other hand, features precise engravings of signature costume details like the ring and boot motifs.

Montegrappa's homage to The Flash includes a fountain pen, which boasts luxe 18K gold nibs, and rollerball variants. Each writing instrument is limited to 330 pieces, referencing Mach 3.3 speed. The Montegrappa x Warner Bros. Discovery collaboration is sure to appeal to collectors.

Image Credit: Montegrappa x Warner Bros. Discovery",7.6,"Kalin Ned — April 10, 2025 — Art & Design
References: licenseglobal",Art & Design,https://www.trendhunter.com/trends/the-flash
Dental Instrument-Inspired Pens,"Montegrappa has partnered with Warner Bros. Discovery to create a limited edition writing instrument that celebrates the Flash's 85th anniversary. The collaboration effectively merges high-end Italian craftsmanship with iconic superhero aesthetics.

The Flash-inspired pens showcase meticulous design elements that reference the Scarlet Speedster's attributes. The level of attention to detail is truly mesmerizing. The crimson resin barrels of the writing instruments feature golden enamel fissures that mimic the superhero's speed force energy trails. The sterling silver hardware, on the other hand, features precise engravings of signature costume details like the ring and boot motifs.

Montegrappa's homage to The Flash includes a fountain pen, which boasts luxe 18K gold nibs, and rollerball variants. Each writing instrument is limited to 330 pieces, referencing Mach 3.3 speed. The Montegrappa x Warner Bros. Discovery collaboration is sure to appeal to collectors.

Image Credit: Montegrappa x Warner Bros. Discovery",7.6,"Kalin Ned — April 10, 2025 — Art & Design
References: licenseglobal",Art & Design,https://www.trendhunter.com/trends/the-flash
Hydrating Peptide Lip Oils,"The Shea + Hyaluronic Acid Plumping Lip Serum by Burt's Bees combines cosmetic enhancement with skincare benefits in a natural and affordable formulation. The product delivers a semi-sheer color on the lip with a high-shine finish. The brand incorporates hydrating actives like hyaluronic acid for moisture retention and menthol for a mild plumping effect. Shea butter and mango extracts are also integrated into the formulation for additional conditioning to soften lips.

The Shea + Hyaluronic Acid Plumping Lip Serum distinguishes itself through a lightweight, non-sticky texture that avoids the tackiness common to many plumping glosses. As part of Burt's Bees' clean beauty positioning, the multi-functional formula excludes parabens, phthalates, petrolatum, and SLS. The brand's decade-long commitment to supporting women-led shea communities also adds an ethical dimension to the purchase.

Image Credit: Burt's Bees",8.7,"Kalin Ned — April 10, 2025 — Eco
References: amazon",Eco,https://www.trendhunter.com/trends/plumping-lip-serum
Ergonomic Urbanite Bike Helmets,"The Woolf Smart Folding Helmet has generated remarkable early success on Kickstarter, surpassing its funding goal within three hours and tripling its target within days. This demonstrates strong market interest in its innovative approach to rider safety and convenience.

The Woolf Smart Folding Helmet combines three key advancements — extreme portability through a collapsible design that reduces to just over three inches, advanced impact protection via Energy Reduction Technology developed with safety specialists, and integrated smart features including motion-activated turn signals and crash detection alerts.

The helmet's technical specifications suggest meaningful improvements over conventional options. The designers claim that the folding helmet's polymer-based ERT system addresses both rotational and linear forces during impacts, while the hands-free signaling system could enhance urban cycling safety by eliminating the need for manual gestures.

Image Credit: Woolf Helmets",5,"Kalin Ned — April 10, 2025 — Autos
References: streetinsider",Autos,https://www.trendhunter.com/trends/folding-helmets
AI-Powered Document Uploaders,"Trackxi's new AI-powered features aim to significantly streamline real estate transaction management for professionals. The platform's new capabilities include automated transaction creation through PDF agreement processing and an intelligent assistant that provides instant answers to transaction-related queries. By extracting key details from uploaded sale agreements, the system claims to reduce manual data entry time by 75% while minimizing errors. This is a notable efficiency gain in an industry where paperwork and deadlines are constant challenges.

Trackxi's new AI-powered features could prove valuable for various stakeholders in real estate transactions. Independent agents and small teams may benefit from the reduced administrative burden, while larger brokerages could leverage the automation to standardize processes across multiple transactions while maintaining data accuracy.

Image Credit: Trackxi",7.8,"Kalin Ned — April 10, 2025 — Tech
References: trackxi & accessnewswire",Tech,https://www.trendhunter.com/trends/aipowered-features
Next-Gen Console Customizations,"SUPCASE, MUMBA, and i-Blason have jointly introduced a comprehensive range of Nintendo Switch 2 accessories. The new products for the upcoming gaming console offer protection, charging, and portability. Those prioritizing device safety can choose from varying levels of protection — from heavy-duty shells to minimalist covers

The new range of Nintendo Switch 2 accessories includes rugged cases like SUPCASE’s Unicorn Beetle PRO with military-grade durability, MUMBA’s ergonomic Blade and Clear cases with docking compatibility, and i-Blason’s slim Matrix Case for lightweight protection. Complementing these are specialized charging solutions such as SUPCASE’s Bolt Charger with RGB lighting and multi-device capacity, MUMBA’s Joy-Con Charger with real-time status indicators, and i-Blason’s compact Power Pulse Charger. The lineup also features carrying cases in multiple sizes, screen protectors, and even a Drive Grip Steering Wheel for enhanced gameplay.

Image Credit: SUPCASE, MUMBA, and i-Blason",5.5,"Kalin Ned — April 10, 2025 — Tech
References: accessnewswire",Tech,https://www.trendhunter.com/trends/nintendo-switch-2-accessories1
Cultural Shopping Experiences,"Chow Tai Fook Jewellery Group has marked the first anniversary of its brand transformation with significant achievements across product innovation, retail modernization, and strategic collaborations. The rebranding initiative has yielded tangible results for the brand. For example, its CTF Rouge Collection has generated over HK$2.4 billion in retail sales value while the newly introduced CTF Joie Collection continues the brand's tradition of translating Chinese cultural symbols into contemporary jewelry designs.

Physicl retail spaces for Chow Tai Fook Jewellery Group, on the other hand, have been reimagined through immersive stores in key markets like Hong Kong and Shnanghai. According to the brand, the interactive elements in its retail location have demonstrably increased foot traffic and market share.

Chow Tai Fook Jewellery Group has also demonstrated market responsiveness through its pioneering CTF PET Jewellry line, which capitalizes on China's growing pet economy.

Image Credit: Chow Tai Fook Jewellery Group",8.4,"Kalin Ned — April 10, 2025 — Marketing
References: accessnewswire",Marketing,https://www.trendhunter.com/trends/chow-tai-fook
Feline Disease-Focused Partnerships,"As a newly established non-profit organization, Helen’s Pink Sky Foundation is dedicated to advancing research and providing support for individuals and families affected by Batten disease, a rare and devastating neurodegenerative disorder. The charitable organization was founded in response to three-year-old Helen Born’s diagnosis with Late Infantile Batten Disease (CLN2).

Batten Disease causes progressive neurological deterioration, including vision loss, seizures, and cognitive decline. It currently has no cure, though existing therapies can modestly slow its progression. Helen’s Pink Sky Foundation seeks to accelerate the development of innovative treatments, including gene therapy and enzyme replacement approaches, while also offering resources to families affected by the neurodegenerative disorder. By funding scientific research and fostering community support networks, the organization aims to improve both the quality of life and the long-term outcomes for patients.

Image Credit: Helen’s Pink Sky Foundation",7.7,"Kalin Ned — April 10, 2025 — Social Good
References: hope4helen.org & finance.yahoo",Social Good,https://www.trendhunter.com/trends/batten-disease
Plant-Focused LED Lighting Systems,"BusGates is addressing school bus safety concerns through a new pilot program that provides complimentary LED stop arm extensions to school districts during National Distracted Driving Awareness Month. The innovative extensions physically project five feet from the bus side, creating both a visual and physical barrier to deter motorists from illegally passing stopped buses.

This school bus safety initiative responds to alarming data revealing over 43.5 million illegal bus passings annually, as reported by transportation authorities. The illuminated extensions serve as a proactive alternative to after-the-fact camera enforcement systems. Another key benefit of the LED stop arm extensions is that they are relatively cost-effective to implement. For the month of April, BusGates is shipping one patented stop arm extension to participating schools at no cost.

Image Credit: BusGates",6.9,"Kalin Ned — April 10, 2025 — Autos
References: globenewswire",Autos,https://www.trendhunter.com/trends/school-bus-safety
Tropically Flavored Hydration Solutions,"High Carb Fuel by Tailwind Nutrition is presented as a specialized sports drink mix engineered to meet the demanding energy requirements of endurance athletes during high-intensity activities. The formulation is supported by sports science to enhance energy absorption while reducing digestive discomfort.

High Carb Fuel delivers 90 grams of carbohydrates per serving in an optimized 2:1 glucose-to-fructose ratio. It is enhanced with 660mg of sodium and 90mg of potassium. This enables the sports drink mix to serve as a fuel source and an electrolyte replenishment system. In doing so, the formulation addresses two critical needs for competitive cyclists, runners, and triathletes.

Tailwind Nutrition developed High Carb Fuel through collaboration with elite athletes and extensive field testing. The product is available in Ginger Lime and Lemonade variants.

Image Credit: Tailwind Nutrition",4.4,"Kalin Ned — April 10, 2025 — Lifestyle
References: globenewswire",Lifestyle,https://www.trendhunter.com/trends/high-carb-fuel
Rural Irish Pub Campaigns,"Heineken has introduced an innovative 'Starring Bars' program designed to provide financial support to the hospitality industry by transforming bars into potential film sets. As part of its broader 'Back the Bars' initiative, the campaign creates a global online catalog of Heineken-serving bars that production teams can easily browse when scouting authentic locations for movies, TV shows, or commercials. By redirecting location rental budgets typically spent on studio sets toward real bars, the program offers venue owners an additional revenue stream while preserving the genuine atmosphere filmmakers often seek. The Starring Bars includes a promotional campaign featuring bar owners and mobile billboards in entertainment districts that serve to encourage directors to consider these establishments for shoots.

Image Credit: Heineken",9.5,"Kalin Ned — April 10, 2025 — Marketing
References: starringbars & globenewswire",Marketing,https://www.trendhunter.com/trends/starring-bars
Indiana-Distilled 10-Year Bourbons,"Rolling Fork Spirits has unveiled the second batch of its Bourbon de Luxe Kentucky Straight Bourbon, continuing the revival of this historic whiskey brand. The limited release consists of just 1,116 bottles of eight-year-old bourbon sourced from Bardstown distilleries and bottled at cask strength (119 proof) to preserve its robust character. The flavor profile showcases a harmonious blend of sweet caramel and vanilla notes with spicier undertones of oak and cinnamon.

Rolling Fork Spirits' historical significance, which dates back to 1911 with Prohibition-era medicinal whiskey ties, adds narrative appeal for those interested in whiskey lore. Following the rapid sell-out of the first batch of the Bourbon de Luxe Kentucky Straight Bourbon in 2024, this release reaffirms consumer demand for premium, small-batch Kentucky bourbons with heritage credentials.

Image Credit: Rolling Fork Spirits",7.1,"Kalin Ned — April 10, 2025 — Marketing
References: thebourbondeluxe & bevnet",Marketing,https://www.trendhunter.com/trends/rolling-fork-spirits
Canned Creamy Espresso Martinis,"SABÉ Beverages has expanded its ready-to-drink cocktail line with a canned Espresso Martini offering. The new product arrives in 250 mL cans at 14% ABV and is packaged in packs of four. Designed as a premium yet accessible option for at-home consumption, the launch follows SABÉ Beverages' existing successful RTD cocktails like Margarita and Moscow Mule.

Consumers who opt in for the canned Espresso Martini experience will enjoy convenience and an indulgent coffee-forward profile that has not diminished in quality. In order to ensure the best experience possible, SABÉ Beverages uses real espresso beans in its formulation. Younger legal-drinking-age consumers, particularly millennials and Gen Z who have driven the Espresso Martini's recent 116% on-premise sales surge, may find the portable format ideal for social gatherings, outdoor events, or casual home consumption.

Image Credit: SABÉ Beverages",5,"Kalin Ned — April 10, 2025 — Lifestyle
References: drinksabe & bevnet",Lifestyle,https://www.trendhunter.com/trends/canned-espresso-martini
Coconut-Based Green Smoothies,"Fresh Blends has introduced a certified organic beverage menu designed to meet the increasing demand for nutritious, clean-label drink options across institutional and retail settings. The new lineup includes fruit and vegetable smoothies, oat milk shakes, and iced refreshers, all formulated without artificial additives. The beverages also comply with USDA Smart Snack standards for school nutrition programs.

Ingredients in Fresh Blends' specially curated certified organic beverage menu are selected for both flavor and functional benefits — from the immune-supporting antioxidants in the Earth Berry Acai Smoothie to the anti-inflammatory properties of the Orange Carrot Ginger blend.

Produced in a facility with multiple food safety and sustainability certifications, Fresh Blends' ultra-nutricious and thoughtfully formulated beverage menu caters to health-conscious consumers in hospitals, educational institutions, and specialty grocery stores.

Image Credit: Fresh Blends",7.8,"Kalin Ned — April 10, 2025 — Lifestyle
References: freshblends & nosh",Lifestyle,https://www.trendhunter.com/trends/organic-beverage-menu
Gut-Friendly Pastas,"It's Skinny has expanded its product line with ready-to-eat pasta meals that aim to deliver gourmet flavors while accommodating contemporary dietary preferences. The new offerings include varieties such as the Truffle Parm, the Cacio e Pepe, and the Velvety Cheddar. These recipes combine the brand's signature zero-carb, gluten-free noodles with organic cheese sauces to provide a convenient yet elevated pasta experience.

Each ready-to-eat pasta meal in It's Skinny's latest venture contains seven grams or fewer of carbohydrates per serving and can be prepared in approximately five minutes. This ensures appeal for time-conscious consumers seeking healthier alternatives to traditional pasta dishes. The brand also highlights the use of premium ingredients in its ready-to-eat offerings, which helps it maintain rich taste profiles without excessive calories or sodium.

Image Credit: It's Skinny",9.7,"Kalin Ned — April 10, 2025 — Lifestyle
References: itsskinny & nosh",Lifestyle,https://www.trendhunter.com/trends/readytoeat-pasta
Modular Multifunctional Sofa Designs,"Cozey has introduced the Gaia sofa, a modular furniture piece designed to combine contemporary aesthetics with practical functionality. As part of its expanding lineup, the Gaia model emphasizes adaptability with its customizable layout capabilities. The piece can be reconfigured to suit different living spaces. The design incorporates high backrests and double-padded foam for enhanced comfort. Additionally, the sofa includes removable, washable slipcovers, making it a practical choice for households seeking durability and easy maintenance.

Cozey's modular furniture pieces, including the Gaia sofa, effectively balance affordability and premium features. Beyond its functional benefits and easy, tool-free assembly, the sofa reflects Cozey’s broader commitment to customer-driven innovation. The brand has incorporated consumer feedback in the design of the Gaia sofa and this helps it deliver products that better align with real-world use.

Image Credit: Cozey",8.1,"Kalin Ned — April 10, 2025 — Art & Design
References: newswire",Art & Design,https://www.trendhunter.com/trends/modular-furniture-piece
Glow-in-the-Dark Football Events,"The inaugural Battle at the Border Tournament in Vancouver marked a significant moment in youth sports as the initiative brought together elite football players from Canada and the United States for cross-border competition. Dylan Sidoo, Director of the Sidoo Family Giving Foundation, played a key role in supporting the event, which saw the U12 team from Air Raid Academy secure a division victory. His involvement reflects a broader commitment to fostering youth development through athletics, drawing from his own background as a former USC rugby player and advocate for sports-based mentorship.

The Battle at the Border Tournament provides young athletes with valuable exposure to high-level competition while promoting teamwork and perseverance. Parents and youth sports enthusiasts may find this initiative compelling as it highlights the importance of accessible athletic opportunities for children. The success of the U12 team demonstrates how structured programs can nurture talent and build confidence in young players. Additionally, the cross-border nature of the competition introduces a unique cultural exchange element.

Image Credit: Sidoo Family Giving Foundation",5.5,"Kalin Ned — April 10, 2025 — Life-Stages
References: gamereadyelite & newswire",Life-Stages,https://www.trendhunter.com/trends/battle-at-the-border-tournament
Comprehensive Summer Lifestyle Capsules,"Justice, a prominent fashion retailer for tween girls, has partnered with Bandai Namco Entertainment to release a limited-edition PAC-MAN collection. The capsule commemorates the iconic arcade game’s 45th anniversary.

The Justice x Bandai Namco Entertainment limited-edition PAC-MAN collection includes summer-ready apparel and accessories such as swimwear, denim, varsity jackets, and crossbody bags. All of the silhouettes feature PAC-MAN’s signature graphics and retro game motifs. The anniversary-celebrating collaboration between Justice and Bandai Namco Entertainment is likely to resonate with both tweens and their parents.

Available exclusively at Walmart, the collection merges Justice’s youthful, confidence-driven aesthetic with the nostalgic appeal of one of gaming’s most recognizable characters. Given the enduring popularity of PAC-MAN and Justice’s established market presence, this collaboration could attract significant attention, particularly as a nostalgic yet trendy option for summer wardrobes.

Image Credit: Justice x Bandai Namco Entertainment",9.8,"Kalin Ned — April 10, 2025 — Fashion
References: prnewswire",Fashion,https://www.trendhunter.com/trends/limitededition-pacman-collection
Comprehensive Summer Lifestyle Capsules,"Justice, a prominent fashion retailer for tween girls, has partnered with Bandai Namco Entertainment to release a limited-edition PAC-MAN collection. The capsule commemorates the iconic arcade game’s 45th anniversary.

The Justice x Bandai Namco Entertainment limited-edition PAC-MAN collection includes summer-ready apparel and accessories such as swimwear, denim, varsity jackets, and crossbody bags. All of the silhouettes feature PAC-MAN’s signature graphics and retro game motifs. The anniversary-celebrating collaboration between Justice and Bandai Namco Entertainment is likely to resonate with both tweens and their parents.

Available exclusively at Walmart, the collection merges Justice’s youthful, confidence-driven aesthetic with the nostalgic appeal of one of gaming’s most recognizable characters. Given the enduring popularity of PAC-MAN and Justice’s established market presence, this collaboration could attract significant attention, particularly as a nostalgic yet trendy option for summer wardrobes.

Image Credit: Justice x Bandai Namco Entertainment",9.8,"Kalin Ned — April 10, 2025 — Fashion
References: prnewswire",Fashion,https://www.trendhunter.com/trends/limitededition-pacman-collection
Glow-in-the-Dark Football Events,"The inaugural Battle at the Border Tournament in Vancouver marked a significant moment in youth sports as the initiative brought together elite football players from Canada and the United States for cross-border competition. Dylan Sidoo, Director of the Sidoo Family Giving Foundation, played a key role in supporting the event, which saw the U12 team from Air Raid Academy secure a division victory. His involvement reflects a broader commitment to fostering youth development through athletics, drawing from his own background as a former USC rugby player and advocate for sports-based mentorship.

The Battle at the Border Tournament provides young athletes with valuable exposure to high-level competition while promoting teamwork and perseverance. Parents and youth sports enthusiasts may find this initiative compelling as it highlights the importance of accessible athletic opportunities for children. The success of the U12 team demonstrates how structured programs can nurture talent and build confidence in young players. Additionally, the cross-border nature of the competition introduces a unique cultural exchange element.

Image Credit: Sidoo Family Giving Foundation",5.5,"Kalin Ned — April 10, 2025 — Life-Stages
References: gamereadyelite & newswire",Life-Stages,https://www.trendhunter.com/trends/battle-at-the-border-tournament
Comprehensive Summer Lifestyle Capsules,"Justice, a prominent fashion retailer for tween girls, has partnered with Bandai Namco Entertainment to release a limited-edition PAC-MAN collection. The capsule commemorates the iconic arcade game’s 45th anniversary.

The Justice x Bandai Namco Entertainment limited-edition PAC-MAN collection includes summer-ready apparel and accessories such as swimwear, denim, varsity jackets, and crossbody bags. All of the silhouettes feature PAC-MAN’s signature graphics and retro game motifs. The anniversary-celebrating collaboration between Justice and Bandai Namco Entertainment is likely to resonate with both tweens and their parents.

Available exclusively at Walmart, the collection merges Justice’s youthful, confidence-driven aesthetic with the nostalgic appeal of one of gaming’s most recognizable characters. Given the enduring popularity of PAC-MAN and Justice’s established market presence, this collaboration could attract significant attention, particularly as a nostalgic yet trendy option for summer wardrobes.

Image Credit: Justice x Bandai Namco Entertainment",9.8,"Kalin Ned — April 10, 2025 — Fashion
References: prnewswire",Fashion,https://www.trendhunter.com/trends/limitededition-pacman-collection
Comprehensive Summer Lifestyle Capsules,"Justice, a prominent fashion retailer for tween girls, has partnered with Bandai Namco Entertainment to release a limited-edition PAC-MAN collection. The capsule commemorates the iconic arcade game’s 45th anniversary.

The Justice x Bandai Namco Entertainment limited-edition PAC-MAN collection includes summer-ready apparel and accessories such as swimwear, denim, varsity jackets, and crossbody bags. All of the silhouettes feature PAC-MAN’s signature graphics and retro game motifs. The anniversary-celebrating collaboration between Justice and Bandai Namco Entertainment is likely to resonate with both tweens and their parents.

Available exclusively at Walmart, the collection merges Justice’s youthful, confidence-driven aesthetic with the nostalgic appeal of one of gaming’s most recognizable characters. Given the enduring popularity of PAC-MAN and Justice’s established market presence, this collaboration could attract significant attention, particularly as a nostalgic yet trendy option for summer wardrobes.

Image Credit: Justice x Bandai Namco Entertainment",9.8,"Kalin Ned — April 10, 2025 — Fashion
References: prnewswire",Fashion,https://www.trendhunter.com/trends/limitededition-pacman-collection
Comprehensive Summer Lifestyle Capsules,"Justice, a prominent fashion retailer for tween girls, has partnered with Bandai Namco Entertainment to release a limited-edition PAC-MAN collection. The capsule commemorates the iconic arcade game’s 45th anniversary.

The Justice x Bandai Namco Entertainment limited-edition PAC-MAN collection includes summer-ready apparel and accessories such as swimwear, denim, varsity jackets, and crossbody bags. All of the silhouettes feature PAC-MAN’s signature graphics and retro game motifs. The anniversary-celebrating collaboration between Justice and Bandai Namco Entertainment is likely to resonate with both tweens and their parents.

Available exclusively at Walmart, the collection merges Justice’s youthful, confidence-driven aesthetic with the nostalgic appeal of one of gaming’s most recognizable characters. Given the enduring popularity of PAC-MAN and Justice’s established market presence, this collaboration could attract significant attention, particularly as a nostalgic yet trendy option for summer wardrobes.

Image Credit: Justice x Bandai Namco Entertainment",9.8,"Kalin Ned — April 10, 2025 — Fashion
References: prnewswire",Fashion,https://www.trendhunter.com/trends/limitededition-pacman-collection
Ultra-Slim PC Fans,"Lasko has expanded its home cooling lineup with three new fans that are designed to deliver efficient, quiet, and customizable airflow. The models include a 40"" tower fan, a 48"" smart tower fan, and an adjustable-height pedestal fan. Each leverages the brand's proprietary WhisperForce™ DC Technology to provide powerful cooling while consuming less energy compared to traditional AC motor fans. The 40"" tower fan offers wide oscillation, multiple speed settings, and an air filtration system. The 48"" smart tower fan, on the other hand, integrates with voice assistants like Alexa and Google, along with a dedicated app for remote control. Meanwhile, the pedestal fan stands out for its adjustable height and oscillation settings.

Individuals may enjoy cooler and more comfortable home atmospheres while indulging in near-silent operation, with noise levels as low as 24 decibels. Additionally, Lasko includes AirSense™ Technology in its home cooling lineup to enhance the user experience. This feature offers four automated modes, including custom, auto, nature, and sleep. It allows the fans to adjust airflow based on real-time temperature and user preferences.

Image Credit: Lasko",7.9,"Kalin Ned — April 10, 2025 — Art & Design
References: prnewswire",Art & Design,https://www.trendhunter.com/trends/home-cooling
Mini Self-Cooling SSDs,"The Maktar MiniMax portable SSD is a versatile piece of equipment engineered with versatility in mind to help smartphone users, photographers and more enjoy enhanced storage capabilities. The device works by being plugged into the connectivity port on a device where it will go to work offering 512GB, 1TB or 2TB of data storage space to accommodate all kinds of files. The device is positioned as a more cost-effective option than opting to get a smartphone with more storage.

The Maktar MiniMax portable SSDis rated to transfer up to 450GB of data in as little as 12-minutes and also features advanced RGB to ensure it can operate without having to worry about potential damage related to overheating.",7.2,"Michael Hemsworth — March 16, 2025 — Tech
References: indiegogo & thegadgetflow",Tech,https://www.trendhunter.com/trends/maktar-minimax
High-Performance Self-Cooling SSDs,"The 'Speekeys' portable SSD is a high-power storage solution for consumers to incorporate into their setup as a way to ensure they can always store and access data no matter where they go. The drive is characterized by its ultra-compact design that's lightweight enough to be stored on a keychain and will go to work offering up to 2TB of storage space. The drive is rated to handle data transfer speeds up to 1,000Mbps, while the active heat dissipation system will keep the unit running smoothly.

The 'Speekeys' portable SSD is constructed with an aluminum shell and silicone case for added durability, and comes in several color options to choose from to give it additional stylistic appeal.",5.4,"Michael Hemsworth — June 25, 2024 — Tech
References: kickstarter & yankodesign",Tech,https://www.trendhunter.com/trends/speekeys
Professional Field-Ready SSDs,"The OWC Express 1M2 external SSD is positioned by the brand its fastest single-blade NVMe enclosure yet that aims to provide PC and Mac users alike with an ultra-speedy way to keep their data secure.

The drive is compatible for use with USB4-equipped systems to provide speeds up to 3,151Mbps, while also offering support for Thunderbolt and USB-C devices. Users can choose from the OWC Aura SSDs or install the NVMe M.2 SSD of their choosing, while the compact design ensures it will work effectively for any workstation or setup.

The OWC Express 1M2 external SSD is built with a solid aluminum heat sink enclosure to effectively dissipate heat in an efficient manner without having to deal with throttling due to thermal constraints.",4.6,"Michael Hemsworth — December 8, 2023 — Tech
References: owc & geeky-gadgets",Tech,https://www.trendhunter.com/trends/owc-express-1m2-external-ssd
External SSD Enclosures,"The Adata SE920 external SSD is a durably designed piece of equipment for professionals or gamers alike to use as a way to keep data securely stowed yet intuitively accessible. The drive features a compact construction that comes in 1TB and 2TB capacity options, and are both integrated with an active cooling system to circulate air inside the unit during use. The peripheral has a shifting case design to open and close the vents according to needs.

The Adata SE920 external SSD is rated to stay 10% cooler than other alternatives on the market and supports USB4 connectivity. This translates to read and write speeds of 3,800Mbps and 3,700Mbps, respectively, which enable the copying of a 20GB file in around five-seconds.",2.8,"Michael Hemsworth — November 3, 2023 — Tech
References: adata & coolthings",Tech,https://www.trendhunter.com/trends/adata-se920
Versatile Hair Styling Tools,"The 'AirStyle Pro' is making waves at Coachella this year as Dreame Technology debuts its all-new, high-tech hair dryer and styling toolkit at the exclusive GUESS JEANS Compound. Launching just in time for festival season, the AirStyle Pro is a 7-in-1 powerhouse engineered for bold, frizz-free glam -- from beachy waves to sleek finishes -- all with salon-quality precision.

Designed for effortless transformations, the AirStyle Pro features seven magnetic attachments, JetAirflow™ tech, and intelligent heat control that adapts in real-time to protect your strands. It’s built with a high-speed motor that delivers powerful results without excessive heat.

The brand celebrated this stylish launch with celebrity hairstylist Davontaé Washington, who curated an on-site styling bar experience for VIP guests. From curated looks to hands-on demos, Dreame turned festival beauty into an interactive showcase of innovation.

Available to shop now at dreame.com or Amazon.

Image Credit: Dreame",9.1,"Georgia Wray Norsten — April 10, 2025 — Marketing
References: prnewswire & dreametech",Marketing,https://www.trendhunter.com/trends/airstyle-pro
Minimalist Productivity Tools,"Pomito is a minimalist Pomodoro timer designed to enhance productivity by helping users focus during deep work sessions. The app employs the Pomodoro technique, a time management method that divides work into intervals, typically 25 minutes, followed by a short break. Pomito’s simple, distraction-free interface allows users to concentrate on tasks without being overwhelmed by unnecessary features.

This streamlined design is particularly beneficial for professionals, students, or anyone needing a clear and effective structure to maximize efficiency. By reducing distractions and providing regular breaks, Pomito encourages sustained focus while preventing burnout. Its easy-to-use interface and time management structure make it an ideal tool for individuals looking to improve their productivity in a busy, fast-paced work environment. With Pomito, users can achieve more in less time with minimal effort.

Image Credit: Pomito",5.9,"Ellen Smith — April 10, 2025 — Tech
References: pomito.app",Tech,https://www.trendhunter.com/trends/pomito
Emoji-Based Mood Trackers,"The Pumpkin Emojis Sticker Pack offers a collection of festive pumpkin-themed stickers for iMessage users, perfect for celebrating Halloween. With the release of iOS 17, these stickers can now be shared not only in iMessage but also across various messaging platforms.

This expansion allows users to incorporate Halloween spirit into their daily communications, adding fun and visual appeal to messages. The stickers feature a range of pumpkin designs, from classic jack-o’-lanterns to more stylized and playful versions, catering to different tastes. The pack is simple to use and integrates seamlessly with the latest iOS features. It's an ideal tool for businesses or individuals looking to enhance their messaging experience during the Halloween season, offering a visually engaging way to communicate with friends, family, or customers.

Image Credit: Pumpkin Emojis Sticker Pack",4.6,"Ellen Smith — April 10, 2025 — Lifestyle
References: apps.apple",Lifestyle,https://www.trendhunter.com/trends/pumpkin-emojis-sticker-pack
Instant Portfolio Builders,"Constructor Assess is a user-friendly platform designed to streamline the creation, grading, and proctoring of assessments for educators. It eliminates the complexity of full Learning Management Systems (LMS) while offering advanced features like built-in proctoring for both proctored and non-proctored exams.

With its intuitive interface, educators can quickly design quizzes and assessments, significantly improving workflow efficiency. The platform is scalable, making it suitable for institutions of all sizes, from small schools to large universities. Constructor Assess allows for customizable grading criteria and supports a variety of question formats, including multiple choice, essays, and more. This tool is ideal for educators looking for a simple solution to manage assessments without the need for extensive technical setup or training. It is a practical and efficient choice for institutions aiming to optimize their assessment processes.

Image Credit: Constructor Assess",3.5,"Ellen Smith — April 10, 2025 — Business
References: constructor.tech",Business,https://www.trendhunter.com/trends/constructor-assess
AI Quiz Creators,"Trivia Glide is an AI-powered quiz app that offers a wide variety of topics for users to explore and enjoy. With a simple search function, users can select any subject, answer a set of 10 questions, and receive instant feedback. The app allows users to track their progress and celebrate milestones, offering a gamified experience.

It features both light and dark modes, providing customization options for a better user experience. Trivia Glide is designed with minimal ads and does not provide hints during quizzes, ensuring a more pure, focused experience for knowledge enthusiasts. This app is ideal for users looking for a fun and educational way to test their knowledge across numerous topics without distractions. Its user-friendly interface makes it accessible for all ages and knowledge levels, creating an engaging learning environment.

Image Credit: Trivia Glide",7.1,"Ellen Smith — April 10, 2025 — Tech
References: play.google",Tech,https://www.trendhunter.com/trends/trivia-glide
Instant Portfolio Builders,"Constructor Assess is a user-friendly platform designed to streamline the creation, grading, and proctoring of assessments for educators. It eliminates the complexity of full Learning Management Systems (LMS) while offering advanced features like built-in proctoring for both proctored and non-proctored exams.

With its intuitive interface, educators can quickly design quizzes and assessments, significantly improving workflow efficiency. The platform is scalable, making it suitable for institutions of all sizes, from small schools to large universities. Constructor Assess allows for customizable grading criteria and supports a variety of question formats, including multiple choice, essays, and more. This tool is ideal for educators looking for a simple solution to manage assessments without the need for extensive technical setup or training. It is a practical and efficient choice for institutions aiming to optimize their assessment processes.

Image Credit: Constructor Assess",3.5,"Ellen Smith — April 10, 2025 — Business
References: constructor.tech",Business,https://www.trendhunter.com/trends/constructor-assess
AI Quiz Creators,"Trivia Glide is an AI-powered quiz app that offers a wide variety of topics for users to explore and enjoy. With a simple search function, users can select any subject, answer a set of 10 questions, and receive instant feedback. The app allows users to track their progress and celebrate milestones, offering a gamified experience.

It features both light and dark modes, providing customization options for a better user experience. Trivia Glide is designed with minimal ads and does not provide hints during quizzes, ensuring a more pure, focused experience for knowledge enthusiasts. This app is ideal for users looking for a fun and educational way to test their knowledge across numerous topics without distractions. Its user-friendly interface makes it accessible for all ages and knowledge levels, creating an engaging learning environment.

Image Credit: Trivia Glide",7.1,"Ellen Smith — April 10, 2025 — Tech
References: play.google",Tech,https://www.trendhunter.com/trends/trivia-glide
Glitz-Inspired Haircare Campaigns,"'Hot Gloss' is here to spice up more than just your hair routine -- TRESemmé has teamed up with Red Clay Provisions to drop a bold, first-of-its-kind spicy peach hot honey that’s stealing the spotlight. Smooth, sweet, and just the right amount of spicy, this limited-edition creation delivers a ‘swicy’ kick that adds serious shine and flavor to your meals. Whether you’re drizzling it over crispy fried chicken, swirling it into a cheese board, or topping off your dessert, Hot Gloss is the ultimate main character energy your pantry didn’t know it needed.

The name isn’t a coincidence -- this saucy release mirrors TRESemmé’s new 'Lamellar Gloss Finishing Oil,' designed to bring ultra-shine to your strands. Now, your food can get the same finishing touch.

Hot Gloss is available now on RedClayHotSauce.com, and shoppers can use code GLOSS25 for a sweet deal.

Image Credit: TRESemmé x Red Clay Provisions",9.1,"Georgia Wray Norsten — April 10, 2025 — Unique
References: redclayhotsauce",Unique,https://www.trendhunter.com/trends/hot-gloss
Online Exam Platforms,"DreamyUni is a platform designed to help students enhance their college applications by providing a space to compete, innovate, and connect. Users can create personalized profiles and analyze their extracurricular activities, exploring over 900 opportunities across various fields.

The platform offers a holistic grading system with a radar chart that evaluates students' achievements and skills. In addition, DreamyUni facilitates global competition, allowing students to win cash prizes for their accomplishments. The platform also enables students to connect with a large network of peers, share their achievements, and gain visibility. DreamyUni aims to empower students by offering resources, opportunities to compete, and a way to stand out to universities and scholarship providers. It combines academic and extracurricular development, promoting student growth through both competition and collaboration.

Image Credit: DreamyUni",3.7,"Ellen Smith — April 10, 2025 — Tech
References: dreamyuni.org",Tech,https://www.trendhunter.com/trends/dreamyuni
AI-Powered Note-Taking,"Notable AI is a versatile, AI-powered note-taking tool designed to simplify task management and enhance productivity. It uses smart features such as voice commands to effortlessly capture notes, making it a convenient option for busy professionals. The platform generates AI summaries, allowing users to quickly review key points without needing to sift through extensive content.

Additionally, Notable AI supports seamless cross-platform synchronization, ensuring that users can access their notes across multiple devices without requiring an account. This makes it ideal for those who prioritize efficiency and organization. Its intuitive interface is designed to enhance workflow, reduce time spent on manual note-taking, and increase overall productivity. Whether for meetings, lectures, or personal tasks, Notable AI offers an efficient solution for staying organized and focused.

Image Credit: Notable AI",8.4,"Ellen Smith — April 10, 2025 — Tech
References: play.google",Tech,https://www.trendhunter.com/trends/notable-ai
AI Learning Tools,"Infinilearn is an innovative learning platform that combines personalized AI with a gamified approach to education. It adapts to users' learning styles, ensuring content is tailored to individual progress. The platform offers a dynamic level system, rewarding users for achievements and milestones, which helps maintain engagement and motivation.

Infinilearn’s adaptability makes it suitable for learners of all levels, providing a personalized experience that evolves as users grow in their knowledge. By integrating gamification and AI, it creates a more interactive and enjoyable learning process, making education both effective and fun. This system is particularly valuable for businesses and educational institutions looking to enhance their employee training programs or academic curriculums by offering an engaging, performance-based learning experience.

Image Credit: Infinilearn",5.6,"Ellen Smith — April 10, 2025 — Tech
References: infinilearn",Tech,https://www.trendhunter.com/trends/infinilearn
SaaS Launch Templates,"Quickfold is an online template store that is designed for users of Framer, a popular website-building platform. The service offers a variety of premium, pre-designed templates tailored to different niches, including agencies, SaaS, personal portfolios, and business websites.

These templates are crafted to allow users to launch their websites quickly, without the need for coding knowledge or technical expertise. Quickfold’s focus on ease of use and customization makes it an ideal choice for businesses, startups, and individuals who want a professional-looking website in less time. By offering a range of high-quality, responsive templates, Quickfold simplifies the web design process, empowering users to create modern websites that meet their specific needs, all within the user-friendly Framer environment.

Image Credit: Quickfold",7.5,"Ellen Smith — April 10, 2025 — Business
References: quickfold.supply",Business,https://www.trendhunter.com/trends/quickfold
Clipboard Management Tools,"WinPal is a productivity tool designed to enhance the Windows operating system by adding key features that are often missing from the default setup. Among its standout features are an eternal clipboard history with cross-device sharing, allowing users to retrieve previously copied items even after a reboot.

The tool also enables the recovery of deleted items, ensuring no data is lost. Additionally, WinPal offers advanced speech-to-text capabilities, making it easier for users to transcribe spoken words into text with greater accuracy. These features are geared towards improving efficiency for businesses and individuals who rely on Windows OS for daily tasks. With WinPal, users can enhance their workflow, recover valuable data, and streamline their operations without the need for complex setups or additional software.

Image Credit: WinPal",3.6,"Ellen Smith — April 10, 2025 — Lifestyle
References: winpal.tech",Lifestyle,https://www.trendhunter.com/trends/winpal
Recovery-Optimizing Medical Devices,"QR Friend is a QR and barcode scanner for Android designed to offer a fast, secure, and ad-free experience. This app allows users to scan QR codes and barcodes for a variety of purposes, such as linking to websites, connecting to WiFi, saving contacts, and searching for product information.

The app features automatic focusing for quick scans and a history function to track previous scans. With a premium version available, QR Friend ensures link safety by verifying URLs, adding an extra layer of security. The app also includes a dark mode for user comfort. QR Friend is particularly valuable for businesses and consumers who frequently engage with QR codes and barcodes, offering an efficient solution with no sign-up requirements or unnecessary distractions.

Image Credit: QR Friend",4,"Ellen Smith — April 10, 2025 — Tech
References: play.google",Tech,https://www.trendhunter.com/trends/qr-friend
Privacy-Focused Personal AI,"Mom AI is an app designed to support mothers by providing personalized advice and tools to simplify daily parenting tasks. The platform offers a range of features, including family organizers, meal planning, wellness support, and tailored parenting tips.

It adapts to the unique needs of users, whether they are pregnant or managing multiple children, helping them stay organized and reduce stress. With its smart, data-driven approach, Mom AI aims to empower parents by streamlining everyday activities, making it easier to balance responsibilities. The app offers a customizable experience, ensuring that each mother receives the support that aligns with her specific stage in motherhood. Mom AI’s focus on simplicity and user-friendly design makes it a valuable tool for modern families seeking to optimize their daily routines and foster well-being.

Image Credit: Mom AI",6.6,"Ellen Smith — April 10, 2025 — Lifestyle
References: getmomai",Lifestyle,https://www.trendhunter.com/trends/mom-ai
AI Image Generators,"Shots Maker is a tool designed to simplify the process of creating professional product images for e-commerce merchants and fashion designers. This tool allows users to upload a product photo and quickly generate a realistic image of a fashion model wearing the item.

It eliminates the need for expensive photoshoots and complicated post-production work. With this solution, businesses can easily showcase their products in a realistic setting, improving product listings and customer engagement. The tool is especially useful for companies looking to expand their product catalog or streamline their marketing efforts without the high costs typically associated with garment photoshoots. By providing a fast, cost-effective way to generate quality images, Shots Maker helps businesses maintain a polished online presence while reducing time and effort spent on image creation.

Image Credit: Shots Maker",6.9,"Ellen Smith — April 10, 2025 — Tech
References: shotsmaker",Tech,https://www.trendhunter.com/trends/shots-maker
AI Image Generators,"Shots Maker is a tool designed to simplify the process of creating professional product images for e-commerce merchants and fashion designers. This tool allows users to upload a product photo and quickly generate a realistic image of a fashion model wearing the item.

It eliminates the need for expensive photoshoots and complicated post-production work. With this solution, businesses can easily showcase their products in a realistic setting, improving product listings and customer engagement. The tool is especially useful for companies looking to expand their product catalog or streamline their marketing efforts without the high costs typically associated with garment photoshoots. By providing a fast, cost-effective way to generate quality images, Shots Maker helps businesses maintain a polished online presence while reducing time and effort spent on image creation.

Image Credit: Shots Maker",6.9,"Ellen Smith — April 10, 2025 — Tech
References: shotsmaker",Tech,https://www.trendhunter.com/trends/shots-maker
Payment Recovery Solutions,"CombatChurn is a powerful tool designed to help SaaS businesses reduce churn by improving the cancellation process. This easy-to-install app integrates with Stripe, allowing businesses to create tailored cancellation flows that engage customers at risk of leaving. By addressing cancellation requests before they are finalized, CombatChurn offers opportunities to retain customers through strategic messaging or offers.

It enables businesses to proactively address potential reasons for churn, making it a vital asset for companies seeking to reduce customer turnover. The app's simple interface and seamless integration with Stripe make it accessible for businesses of all sizes, requiring minimal setup. CombatChurn empowers companies to better understand customer retention and to take actionable steps that can help improve long-term loyalty, ultimately protecting their revenue streams.

Image Credit: CombatChurn",5.4,"Ellen Smith — April 10, 2025 — Business
References: combatchurn",Business,https://www.trendhunter.com/trends/combatchurn
Personalized Language Learning,"The Lesson Plan Generator is a tool designed to assist language educators in creating structured, efficient, and customized lesson plans. This platform simplifies the planning process by offering an easy-to-use interface that tailors lessons to the specific needs of students.

Educators can quickly design lessons that cover various aspects of language learning, such as grammar, vocabulary, and conversation practice, while ensuring that the material is engaging and suitable for their students' skill levels. By streamlining the lesson planning process, the Lesson Plan Generator allows teachers to focus more on delivering effective instruction rather than spending time on administrative tasks. This tool is ideal for language educators seeking to save time and enhance their teaching by providing a clear structure for each lesson, ultimately leading to improved student outcomes.

Image Credit: The Lesson Plan Generator",3.9,"Ellen Smith — April 10, 2025 — Lifestyle
References: apps.apple",Lifestyle,https://www.trendhunter.com/trends/lesson-plan-generator
Task Management Tools,"The Ultimate To-Do List Template is a comprehensive task management system built on Notion, designed to help users organize their responsibilities and boost productivity. This system includes features such as task prioritization, subtasks, and various views like Kanban and calendar to accommodate different work styles.

Users can manage daily, weekly, and long-term tasks with ease while ensuring everything is organized under clear deadlines. By providing a structured framework, the template allows individuals and teams to keep track of their work, manage priorities, and maintain focus. The flexibility of Notion ensures the template can be customized to meet personal or organizational needs. This to-do list template is ideal for professionals seeking an efficient and reliable method of task management, helping them stay on top of their workloads and achieve goals more effectively.

Image Credit: Ultimate To-Do List Template",4.2,"Ellen Smith — April 10, 2025 — Lifestyle
References: sejnotion.gumroad",Lifestyle,https://www.trendhunter.com/trends/ultimate-todo-list-template
Wireless AI-Enhanced Leg Massagers,"Personal Therapy OS is a comprehensive management tool designed to enhance the effectiveness of therapy sessions. This interactive system helps users track their progress, set goals, and optimize their mental health journey. By providing structure, it allows individuals to review past sessions, document thoughts or emotions, and prepare for future discussions with their therapist.

The system can also suggest tailored activities or exercises based on the user's therapy type and objectives. Personal Therapy OS aims to empower individuals by improving self-awareness and increasing the value derived from each session. Its user-friendly interface ensures that users stay organized, which can lead to better therapeutic outcomes. This tool is ideal for those seeking a more structured and proactive approach to their mental health care.

Image Credit: Personal Therapy OS",3.9,"Ellen Smith — April 10, 2025 — Tech
References: creativtools.gumroad",Tech,https://www.trendhunter.com/trends/personal-therapy-os
Goal Progress Trackers,"Nut Goals is a financial management tool designed to help users track their assets, organize savings plans, and set clear financial goals. Its primary focus is on promoting smart spending and encouraging proactive saving habits.

By helping users visualize their financial journey, Nut Goals aims to reduce impulsive spending while fostering long-term financial security. The platform's simple interface allows users to break down savings goals into actionable steps, making it easier to save for specific purposes like retirement, a large purchase, or emergency funds. With Nut Goals, users are empowered to create a balanced financial approach, track their progress over time, and adjust their strategies as needed.

This tool can be beneficial for individuals looking to develop healthier financial habits and improve their overall money management skills.

Image Credit: Nut Goals",5.3,"Ellen Smith — April 10, 2025 — Tech
References: apps.apple",Tech,https://www.trendhunter.com/trends/nut-goals
Insider Account-Based Leads,"FundBase is an AI-powered platform designed to streamline the process of connecting startups with potential investors. The platform utilizes sophisticated algorithms to match startups with investors based on their business model, industry, and funding needs.

By eliminating the need for cold emailing and endless networking, FundBase enables startups to focus on their growth while ensuring they are matched with investors who align with their vision. For investors, the platform provides a curated selection of startups that fit their investment criteria, making it easier to discover high-potential opportunities. With its data-driven approach, FundBase offers a more efficient and targeted way to raise funds or find promising ventures, offering value to both sides of the equation. This approach can save time, improve funding success rates, and help businesses scale faster.

Image Credit: FundBase",4,"Ellen Smith — April 10, 2025 — Tech
References: fundbase.ai",Tech,https://www.trendhunter.com/trends/fundbase
Content Management Platforms,"StarDots is a versatile platform tailored for professionals who need comprehensive control over their image assets. Whether you're a designer, photographer, developer, or content creator, StarDots provides a centralized solution for managing, editing, and sharing images.

The platform supports a wide range of image formats and offers robust editing tools, including resizing, cropping, and applying various filters. Its image hosting capabilities allow for easy storage and quick retrieval, making it ideal for businesses that need to streamline their workflow. Additionally, StarDots ensures high-quality, secure image sharing, allowing users to embed or link images in websites, portfolios, and social media with ease. This makes it a valuable tool for businesses looking to maintain high standards for digital content management, offering both efficiency and flexibility.

Image Credit: StarDots",4.3,"Ellen Smith — April 10, 2025 — Tech
References: stardots.io",Tech,https://www.trendhunter.com/trends/stardots
Daily Math Challenges,"Sudoku.coach is a comprehensive online platform designed for Sudoku enthusiasts of all skill levels. It offers users a wide range of resources, including the ability to solve Sudoku puzzles, learn advanced solving techniques, and practice regularly to improve their skills.

The site provides an interactive environment where players can work through puzzles of varying difficulty levels, while also offering educational tools to help users master different strategies. For those who prefer offline practice, Sudoku.coach also allows users to print puzzles for traditional paper-based solving. With its user-friendly interface and diverse features, the platform caters to both beginners and seasoned Sudoku players. It serves as a versatile tool for individual growth in problem-solving and critical thinking, making it a valuable resource for businesses or educational institutions looking to foster cognitive development.

Image Credit: Sudoku.coach",3.5,"Ellen Smith — April 10, 2025 — Lifestyle
References: sudoku.coach",Lifestyle,https://www.trendhunter.com/trends/sudokucoach
AI Learning Tools,"Y-Pod is an AI-powered life goals planner designed to help individuals bridge the gap between big aspirations and day-to-day actions. With its intuitive interface, Y-Pod enables users to map out long-term objectives while breaking them down into smaller, actionable steps.

The platform offers insights and recommendations based on user input, helping to maintain focus and motivation. It incorporates a life calendar to track progress across multiple life areas, such as career, health, personal development, and relationships. For businesses, Y-Pod presents a potential tool for employee development programs, wellness initiatives, and goal-oriented coaching. By integrating AI with goal-setting strategies, Y-Pod offers a dynamic approach to personal growth and achievement, making it a useful resource for both individuals and organizations looking to foster progress.

Image Credit: Y-Pod",4.7,"Ellen Smith — April 10, 2025 — Tech
References: apps.apple",Tech,https://www.trendhunter.com/trends/ypod
Group Trip Travel Features,"Polarsteps is a travel application designed to streamline the entire journey — from planning to post-trip reflection — within a single platform. Users can map out upcoming itineraries, track their travels in real time via GPS, and automatically create a digital log of their adventures.

The platform recently introduced a redesigned global map interface and new features that allow travelers to share trips and experiences with others. It caters to both individual travelers and groups, offering a cohesive way to document movement, photos, and stories without needing multiple apps. For businesses in travel, media, or influencer marketing, Polarsteps presents opportunities for storytelling, content generation, and real-time engagement.

As travel continues to evolve toward digital-first experiences, tools like Polarsteps help bridge the gap between exploration and documentation in a visually compelling format.

Image Credit: Polarsteps",5.1,"Ellen Smith — April 10, 2025 — World
References: polarsteps",World,https://www.trendhunter.com/trends/polarsteps1
Group Trip Travel Features,"Polarsteps is a travel application designed to streamline the entire journey — from planning to post-trip reflection — within a single platform. Users can map out upcoming itineraries, track their travels in real time via GPS, and automatically create a digital log of their adventures.

The platform recently introduced a redesigned global map interface and new features that allow travelers to share trips and experiences with others. It caters to both individual travelers and groups, offering a cohesive way to document movement, photos, and stories without needing multiple apps. For businesses in travel, media, or influencer marketing, Polarsteps presents opportunities for storytelling, content generation, and real-time engagement.

As travel continues to evolve toward digital-first experiences, tools like Polarsteps help bridge the gap between exploration and documentation in a visually compelling format.

Image Credit: Polarsteps",5.1,"Ellen Smith — April 10, 2025 — World
References: polarsteps",World,https://www.trendhunter.com/trends/polarsteps1
AI Design Critiquing Platforms,"Heatbot.io is a generative user interface (UI) builder that transforms user behavior data into actionable design improvements. By uploading heatmaps — visual data showing where users interact most with a website — users can leverage AI to automatically generate optimized versions of web pages.

This streamlines the iterative process of UI/UX design, offering a scalable solution for improving digital experiences without needing a full design team. The platform positions itself as an all-in-one UX agency, making it especially appealing to small businesses, solo founders, or growth teams aiming to enhance performance with limited resources. Heatbot’s AI-driven approach is particularly relevant in an environment where data-backed design decisions can drive measurable improvements in engagement and conversion. It reduces friction in design workflows, bringing automation to a previously manual and time-consuming process.

Image Credit: Heatbot.io",5.1,"Ellen Smith — April 10, 2025 — Tech
References: heatbot.io",Tech,https://www.trendhunter.com/trends/heatbotio
Women-Focused AI-Powered Financial Platforms,"Diagrid Catalyst is a developer platform that streamlines the process of building distributed applications using microservices. It offers a unified set of APIs, reducing the need to piece together disparate libraries and tooling. Built on the open-source Dapr (Distributed Application Runtime), Catalyst is designed for portability and reliability across cloud and edge environments.

For engineering teams, this means faster development cycles, simplified architecture, and better alignment with modern DevOps workflows. It integrates with existing infrastructure and supports multiple programming languages, making it suitable for hybrid and multi-cloud strategies. By abstracting common microservice patterns — such as service discovery, pub/sub messaging, and state management — Catalyst enables developers to focus on core functionality rather than operational overhead. This positions it as a valuable tool for scaling enterprise software development efficiently and consistently.

Image Credit: Diagrid Catalyst",4.5,"Ellen Smith — April 10, 2025 — Tech
References: diagrid.io",Tech,https://www.trendhunter.com/trends/diagrid-catalyst
AI-Powered Playlist Makers,"Spotify’s AI Playlist feature blends generative AI with its robust personalization engine to help users create custom playlists based on open-ended prompts or creative themes. Rather than manually selecting songs, users can input a mood, idea, or phrase — such as “sunset drive” or “coffee shop jazz” — and receive a curated playlist that adapts to their listening habits.

For Spotify, this integration enhances user engagement by increasing the time spent on-platform and providing a more intuitive discovery experience. For businesses in the music or digital content sectors, this signals a broader trend: the shift toward AI-generated content that feels uniquely personal. It also opens up new opportunities in brand-consumer interaction, particularly for campaigns involving audio branding or experiential marketing. The tool reflects Spotify’s continued investment in leveraging AI to deepen user personalization.

Image Credit: Spotify AI Playlist",9.3,"Ellen Smith — April 10, 2025 — Art & Design
References: newsroom.spotify",Art & Design,https://www.trendhunter.com/trends/spotify-ai-playlist
AI Video Advertisement Generators,"Agent Gold is an AI-powered tool built for YouTube content creators looking to develop standout videos with a data-driven edge. The platform analyzes high-performing outlier videos in a given niche and distills the insights into tailored content suggestions. Creators receive one strong idea at a time — complete with suggested titles, thumbnails, opening hooks, and scripts — aligned with their existing style and audience.

This helps reduce creative guesswork and increases the likelihood of hitting audience interest. Agent Gold also offers A/B testing and video optimization features, enabling users to refine elements like thumbnails and titles before publishing. For content teams or solo creators aiming to grow their channel with fewer misfires, this tool streamlines the research and iteration process with a strategic, data-informed approach.

Image Credit: Agent Gold",6.9,"Ellen Smith — April 10, 2025 — Tech
References: agentgold.ai",Tech,https://www.trendhunter.com/trends/agent-gold
AI-Powered Content Creation,"Dubble is a process documentation tool designed to automatically generate training materials and how-to guides based on user activity. As individuals complete tasks, Dubble captures their screen actions and translates them into structured, step-by-step documentation, complete with annotated screenshots and optional video walkthroughs.

This tool eliminates the need for manual note-taking or recording processes separately, saving time and ensuring consistency. It's particularly useful in onboarding, SOP creation, and internal training—key areas where clear, repeatable instructions are critical. For fast-scaling teams or remote-first companies, Dubble can standardize knowledge sharing across roles and geographies, minimizing disruption and ramp-up time. By embedding documentation in the flow of work, it supports operational efficiency and reduces the friction often associated with knowledge transfer.

Image Credit: Dubble",5,"Ellen Smith — April 10, 2025 — Business
References: dubble.so",Business,https://www.trendhunter.com/trends/dubble
AI Marketing Blueprints,"The Pocus AI Account Plan Generator is a sales enablement tool designed to streamline strategic account planning. It pulls from publicly available sources like 10-K filings, company websites, industry news, and podcasts to generate a customized plan for engaging specific accounts.

What sets this tool apart is its ability to integrate a company’s own value propositions into the pitch, offering tailored messaging recommendations for outreach. For revenue teams and account executives, this automation reduces the time spent on manual research and helps ensure consistency in strategy and messaging. In fast-paced B2B sales environments where personalization is key, tools like this support efficiency and accuracy, enabling sellers to focus more on execution and less on prep work.

Image Credit: Pocus AI Account Plan",4.3,"Ellen Smith — April 10, 2025 — Business
References: app.pocus",Business,https://www.trendhunter.com/trends/pocus-ai-account-plan
Social Proof Enhancement Tools,"NotCommon is a browser extension focused on digital identity verification and online safety. It operates in real time, helping users determine whether social media profiles and websites are legitimate while they browse. This includes verifying accounts even in direct messages, a common vector for impersonation scams.

Designed for everyday users but especially relevant for businesses, influencers, and digital marketers, NotCommon reduces the risk of fraud by offering an instant visual indicator — a green checkmark — when an account or site is verified. As online impersonation continues to rise, tools like NotCommon offer a low-friction way to maintain trust and security across online interactions. It’s a proactive layer of protection that supports brand integrity and user confidence in digital spaces.

Image Credit: NotCommon",4,"Ellen Smith — April 10, 2025 — Marketing
References: notcommon",Marketing,https://www.trendhunter.com/trends/notcommon
Social Proof Enhancement Tools,"NotCommon is a browser extension focused on digital identity verification and online safety. It operates in real time, helping users determine whether social media profiles and websites are legitimate while they browse. This includes verifying accounts even in direct messages, a common vector for impersonation scams.

Designed for everyday users but especially relevant for businesses, influencers, and digital marketers, NotCommon reduces the risk of fraud by offering an instant visual indicator — a green checkmark — when an account or site is verified. As online impersonation continues to rise, tools like NotCommon offer a low-friction way to maintain trust and security across online interactions. It’s a proactive layer of protection that supports brand integrity and user confidence in digital spaces.

Image Credit: NotCommon",4,"Ellen Smith — April 10, 2025 — Marketing
References: notcommon",Marketing,https://www.trendhunter.com/trends/notcommon
Rhythm Game Platform Expansions,"Sonic Rumble, developed by SEGA, is an upcoming multiplayer party game set to release on May 8, 2025. The game features a battle royale format where up to 32 players compete in various challenges, including obstacle courses and ring-collecting battles. Players can choose from a roster of iconic Sonic characters, such as Sonic, Tails, Knuckles, and Amy, each represented as toy versions within a whimsical world created by Dr. Eggman. Sonic Rumble incorporates diverse gameplay modes, including Run, Survival, and Ring Battle, offering short, engaging matches that cater to casual and competitive players alike.

The game emphasizes customization and rewards, allowing players to unlock character skins, emotes, and other cosmetic items through gameplay or pre-registration bonuses. Sonic Rumble also introduces a Season Pass system, providing additional content without relying on gacha or pay-to-win mechanics. Available on iOS, Android, and PC platforms, the game aims to blend the fast-paced action of the Sonic franchise with the social and competitive elements of party games. By integrating familiar characters and innovative gameplay, Sonic Rumble seeks to appeal to both long-time fans and new players.

Image Credit: SEGA",4.5,"Colin Smith — April 10, 2025 — Business
References: engadget",Business,https://www.trendhunter.com/trends/sonic-rumble
Frothy Canned Cold Brews,"Bartenders often dread making popular drinks like the espresso martini because multiple ingredients and frequent requests can slow down service and disrupt the flow of the bar—and SERVED enhances bar experiences for all with premium draught cocktails.

The award-winning RTD brand worked with Heineken to develop a draught cocktail solution for venues that want to enhance the speed of service, quality and consistency, or venues that want to serve cocktails yet lack the space or staff to do so. This solution for quality cocktails is launching with three of the most popular cocktails in the on-trade: the Margarita, Passion Fruit Martini, and Espresso Martini.

SERVED draught is exclusively available to purchase through Heineken. Made with natural and sustainably sourced ingredients and SERVED Founders Reserve vodka or tequila, these premium draught cocktails can be ordered in a stackable 10-litre recyclable bag-in-box format.",6.1,"Laura McQuarrie — April 10, 2025 — Lifestyle
References: barmagazine",Lifestyle,https://www.trendhunter.com/trends/premium-draught-cocktails
Travel-Friendly PMS Oils,"As of 2025, Bayer Consumer Health entered the menopause category and introduced its new CanesMeno brand with a science-backed product range and an expertly crafted digital education resource.

The CanesMeno product range includes scientifically formulated products like the Hydration & Comfort Gel with Ectoin to provide fast relief from dryness, itching and burning for up to five days, and Menopause Support Night daily food supplement with ashwagandha, hops and Vitamin B6 to address the specific nutritional and sleep needs of menopausal women.

On the CanesMeno Hub, consumers can find a downloadable guide to the signs of menopause, a menopause tracker to log private and personalized insights, and articles to help with navigating changes onset by a natural life transition.",6.8,"Laura McQuarrie — April 10, 2025 — Lifestyle
References: appnesmeno & bayer",Lifestyle,https://www.trendhunter.com/trends/canesmeno
Luxurious Scotch Whisky Platforms,"LYQD is the world's first AI-enhanced online exchange for cask whiskey, and it's poised to change how people buy, sell and hold cask whiskey. As it stands, there are 44 million cases of whisky worth an estimated 79 billion Euros currently stored for aging worldwide, and LYQD sees the potential to become the go-to exchange for cask whiskey.

This new platform and marketplace aims to democratize the world of Irish whiskey cask investing, making alternative assets more accessible to new investors and offering liquidity to existing ones. ""As the world’s first online exchange for cask whisky enhanced by artificial intelligence, our technology brings transparency to a market for the benefit of all legitimate stakeholders,"" said LYQD CEO James Jardella.",8.9,"Laura McQuarrie — April 10, 2025 — Tech
References: launch.lyqd.io & fabnews.live",Tech,https://www.trendhunter.com/trends/lyqd
Ingredient-Based Recipe Finders,"Leanpath launched a new mobile reporting app that uses AI to make food waste prevention more accessible for foodservice kitchens, and an integral part of daily operations. Created to support more profitable, more sustainable kitchens, Leanpath unlocks valuable insights, food waste alerts, and real-time waste data, including top wasted foods and why they're wasted. With the support of generative AI, kitchens know exactly how to improve efficiency and cut waste.

""Our new mobile app is a game-changer for busy culinary professionals. It's like having a food waste prevention expert in your pocket, offering real-time insights and recommendations throughout the day,"" shared Brennan Hogan, VP of Product at Leanpath, ""It's about making food waste prevention as intuitive as checking your social media feed.""",7.4,"Laura McQuarrie — April 10, 2025 — Tech
References: blog.leanpath & businesswire",Tech,https://www.trendhunter.com/trends/leanpath
Prepackaged All-Day Breakfast Products,"The Honest Smash + Grab Breakfast Menu has been announced by the Honest Burger location on Liverpool street in London as a lineup of items perfect for enjoying in the morning hours. The menu includes such options as the Breakfast Muffins, Craft House Coffee, hot chocolate, juices and teas, which are all being offered in the same grab-and-go format as the brand's lunch and dinner options. The Breakfast Muffins come in a variety of options including the Bacon Muffin, The Honest Breakfast Muffin, the Bacon, Egg + Cheese Muffin and more priced starting at £3.50.

The Honest Smash + Grab Breakfast Menu will be on offer from 6:30 to 10:30am Monday to Friday and 8 to 11am on weekends.",5.3,"Michael Hemsworth — April 10, 2025 — Lifestyle
References: honestburgers & retailtimes",Lifestyle,https://www.trendhunter.com/trends/honest-smash-grab-breakfast-menu
Moss-Colored Dog Accessories,"CocoLéash by Maison FurRéal is the world's first retractable leash with an integrated hand warmer and power bank, offering a more comfortable experience for pets and pet owners alike. Available in stylish colors like Choco, Beige, and Purple, the CocoLéash sports an elegant design with ergonomic details and an intelligent temperature control system, plus enough power to offer up to eight hours of hand warming.

When it comes to topping up devices on the go, CocoLéash delivers a boost with a portable, powerful, and long-lasting 4800mAh built-in battery.

At the 2025 Global Pet Expo's New Products Showcase Awards, the CocoLéash by Maison FurRéal took home second place in the Pet Tech Innovation Category.",9.1,"Laura McQuarrie — April 10, 2025 — Tech
References: furrealmaison & fox4kc",Tech,https://www.trendhunter.com/trends/cocoleash
Eco-Friendly Dissolving Shampoo Bottles,"The 'BottleLoom' bottle strip cutter is a recycling tool for use with plastic water bottles that will help to transform them into a functional material for a wide range of uses. The tool is crafted out of titanium and will work on a wide range of plastic bottles to quickly transform them into strips of plastic that can be used for craft projects, manufacturing purposes and more. The tool is rated to cut plastic bottles into three different strip sizes, which will work well for a variety of projects and more.

The 'BottleLoom' bottle strip cutter has been developed by New Creativity and is being launched as part of a Kickstarter campaign for DIYers to pledge for.

Image Credit: Kickstarter/New Creativity",6.9,"Michael Hemsworth — April 10, 2025 — Eco
References: kickstarter & homecrux",Eco,https://www.trendhunter.com/trends/bottle-strip-cutter
Insulted All-Season Tents,"The Rumpl Wrap Sack 20° is a three-season sleeping bag built with customization in mind to accommodate campers who run hot or who want to simply adapt according to the conditions. The sleeping bag boasts a roomy design that will enable the sleeper to move around freely in the night and is rated for 20-degree Fahrenheit conditions to make it great for a variety of scenarios. The unit is paired with a mix of NanoLoft and RenewaLoft insulation, which will work well when the temperature drops and additional warmth is needed.

The Rumpl Wrap Sack 20° is finished with a PFAS-free water-repellent finish that will prevent it from becoming moist overnight or when dealing with inclement weather.",4.5,"Michael Hemsworth — April 10, 2025 — Fashion
References: rumpl & coolthings",Fashion,https://www.trendhunter.com/trends/rumpl-wrap-sack-20
Cultivated Seafood Cat Treats,"Ten Lives makes sustainable snacks for cats by using precision fermentation enhanced by artificial intelligence to replace animal protein without compromising the health of carnivores. Precision fermentation is already changing the way people consume meat alternatives and other food products without relying on animal agriculture, and with its innovative products, Ten Lives is on a mission to reduce the environmental impact of pets' diets.

These vegan-friendly lickable treats for cats boast ""an irresistible blend of kill-free, harm-free ingredients,"" featuring protein found in the natural prey of cats. At Global Pet Expo 2025, Ten Lives offered a look at its new lickable cat treat made with clean, ethical rabbit protein—one ton of animal protein replaced represents 5,000 animal lives saved.",8.5,"Laura McQuarrie — April 10, 2025 — Tech
References: tenlives & petfoodprocessing.net",Tech,https://www.trendhunter.com/trends/ten-lives
Industrial Exterior Lounge Chairs,"Ultra-modern decor has quickly become unrealistic for consumers who want to relax in their living space, so brands are taking note as observed with the new Knoll Perron Bun lounge chair and ottoman. Designed by Willo Perron, the chair features a nest-like design that's plush and will encourage the sitter to relax and unwind as they sink into it. The chair has a fully upholstered design that's held suspended in place by a metallic frame to provide support, but also help to offset the plush aesthetic.

The Knoll Perron Bun lounge chair and ottoman is being showcased at Salone del Mobile 2025 and is available now for purchase via the brand's website together or separately for consumers to consider.

Image Credit: Knoll",5.6,"Michael Hemsworth — April 10, 2025 — Art & Design
References: prnewswire & homecrux",Art & Design,https://www.trendhunter.com/trends/knoll-perron-bun
In-Game Social Solutions,"Dragon Snacks Games is developing a new title, Solar Punk, which aims to create a community-centered gaming experience that emphasizes connection, collaboration, and creativity. The game is set in a vibrant, sustainable world inspired by the solarpunk aesthetic, which envisions a future where technology and nature coexist harmoniously. Solar Punk is designed to serve as a ""third place"" for young gamers—a social hub outside of home and school—where players can engage in multiplayer and cooperative gameplay. The game encourages player-driven content creation, allowing users to build and customize their own social spaces within the game, fostering a sense of ownership and community.

The development of Solar Punk reflects Dragon Snacks Games' commitment to addressing emerging trends in the gaming industry, such as the integration of generative AI and the shift toward smaller, agile development teams. The studio's approach prioritizes inclusivity and sustainability, aiming to meet the needs of younger players who increasingly seek interactive and collaborative experiences. By blending innovative gameplay mechanics with a focus on social interaction, Solar Punk aspires to redefine the role of video games as platforms for meaningful connection and creative expression.

Image Credit: Dragon Snacks Games",6.9,"Colin Smith — April 10, 2025 — Tech
References: venturebeat",Tech,https://www.trendhunter.com/trends/dragon-snacks-games
Brand Anniversary Timepiece Models,"The Timex 1995 Intrepid Reissue watch has been shown off by the brand as its latest archival timepiece that pays homage to a classic from the 90s for vintage lovers alike to pick up. The watch boasts a sporty style aesthetic that consists of a 46mm case that's accented by a white dial, oversized black markers to enhance legibility and the brand's signature INDIGLO backlight for maximizing visibility in low-light conditions.

The Timex 1995 Intrepid Reissue watch is built out of stainless steel and paired with a black rubber strap that combine to give it a modern yet retro finish. The watch is powered by a quartz movement, features 100-meters of water resistance and affordably priced at $199 to give it an accessible profile.",10,"Michael Hemsworth — April 10, 2025 — Fashion
References: timex & blessthisstuff",Fashion,https://www.trendhunter.com/trends/timex-1995-intrepid-reissue
In-Game Festival Concerts,"Sabrina Carpenter has joined Fortnite as the headliner for its Festival Season 8, bringing a unique blend of music and gaming to the platform. This collaboration introduces a variety of Sabrina Carpenter-themed content, including in-game skins inspired by her tour outfits, emotes, and accessories such as the SC Heart Purse Back Bling and Sabrina's Mic. Players can acquire these items through the Music Pass or directly from the Item Shop, offering multiple ways to engage with the new content. Additionally, the festival features Carpenter's hit songs, such as ""Juno"" and ""Nonsense,"" enhancing the immersive experience for fans and players alike.

The Fortnite Festival mode, introduced in this season, allows players to participate in rhythm-based gameplay reminiscent of music games like Guitar Hero. Players can form bands, perform songs, and compete for high scores in various stages, blending musical interaction with Fortnite's dynamic environment. This collaboration highlights Fortnite's ability to integrate diverse entertainment elements, creating a platform where music and gaming converge. Sabrina Carpenter's involvement not only expands her reach to a broader audience but also enriches the gaming experience for Fortnite players.

Image Credit: Epic Games",9.9,"Colin Smith — April 10, 2025 — Pop Culture
References: fortnite",Pop Culture,https://www.trendhunter.com/trends/sabrina-carpenter-fortnite
Ultra-Compact Packable Backpacks,"The Topo Designs Rover Trail Pack is an accessory crafted with the requirements of hikers, avid campers and urban explorers alike in mind to help them keep all of their essentials stowed. The pack is constructed with a 22-liter capacity that's designed with all-day wear in mind thanks to a molded back panel, while the contoured straps and load lifters help to further elevate capabilities. The pack also features a waist strap that can be hidden when not in use, while the J-panel front opening will maximize access to interior compartments.

The Topo Designs Rover Trail Pack is made in a Fair Trade Certified factory to give it an ethical, eco-friendly edge over other backpacks on the market.",7.9,"Michael Hemsworth — April 10, 2025 — Lifestyle
References: topodesigns & blessthisstuff",Lifestyle,https://www.trendhunter.com/trends/topo-designs-rover-trail-pack
Effective Teeth Stain Wipes,"Snow is looking to revolutionize the oral care space with a whitening electric toothbrush. The set features the Snowlight™ Advanced Whitening Electric Toothbrush, two Triple LED soft-bristled brush heads, a UV disinfecting travel case, a face brush, a tongue scraper, a long-lasting charge, and a charging base.

The whitening electric toothbrush boasts a few settings—a whitening mode, a sensitive mode, a massage mode for gums, and a combo mode for whitening and gum care. The Snowlight™ Triple LED lights are color-coded, as well, with blue for whitening support, red for gum care, and purple for both. Other features of Snow's Whitening Electric Toothbrush include an intelligent brushing timer, as well as self-sanitizing capabilities for the on-the-go case.

Image Credit: Snow",5.2,"Kalin Ned — July 24, 2023 — Lifestyle
References: trysnow",Lifestyle,https://www.trendhunter.com/trends/whitening-electric-toothbrush
Electrolytic Dog Toothbrushes,"The Ultim8 SmartBrush System was created to provide solutions to three major pain points of the everyday oral care experience. According to the dentist-founded brand SuperMouth, traditional toothbrushes are ineffective, unsafe, and unhygienic. Both manual and electric toothbrushes can still fail to reach difficult-to-clean areas of the mouth, and to make matters worse, many toothbrushes are overly abrasive.

The Ultim8 SmartBrush System created by Dr. Kami Hoss—founder of SuperMouth—delivers a different experience with ortho-specific cleaning power that boasts enhanced performance around braces, wires and brackets; real-time pressure sensors; and a patent-pending SmartHub with a built-in UV sanitizer to eliminate 99.9% of germs.

Since aesthetic appeal can play a part in encouraging the display and use of toothbrushes, the system is available in Sapphire Blue, Pearly White, and Rose Gold colorways.",4.6,"Laura McQuarrie — November 21, 2024 — Lifestyle
References: supermouth & businesswire",Lifestyle,https://www.trendhunter.com/trends/ultim8-smartbrush-system
Portable Toothbrush sanitizers,"The HAHATEC Self Sanitizing Toothbrush is a foldable, UV self-cleaning toothbrush designed to enhance hygiene and convenience for users. This innovative toothbrush incorporates UV-C sterilization technology, which effectively eliminates bacteria and germs from the brush head, ensuring a clean and safe brushing experience every time. Its compact, foldable design makes it ideal for travel and on-the-go use, while the sonic vibration feature provides thorough cleaning with reduced irritation. The toothbrush is engineered to deliver effective oral care while maintaining high standards of hygiene through its automatic sterilization process.

In addition to its functional benefits, the HAHATEC Self Sanitizing Toothbrush emphasizes user-friendly features and portability. The device is equipped with a rechargeable battery, offering long-lasting performance for daily use. Its lightweight and ergonomic design cater to diverse user needs, making it suitable for individuals seeking a practical and hygienic oral care solution. By combining advanced sterilization technology with efficient cleaning capabilities, the HAHATEC Self Sanitizing Toothbrush represents a significant step forward in personal oral hygiene products.

Image Credit: HAHATEC",5.3,"Colin Smith — April 7, 2025 — Lifestyle
References: hknihon & fortress.hk",Lifestyle,https://www.trendhunter.com/trends/hahatec-self-sanitizing-toothbrush
Ultra-Compact Packable Backpacks,"The Topo Designs Rover Trail Pack is an accessory crafted with the requirements of hikers, avid campers and urban explorers alike in mind to help them keep all of their essentials stowed. The pack is constructed with a 22-liter capacity that's designed with all-day wear in mind thanks to a molded back panel, while the contoured straps and load lifters help to further elevate capabilities. The pack also features a waist strap that can be hidden when not in use, while the J-panel front opening will maximize access to interior compartments.

The Topo Designs Rover Trail Pack is made in a Fair Trade Certified factory to give it an ethical, eco-friendly edge over other backpacks on the market.",7.9,"Michael Hemsworth — April 10, 2025 — Lifestyle
References: topodesigns & blessthisstuff",Lifestyle,https://www.trendhunter.com/trends/topo-designs-rover-trail-pack
Alcove-Equipped Micro Campers,"The Escapod TOPO2 MTB camping trailer is a solution for avid off-road cyclists in mind that will accommodate their travel lifestyle by providing them with a spot to rest, but also a way to tow their bikes. The trailer is constructed with 23-inches of ground clearance to work well on any terrain and features the Freeride Suspension that will maximize ride comfort. The trailer also features a single-piece fiberglass shell construction that's lightweight yet strong.

The Escapod TOPO2 MTB camping trailer is rated to hold up to two 80-pound bikes in the rear thanks to the Kuat Piston ION bike rack. The trailer reveals a queen-sized bed inside alongside insulation for added temperature comfort, forced air heating, dimmable LED lighting and more.",7.4,"Michael Hemsworth — April 10, 2025 — Autos
References: escapod.us & blessthisstuff",Autos,https://www.trendhunter.com/trends/escapod-topo2-mtb
Menopause-Focused Collagen Ranges,"Many women feel blindsided by the sudden onset of menopause symptoms, and Ask Elina was developed as a reliable source of support to help women manage changes. Elina is described as a ""menopause mentor"" and helps women navigate both menopause and perimenopause without the confusion, frustration, isolation, or overwhelm.

Elina is a companion that leverages conversational AI to provide both knowledge and compassion to women who are underserved while managing natural life transitions, and help them handle symptoms and optimize their mental and physical health.

Elina is powered by Belong.Life's AI Health Mentor SaaS solution. This AI-powered mentor for (peri)menopause connecting women to on-demand, understandable, evidence-based information meaningful to their unique journey is set to launch in May 2025.",8.8,"Laura McQuarrie — April 10, 2025 — Tech
References: askelina & prnewswire",Tech,https://www.trendhunter.com/trends/ask-elina
AI-Driven Tutoring Tools,apple bananan apple bananan apple bananan apple bananan apple bananan apple bananan apple bananan apple bananan apple bananan apple bananan apple bananan apple bananan apple bananan apple bananan apple bananan apple bananan apple bananan apple bananan apple bananan apple bananan apple bananan apple bananan apple bananan apple bananan apple bananan apple bananan apple bananan apple bananan apple bananan apple bananan apple bananan apple bananan apple bananan apple bananan apple bananan apple bananan apple bananan apple bananan apple bananan apple bananan apple bananan apple bananan apple bananan apple bananan apple bananan apple bananan apple bananan apple bananan apple bananan apple bananan apple bananan apple bananan apple bananan apple bananan apple bananan apple bananan apple bananan apple bananan apple bananan apple bananan apple bananan apple bananan apple bananan apple bananan apple bananan apple bananan apple bananan apple bananan apple bananan apple bananan apple bananan apple bananan apple bananan apple bananan apple bananan apple bananan apple bananan apple bananan apple bananan apple bananan apple bananan apple bananan apple bananan apple bananan apple bananan apple bananan apple bananan apple bananan apple bananan apple bananan apple bananan apple bananan apple bananan apple bananan apple bananan apple bananan apple bananan apple bananan apple bananan apple bananan apple bananan apple bananan apple bananan apple bananan apple bananan apple bananan apple bananan apple bananan apple bananan apple bananan apple bananan apple bananan apple bananan apple bananan apple bananan apple bananan apple bananan apple bananan apple bananan apple bananan apple bananan apple bananan apple bananan apple bananan apple bananan apple bananan apple bananan apple bananan apple bananan apple bananan apple bananan apple bananan apple bananan apple bananan apple bananan apple bananan apple bananan apple bananan apple bananan apple bananan,4.6,"Richard Ma — April 10, 2025 — About
References: test",About,https://www.trendhunter.com/trends/apple81-banana11
Playful Pattern Luxe Blankets,"The Row soft goods collection was showcased by the quiet luxury brand at Milan Design Week as a series of housewares that put a focus on high-end quality with a strong attention to understated elements.

The collection puts a number of simple colors including beige, tan and black in the spotlight, which is observed with handwoven blankets from India and a quilted bedding set. The various items are each crafted with a variety of cashmere that's harvested from young goats and weighs in at less than 14.5-microns to maximize coziness and minimize weight. The various pieces in the collection feature the brand's subtle logo in the corner.

The Row soft goods collection could mark the brand's first foray into the world of housewares with future creations just on the horizon.

Image Credit: The Row / François Halard, hypebeast, therow",5.4,"Michael Hemsworth — April 10, 2025 — Luxury
References: therow & hypebeast",Luxury,https://www.trendhunter.com/trends/soft-goods-collection
AI Care Robots,"The Onorato AI companion parrot is a robotic pet created with senior care and companionship in mind to work well for the increasing number of elderly consumers who live alone. The product comes in the form of a brightly colored parrot that holds a camera, temperature sensor and a motor within that will support 180-degree movement. The bird will provide companionship to its owner, but will also monitor for falls and additional issues to keep seniors who live alone in good health.

The Onorato AI companion parrot is also focused on emotional wellbeing and will track mood changes and unusual behavior to ensure the person is staying healthy overall. The robotic parrot is being launched as part of a Kickstarter campaign.",9.6,"Michael Hemsworth — April 10, 2025 — Life-Stages
References: kickstarter & gadgetify",Life-Stages,https://www.trendhunter.com/trends/onorato-ai
Playful Pattern Luxe Blankets,"The Row soft goods collection was showcased by the quiet luxury brand at Milan Design Week as a series of housewares that put a focus on high-end quality with a strong attention to understated elements.

The collection puts a number of simple colors including beige, tan and black in the spotlight, which is observed with handwoven blankets from India and a quilted bedding set. The various items are each crafted with a variety of cashmere that's harvested from young goats and weighs in at less than 14.5-microns to maximize coziness and minimize weight. The various pieces in the collection feature the brand's subtle logo in the corner.

The Row soft goods collection could mark the brand's first foray into the world of housewares with future creations just on the horizon.

Image Credit: The Row / François Halard, hypebeast, therow",5.4,"Michael Hemsworth — April 10, 2025 — Luxury
References: therow & hypebeast",Luxury,https://www.trendhunter.com/trends/soft-goods-collection
Conveniently Pouched Greek Yogurts,"Yogurt in pouch packaging is convenient, portable and mess-free, and although this format is often used for snacks made for kids, Siggi's adapted pouch-style yogurt for adults to offer Protein Packs—a hassle-free snack that's both nutritious and easy to enjoy on the go. This format is somewhere between a spoonable cup yogurt and a drinkable yogurt in a bottle, diversifying the available choices in Siggi's product portfolio for different on-the-go snacking occasions.

These adult-targeted Protein Packs launched in varieties like Blueberry Pomegranate and Strawberry Açai, each made with real fruit and real dairy. Nutritionally, each 4.5-ounce pouch contains 11 grams of protein without preservatives, artificial flavors, or artificial sweeteners. Siggi's Protein Packs are made with reduced-fat yogurt that has 44% less fat than regular yogurt, and this is called out on-pack.",8.9,"Laura McQuarrie — April 10, 2025 — Lifestyle
References: siggis",Lifestyle,https://www.trendhunter.com/trends/protein-packs
Manga-Inspired Game Collaborations,"Epic Games has officially confirmed a collaboration between Fortnite and the animated series Adventure Time, set to launch on April 11, 2025. This crossover introduces skins and cosmetics based on popular Adventure Time characters, including Finn, Jake, Marceline, and Princess Bubblegum. Each character will have unique accessories, such as pickaxes, back blings, and weapon wraps, with some items featuring LEGO variants for use in Fortnite's LEGO mode. The collaboration is expected to include bundles for each character, available for purchase through the Fortnite Item Shop. While pricing details have not been disclosed, previous collaborations suggest individual skins may cost between 1,500 and 1,800 V-Bucks, with bundles priced higher.

In addition to character skins, the collaboration may feature themed emotes and other cosmetics, as well as potential Easter eggs related to Adventure Time scattered across the Fortnite map. This marks the first partnership between Fortnite and a Cartoon Network series, highlighting Epic Games' ongoing efforts to expand its roster of crossover content. Adventure Time, known for its imaginative storytelling and distinctive characters, aligns well with Fortnite's creative and dynamic gameplay environment. Fans of both franchises can look forward to exploring this unique blend of worlds in the upcoming release.

Image Credit: Epic Games",10,"Colin Smith — April 10, 2025 — Marketing
References: esportsinsider",Marketing,https://www.trendhunter.com/trends/fortnite-adventure-time
Influencer-Backed Home Collections,"Vanilla Suede is Febreze's fourth annual Scent of the Year and it builds on the warm and comforting qualities of vanilla with brushed mahogany and gold amber. Altogether, the scent experience is indulgent yet cozy, and useful for elevating the atmosphere of any living space.

“Amidst the chaos of everyday life, we’re seeing a rise in self-indulgence and a desire to take back control of our spaces,” said Febreze master perfumer Rafael Trujillo, “People are looking for reasons to spend more time at home, whether that means hosting friends or curating the perfect night in and Vanilla Suede helps them do just that: transform any space into a personal oasis.”

From Febreze’s new Blends Collection, Vanilla Suede is available in Febreze AIR and the Febreze PLUG Scent Booster.",5,"Laura McQuarrie — April 10, 2025 — Art & Design
References: businesswire",Art & Design,https://www.trendhunter.com/trends/vanilla-suede
Rugged Vibrant Bluetooth Speakers,"The Sony ULT speaker range has been expanded by the brand to showcase a number of new devices that will help consumers to elevate their audio capabilities when listening at home or out of the house. The range now includes the ULT Field 3, the ULT Field 5, the ULT Tower 9 and the ULT Mic, which are each engineered with a different lifestyle in mind. The Sony ULT Field 3 and Field 5 are engineered with portability capabilities in mind, while the Sony ULT Tower 9 works well in a variety of party-centric scenarios and the Sony ULT Mic works well for announcers or karaoke.

The new additions to the Sony ULT speaker range are priced ranging from $150 to $900 and are available now to pick up.",7.2,"Michael Hemsworth — April 10, 2025 — Tech
References: sony & engadget",Tech,https://www.trendhunter.com/trends/sony-ult
Influencer-Backed Home Collections,"Vanilla Suede is Febreze's fourth annual Scent of the Year and it builds on the warm and comforting qualities of vanilla with brushed mahogany and gold amber. Altogether, the scent experience is indulgent yet cozy, and useful for elevating the atmosphere of any living space.

“Amidst the chaos of everyday life, we’re seeing a rise in self-indulgence and a desire to take back control of our spaces,” said Febreze master perfumer Rafael Trujillo, “People are looking for reasons to spend more time at home, whether that means hosting friends or curating the perfect night in and Vanilla Suede helps them do just that: transform any space into a personal oasis.”

From Febreze’s new Blends Collection, Vanilla Suede is available in Febreze AIR and the Febreze PLUG Scent Booster.",5,"Laura McQuarrie — April 10, 2025 — Art & Design
References: businesswire",Art & Design,https://www.trendhunter.com/trends/vanilla-suede
Rugged Vibrant Bluetooth Speakers,"The Sony ULT speaker range has been expanded by the brand to showcase a number of new devices that will help consumers to elevate their audio capabilities when listening at home or out of the house. The range now includes the ULT Field 3, the ULT Field 5, the ULT Tower 9 and the ULT Mic, which are each engineered with a different lifestyle in mind. The Sony ULT Field 3 and Field 5 are engineered with portability capabilities in mind, while the Sony ULT Tower 9 works well in a variety of party-centric scenarios and the Sony ULT Mic works well for announcers or karaoke.

The new additions to the Sony ULT speaker range are priced ranging from $150 to $900 and are available now to pick up.",7.2,"Michael Hemsworth — April 10, 2025 — Tech
References: sony & engadget",Tech,https://www.trendhunter.com/trends/sony-ult
Nutritious Hummus Snack Packs,"Crafting the perfect batch of nachos is about to get easier and more delicious than ever in the UK thanks to the new Holy Moly Fully Loaded Nacho Kit that has been developed by the avocado dip brand with convenience and quality in mind.

The product comes with enough tortilla chips, Holy Moly Original Guacamole, Holy Moly Red Pepper & Tomato Salsa and Holy Moly Nacho Chilli Cheese in the mix for two to three servings. The kit is making its debut at Sainsbury's now with ASDA slated to start receiving stock in July 2025. The snack kit is priced at £5.99.

Co-Founder Tom Walker commented on the Holy Moly Fully Loaded Nacho Kit saying, ""We know shoppers want more from meal kits – better quality, better value, and fewer compromises. Our Fully Loaded Nacho Kit is our answer, made with real ingredients and designed to deliver big flavour and convenience all in one big orange box.”",6.7,"Michael Hemsworth — April 10, 2025 — Lifestyle
References: holymolydips & retailtimes",Lifestyle,https://www.trendhunter.com/trends/nacho-kit
Frozen Air Fryer Cookies,"Days after April Fool's, when people brace themselves to encounter prank products, Cheetos introduced orange-colored Cheetos Pants so that snackers can snack in style and wipe their hands when they get dusty. These trousers created by Impact BBDO and BBDO New York feature built-in areas with a towel-like texture for wiping fingertips free of Cheetle—the official name for the brand's cheesy dust.

The pants for snacking also include features like large-scale pockets to fit a bag of Cheetos, and extra space for stashing everyday essentials.

Cheetos Pants for the Cheetos-obsessed are currently available online, while supplies last, in sizes from XXS to 3XL. Fortunately for those who miss out, the dedicated Cheetos Pants microsite shares ""advanced search technology to scan the entire shoppable internet to find you other orange pants from around the globe.""",9.7,"Laura McQuarrie — April 10, 2025 — Unique
References: Cheetospants & community.designtaxi",Unique,https://www.trendhunter.com/trends/cheetos-pants
Philadelphia Cuisine Snack Chips,"These new Lay's chips flavors are being launched by the brand as part of its Do Us a Flavor contest as a way to get consumers involved in the product development process. The snack chip flavors come in three flavors including Bacon Grilled Cheese, Korean-Style Fried Chicken and Valentina & Lime, the latter of which is crafted with the flavor of Valentina Hot Sauce in the spotlight. The snacks range from simple to complex in flavor profile and are thus perfect for avid fans to try out when on the hunt for ways to elevate their snacking experiences.

The new Lay's chips flavors are hitting store shelves now and can be voted for online from April 21 through June 13, 2025 to help consumers have their say in who should win the $1-million prize.

Image Credit: Lay's / Allrecipes",9.5,"Michael Hemsworth — April 10, 2025 — Lifestyle
References: lays & allrecipes",Lifestyle,https://www.trendhunter.com/trends/lays-chips-flavors
Sweetly Finished Pretzel Bites,"The rich, creamy texture of peanut butter naturally complements the savory crunch of salty flavors, inspiring Reese's to incorporate its iconic peanut butter filling into Reese's Filled Pretzels.

This crunchy, creamy, sweet and salty snack appeals to fans who are constantly searching for new ways to satisfy their craving for Reese's peanut butter, and this bite-sized snack is ready to be enjoyed at any time of the day. For different snacking occasions, Reese's Filled Pretzels are launching in five-ounce bags for life on the go, nine-ounce pouches for snack breaks, and generously sized 18-ounce jars for sharing.

Reese’s Filled Pretzels, now available at retailers across the nation, meet the demand for familiar flavors introduced in new formats and multisensory eating experiences.",5.9,"Laura McQuarrie — April 10, 2025 — Lifestyle
References: thehersheycompany & prnewswire",Lifestyle,https://www.trendhunter.com/trends/reeses-filled-pretzels
Stainless Steel Litter Boxes,"The Petlux V3 is an advanced automatic litter box designed to accommodate cats of various sizes, including larger breeds. This self-cleaning system features a spacious interior and a rotating mechanism that efficiently separates waste from clean litter. The device is equipped with sensors to detect when a cat enters or exits, ensuring safety during operation. Additionally, the Petlux V3 includes a deodorizing system to minimize odors and a waste compartment that can be easily emptied. Its design prioritizes convenience and hygiene, making it suitable for households with multiple cats.

The Petlux V3 is currently available for pre-order through Kickstarter, with pricing starting at $399. Early backers can access discounted rates, and the product is expected to ship later this year. The litter box is compatible with various types of clumping litter, offering flexibility for users. Petlux has emphasized its commitment to sustainability by incorporating recyclable materials into the product's construction. The V3 represents a significant upgrade over previous models, addressing common concerns such as space limitations and maintenance challenges. This innovation aims to enhance the overall experience of pet ownership by simplifying litter management.

Image Credit: Petlux",9.2,"Colin Smith — April 10, 2025 — Tech
References: kickstarter & newatlas",Tech,https://www.trendhunter.com/trends/petlux-v3
90s Horror-Inspired Podcasts,"Millions of people listen to podcasts every week, and for many, it's their favorite form of entertainment—now, Starglow and Nickelodeon are teaming up to create family-friendly podcasts. As a podcast network that specializes in the creation of co-listening content for kids and families, Starglow is uniquely positioned to create podcast programming from beloved franchises.

Thanks to this partnership, families can tune into podcasts like Story Time with Josh & Blue, featuring songs and tales to help kids wind down for the night. Other podcasts feature characters familiar with all ages, like Dora and the dogs from Paw Patrol.

These family co-listening podcasts are not only beneficial for sharpening kids' listening skills and helping to shape daily or weekly routines, but they also inspire imagination and support screen-free fun.",5,"Laura McQuarrie — April 10, 2025 — Life-Stages
References: nickelodeonparents & adweek",Life-Stages,https://www.trendhunter.com/trends/family-friendly-podcasts
Chili Crisp-Seasoned Chicken,"Moe's Southwest Grill has announced it will be adding the Munchies Flamin’ Hot Snack Mix to its ingredient menu as a new option for diners to request on their choice of meal. The snack product is the brand's latest addition to its more than 20 fresh and free ingredients that patrons can enjoy on their meal for no additional fee. The topping is perfect for being added onto a bowl-style meal or one of the brand's burritos for a touch of signature spiciness alongside the crunchy texture from Sunchips, Rold Gold Pretzels, Doritos and Cheetos.

The Munchies Flamin’ Hot Snack Mix is arriving at Moe's Southwest Grill as a limited time offering that will only be available from April 13 through April 20, 2025.

Image Credit: Moe’s",6,"Michael Hemsworth — April 10, 2025 — Lifestyle
References: moes & qsrmagazine",Lifestyle,https://www.trendhunter.com/trends/munchies-flamin-hot-snack-mix
Chili Crisp-Seasoned Chicken,"Moe's Southwest Grill has announced it will be adding the Munchies Flamin’ Hot Snack Mix to its ingredient menu as a new option for diners to request on their choice of meal. The snack product is the brand's latest addition to its more than 20 fresh and free ingredients that patrons can enjoy on their meal for no additional fee. The topping is perfect for being added onto a bowl-style meal or one of the brand's burritos for a touch of signature spiciness alongside the crunchy texture from Sunchips, Rold Gold Pretzels, Doritos and Cheetos.

The Munchies Flamin’ Hot Snack Mix is arriving at Moe's Southwest Grill as a limited time offering that will only be available from April 13 through April 20, 2025.

Image Credit: Moe’s",6,"Michael Hemsworth — April 10, 2025 — Lifestyle
References: moes & qsrmagazine",Lifestyle,https://www.trendhunter.com/trends/munchies-flamin-hot-snack-mix
High-Protein Toaster Pastries,"To better support consumers interested in low-carb and keto products, HeyLO! introduced a fresh look and new items like brownie bars and flatbreads. While the Brownie Bars in Choco, Ginger, and Orange flavors offer a high-fiber, low sugar, vegan, gluten-free way to satisfy sweet cravings without excessive carbs, the multi-pack Flatbreads boast 22 grams of protein per bread, supporting satiety whether it is enjoyed stuffed, dipped, or baked.

In collaboration with No Biscuits and The Tribe agencies, HeyLO! came up with an energetic look that maintains its passionate personality and catches the eyes of consumers in search of healthier yet indulgent baked products. The new logo design for HeyLO! captures the quality, authenticity, and trust associated with the brand, as well as the ""life-changing"" descriptor often used by customers.",7.1,"Laura McQuarrie — April 10, 2025 — Lifestyle
References: weareheylo & foodanddrinktechnology",Lifestyle,https://www.trendhunter.com/trends/heylo
Professional-Grade Solid-State Drives,"The Crucial X9 Pro 2TB SSD is a compact and high-performance external storage solution designed for professionals and general users alike. It features a USB 3.2 Gen 2 interface, offering read and write speeds of up to 1,050MB/s, which makes it suitable for tasks such as editing photos and videos directly from the drive. The SSD is built with Micron TLC NAND and includes hardware-based 256-bit AES encryption for enhanced data security. Its durable design is IP55-rated for water and dust resistance and can withstand drops from up to 7.5 feet, ensuring reliability in various environments. The X9 Pro is compatible with a wide range of devices, including Windows, Mac, Android, Linux, Xbox, and PlayStation, and comes preformatted in the exFAT file system for ease of use.

The X9 Pro's compact size, measuring 65 x 50 mm and weighing only 1.34 ounces, makes it highly portable and convenient for users who require storage on the go. It is available in multiple capacities, including 1TB, 2TB, and 4TB, catering to different storage needs. The SSD is backed by a five-year limited warranty, reflecting Crucial's confidence in its durability and performance. With its combination of speed, security, and portability, the Crucial X9 Pro 2TB SSD is positioned as a versatile option for users seeking reliable external storage solutions.

Image Credit: Crucial",4.5,"Colin Smith — April 10, 2025 — Tech
References: crucial & gizmodo",Tech,https://www.trendhunter.com/trends/crucial-x9-pro-2tb-ssd
Industrial FPS Gaming Keyboards,"Corsair has introduced a new web-based firmware update utility, designed to simplify the process of updating firmware for its peripherals. This tool allows users to update devices such as keyboards, mice, and headsets directly through a web browser, eliminating the need to install additional software like Corsair's iCUE. The utility is optimized for popular browsers, including Chrome, Microsoft Edge, and Opera, and is compatible with both Windows and Mac systems. Corsair is also testing support for Linux. Users can register their email to receive notifications about future firmware updates, and the utility is localized into 12 languages to enhance accessibility.

The web-based firmware update utility reflects Corsair's commitment to providing lightweight and flexible solutions for its customers. It offers a streamlined approach to keeping devices up-to-date, catering to users who prefer not to install software for firmware updates. Corsair plans to expand the utility's compatibility to include additional devices and features in the future. This development underscores the company's focus on user convenience and adaptability in the evolving landscape of gaming peripherals and technology.

Image Credit: Corsair",6.7,"Colin Smith — April 10, 2025 — Tech
References: corsair & kitguru.net",Tech,https://www.trendhunter.com/trends/corsair-web-based-firmware-updater
Generative AI Interpreter Campaigns,"Samsung has announced the integration of Google Gemini AI into its home companion robot, Ballie, as part of an expanded partnership with Google Cloud. Ballie is designed to assist users with household management tasks, such as adjusting lighting, greeting visitors, and setting reminders, through natural conversational interactions. The robot leverages Gemini's multimodal reasoning capabilities alongside Samsung's proprietary language models to process audio, visual, and environmental data, enabling real-time behavioral adaptations. This collaboration builds on the successful integration of Gemini AI into Samsung's Galaxy smartphones, marking a strategic effort to embed generative AI across a broader range of devices.

Ballie is set to launch in the United States and South Korea during the summer of 2025. The robot's features include health and wellness support, offering tailored advice based on user inputs, such as exercise routines or sleep optimization strategies. Additionally, Ballie can provide styling recommendations by analyzing visual data captured through its camera. Samsung aims to position Ballie as a proactive smart home assistant, differentiating it from static voice aides by incorporating mobility and multimodal capabilities. This development underscores Samsung's ambition to redefine the role of AI in modern living environments.

Image Credit: Samsung",8.8,"Colin Smith — April 10, 2025 — Tech
References: news.samsung & theverge",Tech,https://www.trendhunter.com/trends/samsung-ballie-ai
Industrial FPS Gaming Keyboards,"Corsair has introduced a new web-based firmware update utility, designed to simplify the process of updating firmware for its peripherals. This tool allows users to update devices such as keyboards, mice, and headsets directly through a web browser, eliminating the need to install additional software like Corsair's iCUE. The utility is optimized for popular browsers, including Chrome, Microsoft Edge, and Opera, and is compatible with both Windows and Mac systems. Corsair is also testing support for Linux. Users can register their email to receive notifications about future firmware updates, and the utility is localized into 12 languages to enhance accessibility.

The web-based firmware update utility reflects Corsair's commitment to providing lightweight and flexible solutions for its customers. It offers a streamlined approach to keeping devices up-to-date, catering to users who prefer not to install software for firmware updates. Corsair plans to expand the utility's compatibility to include additional devices and features in the future. This development underscores the company's focus on user convenience and adaptability in the evolving landscape of gaming peripherals and technology.

Image Credit: Corsair",6.7,"Colin Smith — April 10, 2025 — Tech
References: corsair & kitguru.net",Tech,https://www.trendhunter.com/trends/corsair-web-based-firmware-updater
Generative AI Interpreter Campaigns,"Samsung has announced the integration of Google Gemini AI into its home companion robot, Ballie, as part of an expanded partnership with Google Cloud. Ballie is designed to assist users with household management tasks, such as adjusting lighting, greeting visitors, and setting reminders, through natural conversational interactions. The robot leverages Gemini's multimodal reasoning capabilities alongside Samsung's proprietary language models to process audio, visual, and environmental data, enabling real-time behavioral adaptations. This collaboration builds on the successful integration of Gemini AI into Samsung's Galaxy smartphones, marking a strategic effort to embed generative AI across a broader range of devices.

Ballie is set to launch in the United States and South Korea during the summer of 2025. The robot's features include health and wellness support, offering tailored advice based on user inputs, such as exercise routines or sleep optimization strategies. Additionally, Ballie can provide styling recommendations by analyzing visual data captured through its camera. Samsung aims to position Ballie as a proactive smart home assistant, differentiating it from static voice aides by incorporating mobility and multimodal capabilities. This development underscores Samsung's ambition to redefine the role of AI in modern living environments.

Image Credit: Samsung",8.8,"Colin Smith — April 10, 2025 — Tech
References: news.samsung & theverge",Tech,https://www.trendhunter.com/trends/samsung-ballie-ai
Plant-Powered Menopause Supplements,"Vitabiotics Wellwoman Perimenopause dietary supplement has been added to the brand's product lineup for women that will provide nutritional support when in the perimenopause life stage. The product is formulated with 25 nutrients in the mix including ashwagandha, soya isoflavone, green tea and sage extracts, vitamin B6, vitamin C, vitamin D and more. The supplement is reported to help with hormone regulation, while also helping with energy release, bone health, nervous system support and more.

Vitabiotics Wellwoman Perimenopause dietary supplement is headed to the UK market as one of a growing number of targeted health products. This comes in response to an increasing demand for ways to help consumers support their nutritional needs when going through particular flies stages that require additional nutrients.",3.8,"Michael Hemsworth — April 10, 2025 — Lifestyle
References: vitabiotics & retailtimes",Lifestyle,https://www.trendhunter.com/trends/vitabiotics-wellwoman-perimenopause
Fruit-Forward Bottled Sodas,"The Hip Pop Berries & Cherries soda is the brand's latest flavor of its signature free-from refreshment that's crafted with the warm weather seasons in mind to offer consumers a way to deliciously quench their thirst.

The soda is crafted with a blend of sweet cherries, blueberries and strawberries in the mix, while still maintaining a low-calorie, naturally sweet profile. The soda also features live bacterial cultures to support good gut health, while a bit of apple cider vinegar and fiber give it a well-rounded profile that's perfect for incorporating into one's daily diet.

Co-Founder Emma Thackray spoke on the Hip Pop Berries & Cherries soda saying, ""Berries & Cherries is our juiciest flavour yet – full of real fruit flavours and added feel-good benefits. More people want soft drinks that do more than just taste good, and this one delivers. We’re excited to be giving people their first taste at the Farm Shop & Deli Show – it’s the perfect way to kick off the season.”",9.2,"Michael Hemsworth — April 10, 2025 — Lifestyle
References: drinkhippop & grocerytrader",Lifestyle,https://www.trendhunter.com/trends/hip-pop-berries-cherries
Effervescent Apple Juice Drinks,"Ziggi’s Coffee Apple Pucker Punch is an energizing new menu item making its way to the brand's participating locations as the perfect way to help consumers boost their hydration in a delicious way. The drink features green apple and coconut flavors in the spotlight, and comes as a coffee alternative that will elevate alertness in a new way. The drink can also be ordered without caffeine, which will see it crafted with sparkling soda to work well for younger consumers or those who would prefer to skip the caffeine.

Ziggi’s Coffee Apple Pucker Punch comes in 16-ounce, 20-ounce, 24-ounce and 32-ounce size options with prices starting at $4.95. The drink is launching alongside the promotional Tax Day scratch ticket that will offer a complimentary perk.

Image Credit: Ziggi’s Coffee",7.1,"Michael Hemsworth — April 10, 2025 — Lifestyle
References: ziggiscoffee & fastfoodclub",Lifestyle,https://www.trendhunter.com/trends/apple-pucker-punch
Summer-Themed Energy Drinks,"The 7Up Endless Summer soda is the brand's latest flavor of its signature citrus soda that's crafted with the carefree warm weather months in mind to quench thirst in the heat. The soda is crafted with the brand's citrus flavor in the spotlight, which is enhanced with watermelon and strawberry flavors to give it a multifaceted taste profile. The soda is thus great for enjoyment on its own, over ice or perhaps even as a mixer for crafting summer-themed cocktails or mocktails.

The 7Up Endless Summer soda comes in both regular and zero sugar formulations, which are arriving in 12-ounce cans as well as 20-ounce bottles. The soda is a Kroger exclusive release and will thus only be on offer at the brand's family of retailers.

Image Credit: 7Up / Allrecipes",9.4,"Michael Hemsworth — April 10, 2025 — Lifestyle
References: 7up & allrecipes",Lifestyle,https://www.trendhunter.com/trends/7up-endless-summer
International Flavor Snack Pies,"The Ginsters Pockets savory pastries are the brand's latest innovation in the UK that boast a grab-and-go format to support consumers who are in need of a delicious yet convenient meal option. The product comes in a variety of savory flavors made with 100% British meat including Chinese Salt & Pepper Chicken, Sriracha Chicken, Steak & Marmite with Cheese, Butter Chicken and Smoky BBQ Beef. The products each feature the brand's signature flaky pastry crust, which will keep the contents of the sandwiches neatly inside during enjoyment.

Marketing Manager Stephanie Allen spoke on the Ginsters Pockets savory pastries saying, ""It’s such an exciting time for the Savoury Pastry category to meet consumer demand in the snacking space. With street food being such a growing trend, the Ginsters chefs have chosen five of the most exciting and tastiest recipes and we’re very proud to be leading the way for more Savoury Pastry snacking innovation to come.""",5.9,"Michael Hemsworth — April 10, 2025 — Lifestyle
References: ginsters & grocerytrader",Lifestyle,https://www.trendhunter.com/trends/ginsters-pockets
International Flavor Snack Pies,"The Ginsters Pockets savory pastries are the brand's latest innovation in the UK that boast a grab-and-go format to support consumers who are in need of a delicious yet convenient meal option. The product comes in a variety of savory flavors made with 100% British meat including Chinese Salt & Pepper Chicken, Sriracha Chicken, Steak & Marmite with Cheese, Butter Chicken and Smoky BBQ Beef. The products each feature the brand's signature flaky pastry crust, which will keep the contents of the sandwiches neatly inside during enjoyment.

Marketing Manager Stephanie Allen spoke on the Ginsters Pockets savory pastries saying, ""It’s such an exciting time for the Savoury Pastry category to meet consumer demand in the snacking space. With street food being such a growing trend, the Ginsters chefs have chosen five of the most exciting and tastiest recipes and we’re very proud to be leading the way for more Savoury Pastry snacking innovation to come.""",5.9,"Michael Hemsworth — April 10, 2025 — Lifestyle
References: ginsters & grocerytrader",Lifestyle,https://www.trendhunter.com/trends/ginsters-pockets
Lip Balm Range Expansions,"The 'Kérastase Gloss Absolu' collection is now available to transform your hair routine into a high-gloss experience. This new collection is all about radiance, offering a four-step system designed to deliver intense shine, lasting hydration, and effortlessly frizz-free strands.

Inspired by skincare science, Gloss Absolu introduces Hydra-Glazing technology -- a powerhouse blend of Hyaluronic Acid for deep moisture, Glycolic Acid to smooth away buildup, and nutrient-rich Wild Rose Oil to leave hair weightless, glossy, and delicately scented.

From the 'Bain Hydra-Glaze Illuminating Shampoo' to the 'Glaze Drops,' each product works harmoniously to create a smooth, reflective surface for that mirror-like shine. Add the 'Fondant Insta Glaze Conditioner' and 'Anti-Frizz Glaze Milk Spray,' and you have the ultimate defense against humidity and dullness. This system results in up to four days of ultra-glossy, touchably soft, frizz-free hair.

Now available at kerastase.ca, sephora.ca, and select salons across Canada.

Image Credit: Kérastase",9.4,"Georgia Wray Norsten — April 9, 2025 — Fashion
References: kerastase",Fashion,https://www.trendhunter.com/trends/krastase-gloss-absolu
Olympic-Inspired Sportswear Collections,"At Milan Design Week, Under Armour x UNLESS unveiled their first-ever collaboration and the launch of a regenerative sportswear collection. ""Our unique and innovative approach represents a significant shift from the traditional production cycle, which often relies heavily on plastics and generates waste,"" said Under Armour Brand President Eric Liedtke, ""By using only plant-based materials, this regenerative sportswear collection is designed to decompose rather than pollute.""

After supporting active individuals, the collection's premium, plant-powered, plastic-free hoodies, t-shirts, shorts, and unisex styles will return to the earth. As seen in the Under Armour x UNLESS collection's vibrant colors and graphics, regenerative fashion that will eventually return to nature doesn't have to come at the cost of style.",8.1,"Laura McQuarrie — April 9, 2025 — Fashion
References: about.underarmour & prnewswire",Fashion,https://www.trendhunter.com/trends/under-armour-x-unless
Olympic-Inspired Sportswear Collections,"At Milan Design Week, Under Armour x UNLESS unveiled their first-ever collaboration and the launch of a regenerative sportswear collection. ""Our unique and innovative approach represents a significant shift from the traditional production cycle, which often relies heavily on plastics and generates waste,"" said Under Armour Brand President Eric Liedtke, ""By using only plant-based materials, this regenerative sportswear collection is designed to decompose rather than pollute.""

After supporting active individuals, the collection's premium, plant-powered, plastic-free hoodies, t-shirts, shorts, and unisex styles will return to the earth. As seen in the Under Armour x UNLESS collection's vibrant colors and graphics, regenerative fashion that will eventually return to nature doesn't have to come at the cost of style.",8.1,"Laura McQuarrie — April 9, 2025 — Fashion
References: about.underarmour & prnewswire",Fashion,https://www.trendhunter.com/trends/under-armour-x-unless
Award-Winning Music-Inspired Tequilas,"The 'Musica Blues Reserva Añejo Limited Edition' is rewriting the rules of premium tequila. Crafted from 100% additive-free blue agave and aged to the rhythm of blues music, this rare release from Musica Tequila blends tradition, innovation, and artistry in a bottle. Limited to just 264 individually numbered units, each bottle is a collector’s dream and a celebration of the brand’s first anniversary.

Aged 18 months in both American and Hungarian oak, the tequila delivers a layered experience: smooth vanilla, rich chocolate, exotic spice, and the unmistakable warmth of cooked agave. Hungarian oak brings a depth of flavor that’s both rare and refined, while the infusion of blues music during fermentation and aging lends a unique, rhythmic energy to the spirit.

The elegant bottle, wrapped in gold foil, is as striking as its contents. Available for pre-order now, the Musica Blues Reserva Añejo is a tribute to craftsmanship, culture, and the transformative power of music.

Image Credit: Musica Tequila",6.7,"Georgia Wray Norsten — April 9, 2025 — Marketing
References: drinkmusica.myshopify & musicatequila",Marketing,https://www.trendhunter.com/trends/blues-reserva-aejo
Tropical Summertime Energy Drinks,"Blume’s 'SuperBelly' in 'Mango Passionfruit' flavor offers a delicious and functional drink designed to support gut health. This revitalizing refresher combines real mango, passion fruit, and acerola to provide natural hydration while promoting digestive wellness with a blend of probiotics, prebiotics, and superfoods.

Tapping into the nostalgic appeal of summer beverages like iced tea and fruity refreshers, SuperBelly brings the flavors of warm days and sweet memories into a health-conscious option. Its juicy mango and passionfruit taste evoke the enjoyment of fruit drinks, but with added gut benefits—offering hydration and digestive support in every sip. With a hint of nostalgia, this drink serves as a perfect summer companion, providing both flavor and function, making it a refreshing alternative to traditional sugary options.

SuperBelly includes beneficial ingredients like ""inulin, fermented apple cider vinegar, and trace minerals to support a healthy gut environment; each package contains 15 servings for convenient, on-the-go use.""

Image Credit: Blume",6.5,"Debra John — April 9, 2025 — Lifestyle
References: instagram & itsblume",Lifestyle,https://www.trendhunter.com/trends/mango-passionfruit
Specialized Zero-Footprint Web Portals,"Skewscanner is a powerful tool designed to help businesses quickly gather competitor pricing data. By simply uploading a product collections page URL, users can access an automated service that crawls the entire site to extract relevant product data.

This service is particularly valuable for e-commerce businesses and digital marketers who want to monitor market trends and adjust their pricing strategies in real-time. Skewscanner provides an efficient way to track competitor prices, offering data that can be easily exported for further analysis. Its ability to scan entire sites beyond just a single page offers deeper insights into competitor pricing, allowing businesses to stay competitive in fast-moving markets. The tool is built to save time, streamline market research, and enhance pricing strategies.

Image Credit: Skewscanner",3.9,"Ellen Smith — April 9, 2025 — Business
References: skewscanner",Business,https://www.trendhunter.com/trends/skewscanner
Ethical Easter Chocolate Products,"The Next beauty Easter egg has been debuted by the brand as a first-of-its-kind product that incorporates beauty products into springtime gifting occasions. The product was created in collaboration with Cath Kidson and comes packed with a variety of beauty items that will help to freshen up a person's beauty routine for the springtime. This includes the ICONIC London Lip Plumping Gloss, Aromatherapy Associates Support Breathe Bath & Shower Oil, Laura Mercier Almond Coconut Hand Cream, OPI Glazed N’ Amused Nail Polish and more.

The Next beauty Easter egg is priced at £50, but contains a reported £183 worth of product to make it a great option for consumers to pick up for a special someone or even themselves this spring time.",6.5,"Michael Hemsworth — April 9, 2025 — Fashion
References: next & retailtimes",Fashion,https://www.trendhunter.com/trends/beauty-easter-egg
Sunset-Inspired Gin Spirits,"Travel AI - Trip Creator is an innovative tool that simplifies travel planning through the power of artificial intelligence. It helps users craft personalized itineraries by mapping dream destinations and optimizing travel schedules. The platform uses smart planning tools and personalized recommendations to design efficient travel plans, removing the stress of manually organizing trips.

Whether for business or leisure, Travel AI offers a seamless way to create organized itineraries that match individual preferences. With just a tap, users can have their perfect trip ready, making this tool especially valuable for time-strapped travelers or those new to a destination. By incorporating AI-driven insights, this travel planner maximizes the potential of every adventure, ensuring that each journey is unforgettable and tailored to the traveler’s unique needs.

Image Credit: Travel AI - Trip Creator",8,"Ellen Smith — April 9, 2025 — Tech
References: plaidera",Tech,https://www.trendhunter.com/trends/travel-ai-trip-creator
Sunset-Inspired Gin Spirits,"Travel AI - Trip Creator is an innovative tool that simplifies travel planning through the power of artificial intelligence. It helps users craft personalized itineraries by mapping dream destinations and optimizing travel schedules. The platform uses smart planning tools and personalized recommendations to design efficient travel plans, removing the stress of manually organizing trips.

Whether for business or leisure, Travel AI offers a seamless way to create organized itineraries that match individual preferences. With just a tap, users can have their perfect trip ready, making this tool especially valuable for time-strapped travelers or those new to a destination. By incorporating AI-driven insights, this travel planner maximizes the potential of every adventure, ensuring that each journey is unforgettable and tailored to the traveler’s unique needs.

Image Credit: Travel AI - Trip Creator",8,"Ellen Smith — April 9, 2025 — Tech
References: plaidera",Tech,https://www.trendhunter.com/trends/travel-ai-trip-creator
AI Trip Planners,"AI Travel Planner by Planify is a cutting-edge tool designed to create personalized, hour-by-hour itineraries for travelers. By selecting a city, users can instantly receive a tailored itinerary designed to maximize their travel experience. The AI system takes into account popular landmarks, local experiences, dining options, and more, organizing them into a well-balanced schedule.

This tool is ideal for busy professionals, travelers seeking efficiency, or those new to a city who want to optimize their time. The personalized approach ensures that each trip is unique and fits the preferences of the traveler, all without the need for manual planning. This tool simplifies travel planning by offering convenience and detailed recommendations, making it an excellent resource for modern travelers who prioritize efficiency.

Image Credit: by Planify",4.1,"Ellen Smith — April 9, 2025 — Tech
References: apps.apple",Tech,https://www.trendhunter.com/trends/ai-travel-planner-by-planify
Next-Generation Yacht Series,"Emerald Cruises is embarking on a momentous expansion in 2027 with the launch of three new vessels, including two innovative superyachts and a European river ship, marking the brand’s highly anticipated debut on France’s iconic Seine River.

This strategic expansion highlights Emerald Cruises' ongoing development as it enters its second decade. The Scenic Group also unveils a refined deployment strategy aimed at catering to high-demand regions, as well as responding to the increasing demand for charter and group cruises.

Notable elements of the 2027 expansion include the 'Emerald Raiya' and' Emerald Xara,' two next-generation superyachts that will explore premier destinations such as the Seychelles, Mediterranean, Adriatic, and Caribbean. Additionally, the 'Emerald Lumi,' a bespoke river ship, will introduce immersive roundtrip itineraries on the Seine, representing the brand’s inaugural venture on this legendary waterway.

Image Credit: Emerald Cruises",7.7,"Debra John — April 9, 2025 — World
References: scenicusa & emeraldcruises",World,https://www.trendhunter.com/trends/emerald-cruises
Simple Tangy Margaritas,"The Taco Cabana Cholula Rita has been created in partnership between the Mexican cuisine fast-casual restaurant and the hot sauce brand as an unexpectedly sweet and spicy margarita. The drink is crafted with the flavor of Cholula Lime Hot Sauce in the mix alongside the signature base of Taco Cabana's frozen margarita, which includes Casa Alta Tequila. The drink is reported to have a bold, tangy and refreshing flavor profile that's perfect for pairing with tacos, fajitas, chips and queso and more.

President and COO Ulyses Camacho commented on the Taco Cabana Cholula Rita saying, ""Taco Cabana has always been about pushing the boundaries of flavor. Partnering with Cholula allows us to bring their authentic Mexican flavor to an entirely new experience — one that perfectly complements our delicious food. The generations-old family recipe that continues to feature arbol and piquin peppers adds a new dimension to the classic margarita.”",3.6,"Michael Hemsworth — April 9, 2025 — Lifestyle
References: tacocabana & restaurantmagazine",Lifestyle,https://www.trendhunter.com/trends/cholula-rita
Event Calendar Links,"Calendarco is a user-friendly tool designed to simplify the creation and sharing of events. It allows users to batch-generate events and easily share them via QR codes or .ics files.

This makes it an ideal solution for travelers, event planners, or sports enthusiasts who want to share multiple events, such as sightseeing tours or match schedules, with others. Calendarco eliminates the hassle of individually creating and sharing each event, streamlining the process with just a few clicks. Its ability to quickly generate and distribute event details makes it a valuable tool for businesses and individuals looking to save time while ensuring their audiences or groups stay informed. The versatility of sharing options also ensures accessibility across different devices and platforms.

Image Credit: Calendarco",4.8,"Ellen Smith — April 9, 2025 — Tech
References: apps.apple",Tech,https://www.trendhunter.com/trends/calendarco
AI Voiceover Tools,"AiScribe - Audio To Text is a versatile transcription tool designed to simplify the conversion of spoken content into written text. It supports over 35 languages, making it ideal for businesses, educators, content creators, and professionals in various industries. Whether it's capturing meeting notes, transcribing interviews, or converting lectures into text, AiScribe offers a seamless solution for quick and accurate transcription.

Users can easily share transcriptions as PDFs for further use or distribution. With its user-friendly interface and broad language support, AiScribe streamlines transcription tasks, improving workflow efficiency and saving time. This tool is particularly valuable for anyone who regularly deals with large amounts of audio content and needs to convert it into a readable format.

Image Credit: AiScribe – Audio To Text",5.4,"Ellen Smith — April 9, 2025 — Lifestyle
References: linktr.ee",Lifestyle,https://www.trendhunter.com/trends/aiscribe-audio-to-text
Flavorful Pickleball Celebrations,"'The Hacksmith' is taking the internet’s favorite soda science experiment to explosive new heights in an electrifying collaboration with Mentos. Known for turning sci-fi concepts into real engineering feats, the Kitchener-based YouTube creator has built the 'Mentos Fizzooka' -- a high-powered launcher fueled by the iconic Mentos and cola reaction.

This is a viral-worthy invention and a cross-platform campaign that fuses digital play with hands-on innovation. For two weeks, Fortnite Creative players can wield the Fizzooka in top maps like 'Piece Control 1v1' and 'Sky Wars.' Meanwhile, the real-life version, crafted by The Hacksmith’s team, blasts soda with firehose-like force -- pure, fizzy chaos brought to life with Canadian ingenuity.

To amplify the fun, 30 physical Fizzookas have landed in the hands of influencers across the globe, turning a classroom experiment into an international spectacle.",8,"Georgia Wray Norsten — April 9, 2025 — Pop Culture
References: hacksmith",Pop Culture,https://www.trendhunter.com/trends/the-hacksmith
AI Publishing Platforms,"Wordy is a language learning app that transforms your streaming content into personalized language lessons. By extracting vocabulary and key phrases directly from movies and TV shows, it allows users to learn English in a contextual, immersive environment.

The app adapts to your interests, making language learning feel like an extension of your entertainment rather than a separate task. Ideal for busy professionals and language enthusiasts, Wordy blends education with relaxation, providing a seamless experience for those who prefer a more engaging way to study. With its focus on real-world language usage, Wordy not only enhances vocabulary but also helps improve listening and comprehension skills.

This approach to language learning leverages existing habits, making it easier for users to stay motivated and consistently practice in a familiar, enjoyable setting.

Image Credit: Wordy",7.7,"Ellen Smith — April 9, 2025 — Tech
References: apps.apple",Tech,https://www.trendhunter.com/trends/personalized-language
AI Publishing Platforms,"Wordy is a language learning app that transforms your streaming content into personalized language lessons. By extracting vocabulary and key phrases directly from movies and TV shows, it allows users to learn English in a contextual, immersive environment.

The app adapts to your interests, making language learning feel like an extension of your entertainment rather than a separate task. Ideal for busy professionals and language enthusiasts, Wordy blends education with relaxation, providing a seamless experience for those who prefer a more engaging way to study. With its focus on real-world language usage, Wordy not only enhances vocabulary but also helps improve listening and comprehension skills.

This approach to language learning leverages existing habits, making it easier for users to stay motivated and consistently practice in a familiar, enjoyable setting.

Image Credit: Wordy",7.7,"Ellen Smith — April 9, 2025 — Tech
References: apps.apple",Tech,https://www.trendhunter.com/trends/personalized-language
Versatile Protein-Rich Breakfast Products,"The Vital Pursuit Max Pro frozen pizzas have been announced by Nestlé as an expansion of its food products range targeted towards consumers who are on GLP-1 medications to help them optimize their nutrition.

The pizzas are characterized by their high-protein and high-fiber recipes that contain 33-grams and 17-grams per serving, respectively. The products come in two recipe options including Cheese Lovers and Chicken Mozzarella, which are both formulated with essential nutrients and feature a portion aligned profile to support the needs of consumers on GLP-1 medications.

The Vital Pursuit Max Pro frozen pizzas are priced at $4.99 and come as part of the changing landscape for prepackaged food varieties as consumers seek out ways to support their nutritional needs in a delicious, convenient way.

Image Credit: Nestle",8.7,"Michael Hemsworth — December 18, 2024 — Lifestyle
References: nestle & refrigeratedfrozenfood",Lifestyle,https://www.trendhunter.com/trends/vital-pursuit-max-pro
Plant-Derived Smash Burgers,"Nutrient-dense lupin beans are the base of Loopini's ancient organic superfood pizzas, which are ready to be savored in signature and plant-based Margherita varieties. The crispy, flavorful pizza crusts make the most of an ingredient that's naturally abundant in protein, fiber, minerals and vitamins, as well as all essential amino acids. Alongside two frozen varieties, the brand also offers a plain crust that can be topped with ingredients of choice.

Beyond their many nutritional benefits, lupin beans are supportive of soil, its structure, erosion prevention and sustainable farming, making them an especially useful addition to one of the world's most beloved comfort foods.

The Italian startup will be participating at the 2024 Summer Fancy Food Show, showcasing its unique approach to sharing an authentic taste of Italy with a modern, health-focused twist.",7.6,"Laura McQuarrie — June 26, 2024 — Lifestyle
References: eatloopini & specialtyfood",Lifestyle,https://www.trendhunter.com/trends/loopini
Sandwich-Inspired Pizza Bowls,"Now that several QSR restaurants have introduced crustless pizza bowls, consumers can now enjoy the same eating experience from the comfort of home with the introduction of heat-and-eat products. Banquet MEGA Crustless Pizzas are one such option and they're packed with cheese, sauce and toppings for a quick-serve meal that's packed with flavor and protein.

Available in classic Pepperoni, Three Meat and Supreme varieties, these crustless pizza bowls boast 25 to 28 frames per 10-ounce meal. Carb-conscious consumers will appreciate being able to experience all their favorite toppings, minus the crust, with these heat-and-eat frozen pizza meals.

With the ease of preparation and the abundance of nutritious toppings, these crustless pizza bowls offer a satisfying anytime meal option, making them an enticing choice over the usual frozen pizza.",3.1,"Laura McQuarrie — July 19, 2023 — Lifestyle
References: foodmarket",Lifestyle,https://www.trendhunter.com/trends/crustless-pizza
Appetizer-Inspired Pizza Recipes,"CAULIPOWER is feeding consumers' love of all things pickle-flavored with the introduction of the first and only Frozen Dill Pickle Pizza in retail.

Building on CAULIPOWER’s original stone-fired cauliflower crust prepared with real cauliflower, this pizza is topped with white béchamel sauce infused with dill pickle brine, roasted garlic, melty mozzarella, and fresh dill. As a whole, this deliciously different pizza for pickle lovers is brimming with savory, zesty flavors. Beyond flavor and gluten-free goodness, this frozen CAULIPOWER pizza boasts 14 grams of protein per serving and no artificial ingredients, colors or preservatives.

This unique, crave-worthy frozen pizza is exclusively available at Whole Foods nationwide for the first quarter of 2025, then CAULIPOWER's Frozen Dill Pickle Pizza will be accessible to even more pickle lovers via expanded distribution.",4.4,"Laura McQuarrie — February 5, 2025 — Lifestyle
References: eatcaulipower & globenewswire",Lifestyle,https://www.trendhunter.com/trends/frozen-dill-pickle-pizza
Connection-Fostering Workplace Apps,"LastWorkingDay is an AI-driven tool designed to help users craft personalized, professional farewell messages with ease. Whether you're transitioning to a new role or moving on from a job, the app allows you to customize your message’s tone, format, and even record your voice for transcription.

This tool is ideal for professionals looking to leave a thoughtful and lasting impression as they say goodbye. The ability to tailor your message to the specific context, whether formal or casual, ensures a personalized touch that resonates with recipients. LastWorkingDay can streamline the farewell process, making it easier to maintain relationships and exit gracefully, without the stress of drafting the perfect message. This service is suitable for individuals and businesses alike, emphasizing professionalism and ease of communication during career transitions.

Image Credit: LastWorkingDay",3.9,"Ellen Smith — April 9, 2025 — Business
References: lastworkingday.co",Business,https://www.trendhunter.com/trends/lastworkingday
Price Lock Telecom Promotions,"Yin Yang Minimalist Launcher is designed to help users reduce phone distractions and foster a balanced relationship with their devices. Featuring customizable widgets, a clean and distraction-free home screen, and a unique ""Mindful Pause"" function, this launcher promotes a more productive and intentional use of smartphones.

By focusing on simplicity and ease of use, it encourages mindfulness in phone interactions, which can help enhance focus and decrease unnecessary screen time. Ideal for professionals, students, or anyone seeking a more intentional mobile experience, Yin Yang Minimalist Launcher offers a solution that merges productivity with personal well-being. Its minimalist approach makes it easy to navigate, offering users the ability to prioritize essential tasks while keeping distractions at bay.

Image Credit: Yin Yang Minimalist Launcher",4.7,"Ellen Smith — April 9, 2025 — Tech
References: yinyanglauncher",Tech,https://www.trendhunter.com/trends/yin-yang-minimalist-launcher
Cereal Milk Toothpastes,"The Sloomoo Institute — a brand known for its ""hand-crafted scents, textures, and colors"" — has launched the Cereal Milk Ice Cream Slime. This enticing product offers a whimsical sensory experience that blends playful design with a satisfying texture. Designed with beginners in mind, this cloud dough slime mimics the smooth and creamy feel of milky treats while incorporating colorful sprinkles and cereal charms for added tactile engagement. Its unique scent is reminiscent of cereal milk ice cream and this enhances the overall appeal through a nostalgia-driven factor.

The Cereal Milk Ice Cream Slime offers consumers a charming and accessible way to unwind, battle stress, and indulge in playful creativity during leisure time or work breaks. It is suitable for all ages, including adults who may find the experience nostalgic.

Image Credit: Sloomoo Institute",6.8,"Kalin Ned — December 28, 2024 — Marketing
References: sloomooinstitute",Marketing,https://www.trendhunter.com/trends/ice-cream-slime
Urban Toronto Sanctuaries,"Hotel X Toronto is now part of the Destination by Hyatt brand, marking a key milestone in the brand’s expansion into Canada and further establishing its presence as Toronto’s leading urban resort. This move highlights Hyatt’s continued growth in the Canadian market, having significantly increased its footprint over the past decade.

Situated on the scenic shores of Lake Ontario, Hotel X Toronto provides a peaceful retreat just minutes from the downtown core. The property features ""a heated rooftop pool, Canada’s first Guerlain Spa, a 90,000-square-foot athletic complex, and an art gallery curated by Neil Dankoff.""

Guests can also enjoy a private cinema, exclusive dining options, and diverse event spaces. With an emphasis on ""wellness, sustainability, and exceptional service,"" Hotel X Toronto embodies the core values of Destination by Hyatt, offering an immersive, culturally rich experience in the heart of Toronto.

Image Credit: Hotel X Toronto",7.2,"Debra John — April 9, 2025 — World
References: hotelxtoronto & hyatt",World,https://www.trendhunter.com/trends/destination-by-hyatt
Action Cartoon Game Crossovers,"Captions Sync is an app designed to create accurate subtitles for videos in seconds. This tool provides an efficient and easy way to enhance video accessibility, making it suitable for content creators, marketers, educators, and businesses aiming to reach a wider audience.

By automatically generating subtitles, it saves time and ensures precision, improving the overall engagement of video content. Captions Sync is designed to understand context, producing subtitles that align with the speaker's message. This makes it a valuable tool for businesses seeking to improve video accessibility or expand their reach on platforms like social media, educational platforms, and corporate training. With its simple interface, Captions Sync streamlines the process of adding captions, making it an essential app for those looking to enhance their content's effectiveness.

Image Credit: Captions Sync",6.9,"Ellen Smith — April 9, 2025 — Lifestyle
References: captions.v-ig.ru",Lifestyle,https://www.trendhunter.com/trends/captions-sync
Action Cartoon Game Crossovers,"Captions Sync is an app designed to create accurate subtitles for videos in seconds. This tool provides an efficient and easy way to enhance video accessibility, making it suitable for content creators, marketers, educators, and businesses aiming to reach a wider audience.

By automatically generating subtitles, it saves time and ensures precision, improving the overall engagement of video content. Captions Sync is designed to understand context, producing subtitles that align with the speaker's message. This makes it a valuable tool for businesses seeking to improve video accessibility or expand their reach on platforms like social media, educational platforms, and corporate training. With its simple interface, Captions Sync streamlines the process of adding captions, making it an essential app for those looking to enhance their content's effectiveness.

Image Credit: Captions Sync",6.9,"Ellen Smith — April 9, 2025 — Lifestyle
References: captions.v-ig.ru",Lifestyle,https://www.trendhunter.com/trends/captions-sync
Sensorial Whiskey Expressions,"The ThunderDonk flavored whisky liqueur is a new product range created by the New Zealand-based Scapegrace Distilling that will offer consumers with a delicious yet versatile option to try out this season. The product is crafted with a single malt whiskey base that's paired with flavoring to give it a versatile profile that's suited for enjoyment neat, as a chilled shot or in your choice of cocktail recipe. The product comes in two flavors including Salted Caramel and Spiced Maple, which each come in with a 33% ABV.

Co-Founder Daniel McLaughlin spoke on the ThunderDonk flavored whisky liqueurs saying, ""This is a product that really stands out, whether it’s on the back bar or your shelf at home. The flavours have been meticulously developed and it’s the perfect drink to enjoy with friends. Flavoured whisky is exploding in popularity and we’re really excited about the potential for this product.”",4.9,"Michael Hemsworth — April 9, 2025 — Lifestyle
References: scapegracedistillery & thespiritsbusiness",Lifestyle,https://www.trendhunter.com/trends/flavored-whisky-liqueur
Food-Based Body Bars,"MissionMapper is an AI-powered tool that is specially designed to help individuals craft personalized mission statements that define their life’s purpose and direction. By guiding users to reflect on their long-term goals and values, the platform aims to provide clarity for a more focused and meaningful future.

With a user-friendly interface, MissionMapper leverages AI to create tailored statements that align with personal aspirations, making it easier to stay on course and measure progress. Ideal for those seeking clarity in their personal or professional lives, MissionMapper is a practical tool for setting intentional, life-shaping goals. Whether for career planning, personal growth, or relationship building, MissionMapper offers a unique approach to designing a roadmap for the future.

Image Credit: MissionMapper",5.8,"Ellen Smith — April 9, 2025 — Lifestyle
References: missionmapper",Lifestyle,https://www.trendhunter.com/trends/missionmapper
Frizz Control Lotions,"If you’ve been chasing the elusive dream of silky, frizz-free hair -- especially in Canada’s climate chaos -- SEEN’s 'Magic Serum' might be your new secret weapon. Created by Harvard-trained dermatologist Dr. Iris Rubin, this skin-conscious hair serum is changing how we think about hair care.

The Magic Serum is clinically proven to reduce breakage by up to 81% after just one use. It smooths flyaways, boosts shine, and shields hair from heat tools up to 450°F -- while being gentle on sensitive skin. It proudly carries the National Eczema Association’s Seal of Acceptance™ and the SkinSAFE 'Best for Sensitive Skin' badge.

Formulated with dermatologist-approved ingredients like Hemisqualane, Squalane, and Ethylhexyl Olivate, the serum blends seamlessly into any haircare routine. Whether applied on damp strands post-wash or as a finishing touch on dry hair, just 2–5 drops transform texture instantly.
Find Magic Serum online at helloseen.com or Amazon.ca.

Image Credit: SEEN",7.1,"Georgia Wray Norsten — April 9, 2025 — Fashion
References: helloseen & helloseen",Fashion,https://www.trendhunter.com/trends/magic-serum
Action Cartoon Game Crossovers,"Captions Sync is an app designed to create accurate subtitles for videos in seconds. This tool provides an efficient and easy way to enhance video accessibility, making it suitable for content creators, marketers, educators, and businesses aiming to reach a wider audience.

By automatically generating subtitles, it saves time and ensures precision, improving the overall engagement of video content. Captions Sync is designed to understand context, producing subtitles that align with the speaker's message. This makes it a valuable tool for businesses seeking to improve video accessibility or expand their reach on platforms like social media, educational platforms, and corporate training. With its simple interface, Captions Sync streamlines the process of adding captions, making it an essential app for those looking to enhance their content's effectiveness.

Image Credit: Captions Sync",6.9,"Ellen Smith — April 9, 2025 — Lifestyle
References: captions.v-ig.ru",Lifestyle,https://www.trendhunter.com/trends/captions-sync
Sensorial Whiskey Expressions,"The ThunderDonk flavored whisky liqueur is a new product range created by the New Zealand-based Scapegrace Distilling that will offer consumers with a delicious yet versatile option to try out this season. The product is crafted with a single malt whiskey base that's paired with flavoring to give it a versatile profile that's suited for enjoyment neat, as a chilled shot or in your choice of cocktail recipe. The product comes in two flavors including Salted Caramel and Spiced Maple, which each come in with a 33% ABV.

Co-Founder Daniel McLaughlin spoke on the ThunderDonk flavored whisky liqueurs saying, ""This is a product that really stands out, whether it’s on the back bar or your shelf at home. The flavours have been meticulously developed and it’s the perfect drink to enjoy with friends. Flavoured whisky is exploding in popularity and we’re really excited about the potential for this product.”",4.9,"Michael Hemsworth — April 9, 2025 — Lifestyle
References: scapegracedistillery & thespiritsbusiness",Lifestyle,https://www.trendhunter.com/trends/flavored-whisky-liqueur
Food-Based Body Bars,"MissionMapper is an AI-powered tool that is specially designed to help individuals craft personalized mission statements that define their life’s purpose and direction. By guiding users to reflect on their long-term goals and values, the platform aims to provide clarity for a more focused and meaningful future.

With a user-friendly interface, MissionMapper leverages AI to create tailored statements that align with personal aspirations, making it easier to stay on course and measure progress. Ideal for those seeking clarity in their personal or professional lives, MissionMapper is a practical tool for setting intentional, life-shaping goals. Whether for career planning, personal growth, or relationship building, MissionMapper offers a unique approach to designing a roadmap for the future.

Image Credit: MissionMapper",5.8,"Ellen Smith — April 9, 2025 — Lifestyle
References: missionmapper",Lifestyle,https://www.trendhunter.com/trends/missionmapper
Frizz Control Lotions,"If you’ve been chasing the elusive dream of silky, frizz-free hair -- especially in Canada’s climate chaos -- SEEN’s 'Magic Serum' might be your new secret weapon. Created by Harvard-trained dermatologist Dr. Iris Rubin, this skin-conscious hair serum is changing how we think about hair care.

The Magic Serum is clinically proven to reduce breakage by up to 81% after just one use. It smooths flyaways, boosts shine, and shields hair from heat tools up to 450°F -- while being gentle on sensitive skin. It proudly carries the National Eczema Association’s Seal of Acceptance™ and the SkinSAFE 'Best for Sensitive Skin' badge.

Formulated with dermatologist-approved ingredients like Hemisqualane, Squalane, and Ethylhexyl Olivate, the serum blends seamlessly into any haircare routine. Whether applied on damp strands post-wash or as a finishing touch on dry hair, just 2–5 drops transform texture instantly.
Find Magic Serum online at helloseen.com or Amazon.ca.

Image Credit: SEEN",7.1,"Georgia Wray Norsten — April 9, 2025 — Fashion
References: helloseen & helloseen",Fashion,https://www.trendhunter.com/trends/magic-serum
AI-Powered Hormone Monitors,"Wellness experience and hospitality company Canyon Ranch launched M/Power, an intimate retreat experience for women navigating menopause and perimenopause.

Perimenopause and menopause can catch women off guard, but community support can help make this natural life transition feel less isolating, offering understanding and shared experiences to ease the journey. This three-night, four-day immersive program is capped at 15 participants to provide individualized support in areas like mental health, spiritual well-being, and nutrition. As part of the experience, M/Power participants get an insightful, in-depth look at their overall health through services like a blood work panel, a women's hormonal panel, and a Dexa body scan, and daily access to CR Vitality.

The first session of M/Power took place at Canyon Ranch's resort in Lenox, Massachusetts, and additional sessions are planned for 2025.",5.9,"Laura McQuarrie — April 9, 2025 — Lifestyle
References: canyonranch & prnewswire",Lifestyle,https://www.trendhunter.com/trends/mpower
Custom Screensaver Apps,"The Design Companion offers a flexible subscription-based design service, providing businesses with high-quality design solutions at a flat monthly fee. The service eliminates the need for long-term contracts, allowing users to cancel anytime.

With three distinct plans to choose from, businesses can select the level of service that best fits their needs and budget. Whether it’s for branding, marketing materials, or digital assets, The Design Companion offers reliable, professional design work that can be scaled as needed. This service is ideal for companies seeking cost-effective, on-demand design support without the commitment of hiring in-house staff or long-term contracts. With its focus on flexibility and quality, The Design Companion is a practical option for businesses looking to streamline their design processes.

Image Credit: The Design Companion",4.2,"Ellen Smith — April 9, 2025 — Lifestyle
References: thedesigncompanion",Lifestyle,https://www.trendhunter.com/trends/the-design-companion
Custom Screensaver Apps,"The Design Companion offers a flexible subscription-based design service, providing businesses with high-quality design solutions at a flat monthly fee. The service eliminates the need for long-term contracts, allowing users to cancel anytime.

With three distinct plans to choose from, businesses can select the level of service that best fits their needs and budget. Whether it’s for branding, marketing materials, or digital assets, The Design Companion offers reliable, professional design work that can be scaled as needed. This service is ideal for companies seeking cost-effective, on-demand design support without the commitment of hiring in-house staff or long-term contracts. With its focus on flexibility and quality, The Design Companion is a practical option for businesses looking to streamline their design processes.

Image Credit: The Design Companion",4.2,"Ellen Smith — April 9, 2025 — Lifestyle
References: thedesigncompanion",Lifestyle,https://www.trendhunter.com/trends/the-design-companion
Email Survey Solutions,"RapidReview | Feedback Forms is a versatile tool designed to help businesses create customized feedback forms quickly and easily. The platform enables users to design forms in minutes without needing advanced technical skills, making it accessible to businesses of all sizes.

With a focus on user experience, these forms can be tailored to collect valuable insights on website performance, customer satisfaction, or product feedback. The tool’s speed and ease of use make it ideal for businesses seeking to improve their user experience and gather real-time feedback. Whether used for market research, customer service, or performance evaluation, RapidReview | Feedback Forms simplifies the process of collecting feedback, empowering businesses to make informed decisions based on actionable data.

Image Credit: RapidReview | Feedback Forms",5.4,"Ellen Smith — April 9, 2025 — Tech
References: rapidreview.cc",Tech,https://www.trendhunter.com/trends/rapidreview-feedback-forms
Radiance-Boosting SPF Serums,"Kiehl’s 'Beyond Screen™ UV Serum' is an innovative skincare solution that surpasses traditional sunscreens. Enriched with collagen peptide, this SPF 50+ serum works to enhance the skin’s natural collagen, addressing early signs of aging and mitigating UV-induced damage. Officially recognized by the Canadian Dermatology Association, it offers broad-spectrum sun protection while maintaining a virtually invisible finish, making it suitable for layering under or over makeup.

In addition to sun defense, the Beyond Screen™ UV Serum provides noticeable skin improvements. It ""boosts radiance by +30%, refines skin texture and smoothness by +26%, and helps even out skin tone by +13%. The serum’s lightweight, breathable formula ensures a comfortable wear throughout the day.""

Designed for both protection and skincare, the Beyond Screen™ UV Serum delivers an all-in-one solution for maintaining healthy, glowing skin.

Image Credit: Kiehl's",6.6,"Debra John — April 9, 2025 — Fashion
References: instagram & kiehls",Fashion,https://www.trendhunter.com/trends/beyond-screen-uv-serum
Time-Lapse Content Apps,"Moments is a customizable screensaver app for the Apple Vision Pro that transforms the device into a window to the world. With a curated selection of 4K videos, users can personalize their screensaver experience to match their style.

Whether you prefer nature scenes, cityscapes, or artistic visuals, Moments offers a high-quality, immersive environment. The app's simple interface allows for easy adjustments, enabling a truly tailored experience. This makes it not only a practical tool for enhancing the look of your Vision Pro but also a way to bring a dynamic, aesthetic touch to your space. As a versatile addition to the Apple Vision Pro, Moments is ideal for those seeking to create an engaging, customizable display, blending entertainment and design seamlessly.

Image Credit: Moments Screensaver App",4.9,"Ellen Smith — April 9, 2025 — Tech
References: apps.apple",Tech,https://www.trendhunter.com/trends/moments-screensaver-app
Pacakged Mac&Cheese Flavors,"Kraft Mac & Cheese has cooked up novel, limited-edition flavors like Everything Bagel and KFC Original Recipe, and the all-new Kraft Mac & Cheese Smoky Barbecue is dropping as a cheesy, comforting summer flavor that captures the subtle sweetness of barbecue sauce.

This smoky-sweet flavor is coming to shelves for a limited time to acknowledge how Kraft Mac & Cheese has always had a special part in the barbecue experience. The creamy, cheesy essence of Kraft Mac & Cheese goes hand-in-hand with sweet, tangy barbecue seasonings and sauces, and this limited-edition launch offers a simpler way for fans to mash up these flavors without needing to hack them together themselves. Like other experimental mac and cheese flavors from the brand, this one aligns with Gen Z's big, bold flavor preferences.",9.3,"Laura McQuarrie — April 9, 2025 — Lifestyle
References: foodandwine",Lifestyle,https://www.trendhunter.com/trends/kraft-mac-cheese-smoky-barbecue
Old-School Soccer Apparel Capsules,"The Percival x Champion SS25 collection brings a fresh perspective to classic Ivy League aesthetics, blending British tailoring with all-American varsity flair. This limited-edition drop is a refined yet playful homage to traditional trackside style, rooted in Champion’s iconic heritage and brought to life with Percival’s signature wit.

Expect reverse weave sweats, vintage-inspired tees, a sharp Coach jacket, and a matching cap -- each piece featuring hand-drawn mascots and collage-style motifs that nod to nostalgic campus culture. Embroidered and printed in London, every garment balances craftsmanship with street-ready appeal, making it ideal for everything from pitch-side lounging to post-match pints.

The collection offers timeless silhouettes that feel familiar and fresh -- It's athletic heritage remixed for the modern wardrobe. Available now at percivalclo.com.

Image Credit: Percival x Champion",6.8,"Georgia Wray Norsten — April 9, 2025 — Fashion
References: percivalclo & percivalclo",Fashion,https://www.trendhunter.com/trends/percival-x-champion-ss25
Old-School Soccer Apparel Capsules,"The Percival x Champion SS25 collection brings a fresh perspective to classic Ivy League aesthetics, blending British tailoring with all-American varsity flair. This limited-edition drop is a refined yet playful homage to traditional trackside style, rooted in Champion’s iconic heritage and brought to life with Percival’s signature wit.

Expect reverse weave sweats, vintage-inspired tees, a sharp Coach jacket, and a matching cap -- each piece featuring hand-drawn mascots and collage-style motifs that nod to nostalgic campus culture. Embroidered and printed in London, every garment balances craftsmanship with street-ready appeal, making it ideal for everything from pitch-side lounging to post-match pints.

The collection offers timeless silhouettes that feel familiar and fresh -- It's athletic heritage remixed for the modern wardrobe. Available now at percivalclo.com.

Image Credit: Percival x Champion",6.8,"Georgia Wray Norsten — April 9, 2025 — Fashion
References: percivalclo & percivalclo",Fashion,https://www.trendhunter.com/trends/percival-x-champion-ss25
Contact Data Scrapers,"Growfol is an AI-driven platform designed to simplify the process of creating high-quality LinkedIn content. By leveraging the power of AI, Growfol generates post ideas and content from various sources such as articles, YouTube videos, and
Quora answers, all with a single click.

Users can effortlessly comment, schedule posts, and even generate a full month of content in just one hour. This tool is particularly valuable for professionals and businesses looking to grow their LinkedIn audience without spending significant time on content creation. It allows users to maintain consistent engagement, streamline their social media efforts, and ensure that their LinkedIn presence remains active and relevant. With its easy-to-use interface and powerful AI capabilities, Growfol enables effective content marketing with minimal effort.

Image Credit: Growfol",5.5,"Ellen Smith — April 9, 2025 — Social Media
References: growfol",Social Media,https://www.trendhunter.com/trends/growfol
Gin-Branded Cucumber Restoration,"Hendrick’s Sunspell Gin is a new limited release in the brand's Cabinet of Curiosities and a travel retail exclusive inspired by the captivating beauty and magic of sunsets. Specifically, this new edition created by Lesley Gracie, master distiller of Hendrick’s Gin, takes after the sunset behind the island of Ailsa Craig on the South Ayrshire coast of Scotland.

This gin gets its signature character from spices, rose infusion, and citrus botanicals. As part of a month-long activation, an Amsterdam Schiphol pop-up will immerse adult travelers in the story-led gin and treat them to a complimentary Sunspell & Tonic.

The gin launched at select airports like London Heathrow, Singapore, and Sydney, and more destinations, such as Dubai and New York JFK, will soon follow.",9.5,"Laura McQuarrie — April 9, 2025 — Lifestyle
References: hendricksgin & thespiritsbusiness",Lifestyle,https://www.trendhunter.com/trends/hendricks-sunspell-gin
Frozen Snack-Size Cookie Treats,"In celebration of National Oreo Cookie Day on March 8th, Bokksu Market, the online grocery platform linked to the Japanese snack subscription service Bokksu, introduced a collection of 'Asia-only Oreos.' This exclusive range featured a variety of limited-edition Oreo flavors that were unavailable outside of Asia, offering a taste of the region’s unique preferences.

The Oreo Collection included flavors such as 'Birthday Cake' and 'Matcha,' alongside special Oreo variants like Oreo Thins in Matcha and Fig. Additionally, it featured the rare 'Chocolate Oreo Roll,' exclusive to China. Perfect for gifting or personal indulgence, the collection provided a rare opportunity to experience these creative and diverse Oreo varieties that can only be found in the Asian market.

Image Credit: Bokksu",8.1,"Debra John — April 9, 2025 — Lifestyle
References: instagram & bokksumarket",Lifestyle,https://www.trendhunter.com/trends/asiaonly-oreos
Fruit-Flavored Slush Drinks,"Canadians who love to celebrate the return of warmer weather with Tim Hortons' Quenchers flavors will have a new way to do so this spring and summer, thanks to the debut of Frozen Quenchers. These new items on Tim Hortons' spring and summer cold beverage menu are an icy, creamy way to enjoy flavors like Orange Tangerine, Blackberry Yuzu, Peach, and Strawberry Watermelon, as well as the all-new Pineapple Dragon Fruit variety. These colorful drinks with fluffy toppings are a treat for the senses, promising much-needed relief and refreshment on hot days.

The cold beverage lineup also includes other refreshing additions like the new OREO Mocha Iced Cap and the Toasted Marshmallow Cold Brew.",9.7,"Laura McQuarrie — April 9, 2025 — Lifestyle
References: TimHortons & newswire",Lifestyle,https://www.trendhunter.com/trends/frozen-quenchers
GLP-1-Specific Food Labels,"This new Field Doctor meal range is headed to the UK market as a series of frozen meals targeted towards consumers on weigh management programs that could include GLP-1 receptor agonist medications. The meal range focuses on being nutrient-dense with a high level of protein to help a person maintain their muscle mass as they lose weight, while also being a good source of fiber, vitamins and minerals. The meals are delivered frozen directly to the consumer's home, can be heated and eaten in minutes, and come in a variety of options like Chicken, Pea & Asparagus Risotto, Red Pesto & Roasted Vegetable Penne and Italian Meatballs.

Dietitian Laura Tilt spoke on the new Field Doctor meal range saying, ""We know that eating well becomes even more important with a reduced appetite. Our weight management ‘companion’ meals can help you meet your nutritional needs, with portion sizes that can be adjusted as your appetite changes with your treatment.”",8.3,"Michael Hemsworth — April 9, 2025 — Lifestyle
References: fielddoctor & foodbev",Lifestyle,https://www.trendhunter.com/trends/field-doctor-meal-range
GLP-1-Specific Food Labels,"This new Field Doctor meal range is headed to the UK market as a series of frozen meals targeted towards consumers on weigh management programs that could include GLP-1 receptor agonist medications. The meal range focuses on being nutrient-dense with a high level of protein to help a person maintain their muscle mass as they lose weight, while also being a good source of fiber, vitamins and minerals. The meals are delivered frozen directly to the consumer's home, can be heated and eaten in minutes, and come in a variety of options like Chicken, Pea & Asparagus Risotto, Red Pesto & Roasted Vegetable Penne and Italian Meatballs.

Dietitian Laura Tilt spoke on the new Field Doctor meal range saying, ""We know that eating well becomes even more important with a reduced appetite. Our weight management ‘companion’ meals can help you meet your nutritional needs, with portion sizes that can be adjusted as your appetite changes with your treatment.”",8.3,"Michael Hemsworth — April 9, 2025 — Lifestyle
References: fielddoctor & foodbev",Lifestyle,https://www.trendhunter.com/trends/field-doctor-meal-range
Retro-Toned Haircare Spots,"OLAPLEX has unveiled its 'Designed to Defy' campaign, which celebrates the brand's legacy of innovation and its transformative impact on the hair care industry. Drawing from cutting-edge science, the campaign underscores OLAPLEX’s commitment to pioneering breakthroughs that redefine hair health and the confidence that comes from truly healthy hair.

Featuring actress Nicola Coughlan, media figure Jenna Lyons, and Olympic sprinter Sydney McLaughlin-Levrone, the cinematic narrative showcases each talent ""defying expectations within their respective industries; these aspirational moments, captured with their personal stylists, highlight the link between healthy hair and the boundless creativity and self-assurance it fosters.""

As part of the campaign, OLAPLEX introduces the 'Bond House' Pop-Up in New York, where guests can receive personalized hair assessments and expert stylist recommendations. The experience culminates in The Studio, offering an empowering opportunity to engage with the campaign’s core message.

Image Credit: OLAPLEX",6.7,"Debra John — April 9, 2025 — Marketing
References: instagram & olaplex",Marketing,https://www.trendhunter.com/trends/designed-to-defy-campaign
Retro-Toned Haircare Spots,"OLAPLEX has unveiled its 'Designed to Defy' campaign, which celebrates the brand's legacy of innovation and its transformative impact on the hair care industry. Drawing from cutting-edge science, the campaign underscores OLAPLEX’s commitment to pioneering breakthroughs that redefine hair health and the confidence that comes from truly healthy hair.

Featuring actress Nicola Coughlan, media figure Jenna Lyons, and Olympic sprinter Sydney McLaughlin-Levrone, the cinematic narrative showcases each talent ""defying expectations within their respective industries; these aspirational moments, captured with their personal stylists, highlight the link between healthy hair and the boundless creativity and self-assurance it fosters.""

As part of the campaign, OLAPLEX introduces the 'Bond House' Pop-Up in New York, where guests can receive personalized hair assessments and expert stylist recommendations. The experience culminates in The Studio, offering an empowering opportunity to engage with the campaign’s core message.

Image Credit: OLAPLEX",6.7,"Debra John — April 9, 2025 — Marketing
References: instagram & olaplex",Marketing,https://www.trendhunter.com/trends/designed-to-defy-campaign
Plant-Based Fresh Mozzarella Balls,"Savory, pepperoni-flavored ""caviar"" is the star of the new Pizza Caviar Bump Box, a limited-time, high-low twist on Pizza Hut's My Hut Box signature combo meal.

Inspired by the caviar craze captivating foodies, increased searches for ""caviar bumps"" and caviar elevating comfort food in unconventional pairings, Pizza Caviar reimagines a favorite flavor in an entirely new format.

The Pizza Caviar Bump Box is available exclusively at the Pizza Hut located at 932 8th Avenue in New York City for just a few days in April, while supplies last. In the Pizza Caviar Bump Box, pizza lovers will find one cheese Personal Pan Pizza and a choice of three plain boneless wings or fries, all topped with fun, luxe, poppable, smoky pepperoni-flavored Pizza Caviar.",7.3,"Laura McQuarrie — April 9, 2025 — Lifestyle
References: yahoo",Lifestyle,https://www.trendhunter.com/trends/pizzs-caviar
Plant-Based Fresh Mozzarella Balls,"Savory, pepperoni-flavored ""caviar"" is the star of the new Pizza Caviar Bump Box, a limited-time, high-low twist on Pizza Hut's My Hut Box signature combo meal.

Inspired by the caviar craze captivating foodies, increased searches for ""caviar bumps"" and caviar elevating comfort food in unconventional pairings, Pizza Caviar reimagines a favorite flavor in an entirely new format.

The Pizza Caviar Bump Box is available exclusively at the Pizza Hut located at 932 8th Avenue in New York City for just a few days in April, while supplies last. In the Pizza Caviar Bump Box, pizza lovers will find one cheese Personal Pan Pizza and a choice of three plain boneless wings or fries, all topped with fun, luxe, poppable, smoky pepperoni-flavored Pizza Caviar.",7.3,"Laura McQuarrie — April 9, 2025 — Lifestyle
References: yahoo",Lifestyle,https://www.trendhunter.com/trends/pizzs-caviar
Fruity Hormone-Normalizing Gummies,"Groupetto is an iOS app designed to enhance group cycling experiences by combining competition with camaraderie. It offers cyclists the ability to track their performance and progress during group rides, whether participating in a relaxed tour or a more competitive team ride.

The app adds a layer of interactivity by turning ordinary group rides into a dynamic, competitive experience. Groupetto’s features include tracking individual metrics, comparing results, and offering insights into the performance of fellow riders. This app is ideal for cycling enthusiasts who want to elevate their group riding experience and engage with their peers in a competitive yet friendly environment. Groupetto is also a valuable tool for teams looking to organize rides, foster motivation, and track improvements over time.

Image Credit: Groupetto",3.5,"Ellen Smith — April 9, 2025 — Lifestyle
References: groupetto.app",Lifestyle,https://www.trendhunter.com/trends/groupetto
Vehicle Performance Data Integrations,"SFX Engine is an AI-powered tool designed to help users generate custom sound effects for various projects, including videos, songs, video games, and podcasts. With its easy-to-use interface, it provides a wide range of creative possibilities for content creators. One of its standout features is that each sound effect generated is royalty-free, allowing for commercial use without concerns about licensing.

This makes SFX Engine an ideal solution for professionals who need high-quality, unique sound effects without the hassle of acquiring separate licenses or permissions. Whether you're creating an immersive video game experience, enhancing a podcast, or adding impact to a video, SFX Engine offers a straightforward way to produce sounds tailored to specific needs, ensuring creativity and efficiency.

Image Credit: SFX Engine",7.6,"Ellen Smith — April 9, 2025 — Art & Design
References: sfxengine",Art & Design,https://www.trendhunter.com/trends/sfx-engine
Multilingual Meeting Solutions,"PinMy is a versatile collaboration tool designed for real-time annotations on images, PDFs, and videos. It allows users to add both voice and text comments, enhancing communication and streamlining project workflows. This app is particularly valuable in fields like design, construction, and education, where precise coordination is critical.

By integrating voice annotations with visual elements, it enables more efficient and effective collaboration, reducing the need for lengthy explanations and minimizing misunderstandings. Professionals can easily annotate and share content with colleagues or clients, fostering better engagement and faster decision-making. PinMy’s ability to combine multimedia with annotations ensures that important details are captured and conveyed clearly, making it a powerful tool for teams working on complex projects.

Image Credit: PinMy",4.4,"Ellen Smith — April 9, 2025 — Lifestyle
References: pinmy.co",Lifestyle,https://www.trendhunter.com/trends/pinmy
Single-Plot Sunflower Harvesting Innovations,"ALMACO Telematics represents a significant technological advancement for seed research operations by offering real-time monitoring and remote management capabilities for specialized research combines. The system provides comprehensive visibility into over 100 machine parameters, including operational settings, location data, software status, and diagnostic information. This information enables researchers and fleet managers to optimize equipment performance from any location.

A key differentiator of ALMACO Telematics' seed research solution is the system's ability to resolve more than 30% of service issues remotely through smart diagnostics. This has implications for significantly reducing downtime by eliminating unnecessary field technician dispatches. The platform also facilitates seamless remote software updates to ensure combines always operate with the latest features without physical intervention. For fleet management, the telematics system allows centralized monitoring and customization of machine settings to enhance precision in seed trial data collection while improving overall operational efficiency.

Image Credit: ALMACO Telematics",6.6,"Kalin Ned — April 9, 2025 — Business
References: accessnewswire",Business,https://www.trendhunter.com/trends/seed-research
Single-Plot Sunflower Harvesting Innovations,"ALMACO Telematics represents a significant technological advancement for seed research operations by offering real-time monitoring and remote management capabilities for specialized research combines. The system provides comprehensive visibility into over 100 machine parameters, including operational settings, location data, software status, and diagnostic information. This information enables researchers and fleet managers to optimize equipment performance from any location.

A key differentiator of ALMACO Telematics' seed research solution is the system's ability to resolve more than 30% of service issues remotely through smart diagnostics. This has implications for significantly reducing downtime by eliminating unnecessary field technician dispatches. The platform also facilitates seamless remote software updates to ensure combines always operate with the latest features without physical intervention. For fleet management, the telematics system allows centralized monitoring and customization of machine settings to enhance precision in seed trial data collection while improving overall operational efficiency.

Image Credit: ALMACO Telematics",6.6,"Kalin Ned — April 9, 2025 — Business
References: accessnewswire",Business,https://www.trendhunter.com/trends/seed-research
Single-Plot Sunflower Harvesting Innovations,"ALMACO Telematics represents a significant technological advancement for seed research operations by offering real-time monitoring and remote management capabilities for specialized research combines. The system provides comprehensive visibility into over 100 machine parameters, including operational settings, location data, software status, and diagnostic information. This information enables researchers and fleet managers to optimize equipment performance from any location.

A key differentiator of ALMACO Telematics' seed research solution is the system's ability to resolve more than 30% of service issues remotely through smart diagnostics. This has implications for significantly reducing downtime by eliminating unnecessary field technician dispatches. The platform also facilitates seamless remote software updates to ensure combines always operate with the latest features without physical intervention. For fleet management, the telematics system allows centralized monitoring and customization of machine settings to enhance precision in seed trial data collection while improving overall operational efficiency.

Image Credit: ALMACO Telematics",6.6,"Kalin Ned — April 9, 2025 — Business
References: accessnewswire",Business,https://www.trendhunter.com/trends/seed-research
At-Home Perimenopause Testing Systems,"Vibrant Wellness' new Hormone Zoomer is an advanced urine-based diagnostic panel that provides a multidimensional assessment of hormonal health by analyzing over 50 hormones, 13 endocrine disruptors, and key markers related to oxidative stress and bone turnover. This comprehensive test utilizes liquid chromatography and gas chromatography tandem mass spectrometry to deliver precise measurements of adrenal and sex hormones, including their metabolic pathways and breakdown products. The diagnostic panel also screens for environmental toxins like BPA and phthalates that may interfere with endocrine function. Vibrant Wellness includes bone degradation markers (DPD, PYD) and oxidative stress indicators (8-OHdG) to extend the test's utility beyond traditional hormone panels by connecting hormonal imbalances to broader aging and metabolic health concerns.

Results of Vibrant Wellness' new Hormone Zoomer are presented in an intuitive, clinician-friendly report that includes personalized supplement recommendations based on individual biomarker patterns, accompanied by gender-specific symptom questionnaires to contextualize findings.

Image Credit: Vibrant Wellness",8.4,"Kalin Ned — April 9, 2025 — Lifestyle
References: vibrant-wellness & accessnewswire",Lifestyle,https://www.trendhunter.com/trends/vibrant-wellness
At-Home Perimenopause Testing Systems,"Vibrant Wellness' new Hormone Zoomer is an advanced urine-based diagnostic panel that provides a multidimensional assessment of hormonal health by analyzing over 50 hormones, 13 endocrine disruptors, and key markers related to oxidative stress and bone turnover. This comprehensive test utilizes liquid chromatography and gas chromatography tandem mass spectrometry to deliver precise measurements of adrenal and sex hormones, including their metabolic pathways and breakdown products. The diagnostic panel also screens for environmental toxins like BPA and phthalates that may interfere with endocrine function. Vibrant Wellness includes bone degradation markers (DPD, PYD) and oxidative stress indicators (8-OHdG) to extend the test's utility beyond traditional hormone panels by connecting hormonal imbalances to broader aging and metabolic health concerns.

Results of Vibrant Wellness' new Hormone Zoomer are presented in an intuitive, clinician-friendly report that includes personalized supplement recommendations based on individual biomarker patterns, accompanied by gender-specific symptom questionnaires to contextualize findings.

Image Credit: Vibrant Wellness",8.4,"Kalin Ned — April 9, 2025 — Lifestyle
References: vibrant-wellness & accessnewswire",Lifestyle,https://www.trendhunter.com/trends/vibrant-wellness
Dynamic Video Backdrops,"Panels is a mobile app that allows users to personalize their phone screens by purchasing and downloading high-quality and custom wallpapers. With an intuitive interface, it offers a unique browsing experience that mimics a classic bookstore, making it easy to discover visually appealing content.

Panels tailors its recommendations to user preferences, ensuring a curated selection of wallpapers that align with personal tastes. It also provides exclusive sets of wallpapers, giving users the opportunity to expand their collection with unique designs. For businesses in the mobile app space, Panels showcases how personalization and a visually rich interface can enhance user engagement. By offering both curated content and a shopping element, it appeals to users who value aesthetic customization and a seamless digital experience.

Image Credit: Panels",3.6,"Ellen Smith — April 9, 2025 — Lifestyle
References: panels.art",Lifestyle,https://www.trendhunter.com/trends/custom-wallpaper
Flavor-First Hydrating Patés,"Hagen Group expands its offerings with the launch of Catit Recipes Double Fusion, a premium dry cat food line now available exclusively at Pet Supplies Plus locations nationwide. This new formulation combines nutritionally balanced kibble with freeze-dried raw meat inclusions. The product is designed to appeal to feline palates while providing complete nutrition through high-quality animal proteins and grain-free formulations.

The premium dry cat food line is marketed as addressing specific life stage and lifestyle needs of cats. Hagen Group makes its Catit Recipes Double Fusion available in multiple protein options, including Chicken and Ocean Fish, as well as specialized formulations for Skin & Coat enhancement, Indoor cats, and Adult cats. The absence of common allergens like corn, wheat, and soy aligns with growing consumer demand for clean-label pet nutrition.

Image Credit: Hagen Group",6.9,"Kalin Ned — April 9, 2025 — Lifestyle
References: catit & finance.yahoo",Lifestyle,https://www.trendhunter.com/trends/premium-dry-cat-food
Clipboard Management Tools,"Copied is an iOS text productivity keyboard app that enables users to save, organize, and access frequently used text snippets directly from their keyboard. Designed to streamline communication and task efficiency, Copied integrates clipboard history and custom text input into any typing interface, offering a seamless experience for repeated phrases, responses, or data entry.

This functionality is particularly relevant for professionals in customer support, sales, content creation, and administrative roles, where time savings and accuracy are essential. By centralizing reusable content, Copied reduces repetitive typing and minimizes context-switching between apps. From a business perspective, this reflects a broader trend in mobile-first productivity tools aimed at increasing output and personalization. The app also highlights how keyboard-level customization can provide meaningful workflow enhancements without requiring a full software overhaul.

Image Credit: Copied",3.5,"Ellen Smith — April 9, 2025 — Tech
References: copiedpro",Tech,https://www.trendhunter.com/trends/text-productivity
Easy-to-Use eFoil Boards,"SurfBuddy is a specialized mobile and wearable app designed to enhance real-time communication and performance tracking in surf competitions. Built for Apple Watch and iPhone, the app enables support teams or coaches onshore to relay critical updates directly to surfers mid-heat.

This includes live wave scores, heat priorities, countdown timers, and up-to-the-moment leaderboards. The tool addresses a key challenge in competitive surfing: maintaining situational awareness during heats without distracting the athlete. By delivering information discreetly and efficiently to a wearable device, SurfBuddy bridges the gap between athlete and support crew. From a business standpoint, this represents a focused application of real-time data delivery in niche sports and highlights a growing opportunity in the sport-specific performance tech market. It reflects broader trends in wearables for competition and coaching across individual athletic disciplines.

Image Credit: SurfBuddy",6.1,"Ellen Smith — April 9, 2025 — Lifestyle
References: apps.apple",Lifestyle,https://www.trendhunter.com/trends/surfbuddy
Easy-to-Use eFoil Boards,"SurfBuddy is a specialized mobile and wearable app designed to enhance real-time communication and performance tracking in surf competitions. Built for Apple Watch and iPhone, the app enables support teams or coaches onshore to relay critical updates directly to surfers mid-heat.

This includes live wave scores, heat priorities, countdown timers, and up-to-the-moment leaderboards. The tool addresses a key challenge in competitive surfing: maintaining situational awareness during heats without distracting the athlete. By delivering information discreetly and efficiently to a wearable device, SurfBuddy bridges the gap between athlete and support crew. From a business standpoint, this represents a focused application of real-time data delivery in niche sports and highlights a growing opportunity in the sport-specific performance tech market. It reflects broader trends in wearables for competition and coaching across individual athletic disciplines.

Image Credit: SurfBuddy",6.1,"Ellen Smith — April 9, 2025 — Lifestyle
References: apps.apple",Lifestyle,https://www.trendhunter.com/trends/surfbuddy
Mood-Specific Low-Dose Cannabis Beverages,"Cultural icons Cheech & Chong have partnered with Rolling Loud, which is renowned as the ""World's Largest Hip-Hop Festival,"" to introduce a THC-infused beverage nationwide. The drink is marked as the ideal companion for the festival season. Complete with vibrant and eye-catching can design, Pit Punch promises to elevate the music experience for attendees.

Each serving of Pit Punch contains 10 milligrams of hemp-derived THC. The full-flavored and alcohol-free alternative is also low calorie, ensuring appeal for individuals who are mindful of what they consume. Cheech & Chong and Rolling Loud make the THC-infused beverage available in two bold flavors — Fruit Punch and Orange.

Cheech Marin, Co-Founder of Cheech & Chong's Global Holding Company, emphasized the importance of this launch: ""What's been created with the Rolling Loud festival is something truly special — it's a cultural force.""

Image Credit: Cheech & Chong and Rolling Loud",8.1,"Kalin Ned — April 9, 2025 — Pop Culture
References: DrinkPitPunch & accessnewswire",Pop Culture,https://www.trendhunter.com/trends/thcinfused-beverages
Extra-Spicy Purple Sauces,"Mount Fitness is a fitness tracking app that gamifies personal workouts by mapping them onto virtual mountain-climbing challenges. Users can choose from over 50 renowned peaks — including Everest, Fuji, and Kilimanjaro—and log their regular workouts to simulate an ascent.

The platform doesn’t require specific exercises; users can input a range of fitness activities such as running, cycling, or walking. Each session translates into elevation gain, allowing users to visualize progress in the form of a mountain climb. For individuals and fitness groups, this model introduces an element of adventure and long-term goal setting. From a business perspective, Mount Fitness adds a motivational layer to wellness engagement strategies and could be integrated into workplace health initiatives to boost participation and consistency. It blends fitness tracking with narrative-driven incentives to improve user retention and results.

Image Credit: Mount Fitness",4.6,"Ellen Smith — April 9, 2025 — Lifestyle
References: mountfitness.app",Lifestyle,https://www.trendhunter.com/trends/mount-fitness
Podcast Summary Generators,"Spreaker Create is a mobile-first tool integrated into the Spreaker Podcasts app, designed to simplify podcast production for creators at any level. Users can build entire podcast episodes directly from their phones using a suite of intuitive features including streamlined editing tools, ready-made templates, and a library of sound effects and background music.

The feature supports instant publishing, allowing creators to release content without the need for additional software or complex workflows. This mobile capability enables faster turnaround times and greater flexibility for creators managing content on the go. For businesses or individuals leveraging podcasts as part of their brand or content strategy, Spreaker Create reduces friction in the production process and supports consistent output. It’s a practical solution for producing polished audio content with minimal technical overhead.

Image Credit: Spreaker",4,"Ellen Smith — April 9, 2025 — Lifestyle
References: spreaker",Lifestyle,https://www.trendhunter.com/trends/spreaker
Social Forum Engagement Tools,"SocialSignal AI is a tool designed to help startups harness real-time online conversations for growth. By monitoring platforms like X (formerly Twitter), Reddit, and Hacker News, the tool tracks keywords and topics relevant to a business’s industry or offering. Its built-in AI functionality can generate timely, context-aware responses, helping teams engage in meaningful interactions without constant manual oversight.

Additionally, it provides insights on where and how conversations are developing, enabling founders and marketers to identify emerging trends, respond to feedback, and discover potential customers. For early-stage companies, SocialSignal AI offers a way to stay visible and relevant in fast-moving online spaces, maximizing exposure through community-driven platforms. It streamlines social listening and engagement, aligning startup outreach with real-time sentiment and conversation momentum.

Image Credit: SocialSignal AI",6.8,"Ellen Smith — April 9, 2025 — Tech
References: socialsignalai",Tech,https://www.trendhunter.com/trends/socialsignal-ai
Efficient Estate-Planning Tools,"Her Finances has introduced an AI-powered financial platform specifically designed to assist high-net-worth women in managing complex wealth transitions during major life events such as divorce or widowhood. The platform integrates real-time financial tracking, personalized budgeting tools, and estate planning resources into a centralized dashboard that will allow users to consolidate and monitor assets, investments, and retirement accounts with dynamic adaptability.

In addition to its digital AI-powered financial platform, Her Finances provides access to certified financial coaches specializing in divorce and estate planning, along with an on-demand educational library covering credit rebuilding, investment rebalancing, and long-term financial security.

For those hesitant to rely solely on traditional wealth managers, the hybrid model of tech-enabled autonomy and human expertise provides a balanced approach. Future expansions of Her Finances' services may include retirement planning enhancements, philanthropic strategy tools, and community-based financial support networks.

Image Credit: Shutterstock",6.1,"Kalin Ned — April 9, 2025 — Life-Stages
References: HerFinances & globenewswire",Life-Stages,https://www.trendhunter.com/trends/aipowered-financial-platform
Efficient Estate-Planning Tools,"Her Finances has introduced an AI-powered financial platform specifically designed to assist high-net-worth women in managing complex wealth transitions during major life events such as divorce or widowhood. The platform integrates real-time financial tracking, personalized budgeting tools, and estate planning resources into a centralized dashboard that will allow users to consolidate and monitor assets, investments, and retirement accounts with dynamic adaptability.

In addition to its digital AI-powered financial platform, Her Finances provides access to certified financial coaches specializing in divorce and estate planning, along with an on-demand educational library covering credit rebuilding, investment rebalancing, and long-term financial security.

For those hesitant to rely solely on traditional wealth managers, the hybrid model of tech-enabled autonomy and human expertise provides a balanced approach. Future expansions of Her Finances' services may include retirement planning enhancements, philanthropic strategy tools, and community-based financial support networks.

Image Credit: Shutterstock",6.1,"Kalin Ned — April 9, 2025 — Life-Stages
References: HerFinances & globenewswire",Life-Stages,https://www.trendhunter.com/trends/aipowered-financial-platform
AI Tool Builders,"Polymet is an AI-powered design assistant that simplifies the process of creating user interfaces and prototypes. Aimed at product teams and solo developers, Polymet allows users to generate polished UI designs by describing the desired functionality or uploading a visual reference.

The tool then outputs high-fidelity mockups along with production-ready front-end code, bridging the gap between design and development. This functionality is especially useful for teams without dedicated designers, or for speeding up the iteration process during early-stage product development. Polymet’s integration of generative design with code output reflects a growing trend in AI-assisted product workflows, where non-designers can rapidly prototype ideas without sacrificing visual quality. For startups, freelancers, and agile teams, Polymet provides a scalable solution for design tasks, enhancing speed and accessibility in the UI/UX process.

Image Credit: Polymet",5.2,"Ellen Smith — April 9, 2025 — Tech
References: polymet.ai",Tech,https://www.trendhunter.com/trends/polymet
Tournament Partnership Renewals,"Riot Games, the video game developer behind the popular online competitive games 'League of Legends,' 'Valorant,' and 'Teamfight Tactics (TFT),' announced that it will officially be partnering with 'GGTech Entertainment' on its latest TFT competitive series. The TFT competitive series will be based on the current 'Remix Rumble' TFT format, and will take place in North America.

The Remix Rumble NA Regional Finals, the North American competitive set, will take place from February 23rd to 25th, 2024. It will start with 24 players with 8 players eliminated per day until three players remain and qualify for the Remix Rumble Championship. The final date and details for the championship series have yet to be set. However, it is expected to be the largest TFT-related event to date, given the recent increase in popularity for the title.

Image Credit: GGTech Entertainment, Riot Games",2.5,"Colin Smith — December 21, 2023 — Tech
References: twitter & esportsinsider",Tech,https://www.trendhunter.com/trends/remix-rumble
Tournament Partnership Renewals,"Riot Games, the video game developer behind the popular online competitive games 'League of Legends,' 'Valorant,' and 'Teamfight Tactics (TFT),' announced that it will officially be partnering with 'GGTech Entertainment' on its latest TFT competitive series. The TFT competitive series will be based on the current 'Remix Rumble' TFT format, and will take place in North America.

The Remix Rumble NA Regional Finals, the North American competitive set, will take place from February 23rd to 25th, 2024. It will start with 24 players with 8 players eliminated per day until three players remain and qualify for the Remix Rumble Championship. The final date and details for the championship series have yet to be set. However, it is expected to be the largest TFT-related event to date, given the recent increase in popularity for the title.

Image Credit: GGTech Entertainment, Riot Games",2.5,"Colin Smith — December 21, 2023 — Tech
References: twitter & esportsinsider",Tech,https://www.trendhunter.com/trends/remix-rumble
Redefining Hotel Brand Visions,"Behind the Journey is a new exhibition launched by Rosewood Hotels & Resorts. It is part of the brand's global cultural initiative, Rosewood Front Row. Premiering during Shanghai Art Week, the exhibition marks a significant milestone for the brand as it celebrates 10 years of operations in China. Featuring works from renowned artists Wing Shya, Leslie Zhang, and Li Cha, Behind the Journey offers a unique photographic exploration of three distinct Rosewood locations, presenting them through the artists’ personal lenses.

Behind the Journey highlights how the concept of A Sense of Place — Rosewood’s guiding philosophy — is embodied in each destination. Li Cha's exploration of Beijing emphasizes intricate architectural details and historical textures, while Leslie Zhang’s depiction of Luang Prabang focuses on the city’s blend of tradition and tranquility. Wing Shya's portrayal of Madrid captures the warmth, vibrancy, and passion of the Spanish city, through rich color and movement.

Image Credit: Rosewood Hotels & Resorts",4.6,"Kalin Ned — November 22, 2024 — World
References: rosewoodhotels",World,https://www.trendhunter.com/trends/behind-the-journey
Captivating Winter Travel Initiatives,"HOTEL THE MITSUI HAKONE is a 126-room hotel situated in Hakone’s prestigious hot spring resort area, within the picturesque Fuji-Hakone-Izu National Park. Spanning across a vast area, the property blends modern luxury with the region's natural beauty and cultural significance.

In keeping with the HOTEL THE MITSUI philosophy of “Embracing Japan's Beauty,” the hotel emphasizes exceptional service while paying homage to the local environment, history, and aesthetics. Furthermore, the location holds historical importance, as it was once the site of the Mitsui family’s private villas, further enhancing its cultural legacy.

Set amidst lush forests, the main hotel building provides rooms offering expansive views of the natural surroundings. Likewise, the guest rooms, which include larger villas and a 'Presidential Suite,' ensure comfort and luxury. Dining options include ""both all-day dining and a specialty restaurant, each featuring seasonal cuisine, with terraces or open windows that offer sweeping views of the picturesque landscape.""

Image Credit: HOTEL THE MITSUI HAKONE",3.5,"Debra John — November 7, 2024 — Art & Design
References: hotelthemitsui & prnewswire",Art & Design,https://www.trendhunter.com/trends/hotel-the-mitsui-hakone
Social Forum Engagement Tools,"SocialSignal AI is a tool designed to help startups harness real-time online conversations for growth. By monitoring platforms like X (formerly Twitter), Reddit, and Hacker News, the tool tracks keywords and topics relevant to a business’s industry or offering. Its built-in AI functionality can generate timely, context-aware responses, helping teams engage in meaningful interactions without constant manual oversight.

Additionally, it provides insights on where and how conversations are developing, enabling founders and marketers to identify emerging trends, respond to feedback, and discover potential customers. For early-stage companies, SocialSignal AI offers a way to stay visible and relevant in fast-moving online spaces, maximizing exposure through community-driven platforms. It streamlines social listening and engagement, aligning startup outreach with real-time sentiment and conversation momentum.

Image Credit: SocialSignal AI",6.8,"Ellen Smith — April 9, 2025 — Tech
References: socialsignalai",Tech,https://www.trendhunter.com/trends/socialsignal-ai
AI Tool Builders,"Polymet is an AI-powered design assistant that simplifies the process of creating user interfaces and prototypes. Aimed at product teams and solo developers, Polymet allows users to generate polished UI designs by describing the desired functionality or uploading a visual reference.

The tool then outputs high-fidelity mockups along with production-ready front-end code, bridging the gap between design and development. This functionality is especially useful for teams without dedicated designers, or for speeding up the iteration process during early-stage product development. Polymet’s integration of generative design with code output reflects a growing trend in AI-assisted product workflows, where non-designers can rapidly prototype ideas without sacrificing visual quality. For startups, freelancers, and agile teams, Polymet provides a scalable solution for design tasks, enhancing speed and accessibility in the UI/UX process.

Image Credit: Polymet",5.2,"Ellen Smith — April 9, 2025 — Tech
References: polymet.ai",Tech,https://www.trendhunter.com/trends/polymet
AI Tool Builders,"Polymet is an AI-powered design assistant that simplifies the process of creating user interfaces and prototypes. Aimed at product teams and solo developers, Polymet allows users to generate polished UI designs by describing the desired functionality or uploading a visual reference.

The tool then outputs high-fidelity mockups along with production-ready front-end code, bridging the gap between design and development. This functionality is especially useful for teams without dedicated designers, or for speeding up the iteration process during early-stage product development. Polymet’s integration of generative design with code output reflects a growing trend in AI-assisted product workflows, where non-designers can rapidly prototype ideas without sacrificing visual quality. For startups, freelancers, and agile teams, Polymet provides a scalable solution for design tasks, enhancing speed and accessibility in the UI/UX process.

Image Credit: Polymet",5.2,"Ellen Smith — April 9, 2025 — Tech
References: polymet.ai",Tech,https://www.trendhunter.com/trends/polymet
AI Tool Builders,"Polymet is an AI-powered design assistant that simplifies the process of creating user interfaces and prototypes. Aimed at product teams and solo developers, Polymet allows users to generate polished UI designs by describing the desired functionality or uploading a visual reference.

The tool then outputs high-fidelity mockups along with production-ready front-end code, bridging the gap between design and development. This functionality is especially useful for teams without dedicated designers, or for speeding up the iteration process during early-stage product development. Polymet’s integration of generative design with code output reflects a growing trend in AI-assisted product workflows, where non-designers can rapidly prototype ideas without sacrificing visual quality. For startups, freelancers, and agile teams, Polymet provides a scalable solution for design tasks, enhancing speed and accessibility in the UI/UX process.

Image Credit: Polymet",5.2,"Ellen Smith — April 9, 2025 — Tech
References: polymet.ai",Tech,https://www.trendhunter.com/trends/polymet
Mood Reflection Trackers,"Sunrise is a digital journaling platform focused on mental wellness, particularly for users managing anxiety. The app combines structured mental health support with user privacy and ease of use. Its ""Guided Templates"" feature offers evidence-based prompts grounded in therapeutic practices, enabling users to reflect more intentionally and develop emotional resilience over time.

A distinguishing aspect is the ""Encouraging Feedback"" function, which provides anonymous, supportive responses to entries — designed to foster motivation and reduce isolation. For businesses and organizations focused on employee wellness, Sunrise can serve as a low-barrier tool to encourage self-care and emotional check-ins. It’s also relevant in contexts like coaching, healthcare, or education, where personal reflection supports broader goals. Overall, Sunrise reflects the growing interest in digital mental health tools that prioritize emotional safety and user-centric design.

Image Credit: Sunrise",4.3,"Ellen Smith — April 9, 2025 — Lifestyle
References: sunrise-app",Lifestyle,https://www.trendhunter.com/trends/guided-journaling
Refreshing Sparkling Drinks,"F3 Energy has entered into a strategic distribution partnership with Elite Nutritional Products, and this move is expected to significantly expand the brand's reach within the fitness and wellness markets.

F3 Energy offers functional beverages that emphasize clean energy through ingredients like green tea-derived caffeine, L-Theanine, and adaptogens such as Ginseng Panax and Ginkgo Biloba. The brand differentiates itself from conventional energy drinks by promoting sustained mental clarity and physical endurance without the typical sugar crashes. This aligns with growing consumer demand for performance-enhancing yet health-conscious products.

The collaboration with Elite Nutritional Products positions the brand alongside established supplements in gyms, health clubs, and specialty retailers across the East Coast and beyond. It gives F3 Energy critical access to fitness professionals and retailers, which may accelerate its penetration into a competitive market.

Image Credit: F3 Energy",6.2,"Kalin Ned — April 9, 2025 — Business
References: f3energy & bevnet",Business,https://www.trendhunter.com/trends/f3-energy
Menopause Hair Masks,"With age, hormonal changes can affect hair growth and texture, and Menoplex by Charles Worthington London is a specialist haircare range designed for perimenopausal and menopausal women.

Menoplex supports smooth, soft hair with just one use, and reduces hair breakage by 90% with the brand's signature PLEX-REPAIR System. Key ingredients include lightweight yet deeply hydrating hyaluronic acid and natural clary sage extract, which boosts Vitamin D levels and enhances skin barrier function. In the Menoplex range, there's a Volumizing Shampoo, a Repairing Conditioner, a Healthy Scalp Serum, and a Replenishing Mask.

GenM, creator of the MTick symbol to help consumers quickly and easily identify menopause-friendly products, recognized Charles Worthington London with a Best New Product award for a product supporting one or more of the 48 signs of menopause.",8.2,"Laura McQuarrie — April 9, 2025 — Fashion
References: charlesworthington & gen-m",Fashion,https://www.trendhunter.com/trends/menoplex
Residential Digital Fitness Platforms,"TURF Fitness and Precision Health Platform strives to redefine the gym experience through advanced wellness technology. The collaboration marks a significant shift toward integrated health optimization.

The partnership between TURF Fitness and Precision Health Platform provides members of the former with access to personalized diagnostics, including at-home lab tests and hormone therapies, alongside tailored supplement plans. All of these features are accessible through a streamlined digital interface. By moving beyond conventional workout routines, TURF Fitness positions itself as a comprehensive wellness hub that addresses not just physical fitness but also metabolic, hormonal, and nutritional factors that influence overall health.

Precision Health Platform's seamless integration eliminates the friction typically associated with managing multiple health tools, allowing members to consolidate their wellness journey within a single, trusted ecosystem.

Image Credit: TURF Fitness",7.6,"Kalin Ned — April 9, 2025 — Lifestyle
References: insider.fitt.co",Lifestyle,https://www.trendhunter.com/trends/turf-fitness
Artful Cork Installations,"Casa Cork represents an ambitious collaboration between Rockwell Group, the Cork Collective, and Corticeira Amorim. The installation presents an immersive exploration of cork’s versatility and potential as a sustainable design material during Milan Design Week.

Casa Cork transforms a traditional exhibition space into a living laboratory, where nearly every element — from furniture and lighting to wall treatments and decorative objects — is crafted from cork. The centerpiece of the installation is a 3D-printed replica of a cork oak tree created by Factum Arte. This element serves as both a symbolic and educational anchor, as it emphasizes the material’s renewable origins and carbon-sequestering properties.

Complementing the physical displays at Casa Cork are contributions from renowned designers like Tom Dixon, the Campana Brothers, and Noé Duchaufour-Lawrance, alongside emerging talents.

Image Credit: Ed Reeve for Rockwell Group",7,"Kalin Ned — April 9, 2025 — Eco
References: newswire",Eco,https://www.trendhunter.com/trends/casa-cork
Branded Happiness-Focused Studies,"Goody's® Pain Relief has launched an innovative campaign called Smile 20. The initiative combines scientific research with experiential marketing to demonstrate how smiling can help runners push through pain during marathons.

Smile 20 is based on a newly published white paper, titled 'The Science of Smiling & Benefits to Pain Relief,' which compiles over two decades of research showing that smiling triggers the release of pain-reducing neurotransmitters like endorphins, serotonin, and dopamine. To put this concept into practice, Goody's® set up an interactive activation at mile 20 of the Knoxville Marathon — a critical point where runners often 'hit the wall' due to glycogen depletion. Participants were photographed as they approached, then surprised with AI-generated images of themselves smiling on a large digital display. The unexpected visual prompted genuine smiles, which, according to pace tracking, correlated with increased speed post-activation.

Image Credit: Goody's® Pain Relief",6.6,"Kalin Ned — April 9, 2025 — Lifestyle
References: goodyspowder & newswire",Lifestyle,https://www.trendhunter.com/trends/smile-20
Brainwave-Monitoring Headphones,"MYndspan democratizes access to its clinical-grade Magnetoencephalography (MEG) technology through its equity crowdfunding campaign on Crowdcube.

Traditionally confined to research labs and hospitals, MEG offers unparalleled precision in measuring real-time brain activity with millisecond accuracy. This functionality helps with the early detection of cognitive decline, neural dysfunction, and other brain health metrics.

By establishing consumer-facing scanning centers, starting with a flagship location in London, MYndspan aims to bridge the gap between advanced neuroscience and proactive wellness, providing individuals with actionable insights into their brain function through a 45-minute, non-invasive session. The process includes a silent MEG scan paired with gamified cognitive tests, culminating in a personalized report that evaluates metrics like functional brain age, neural connectivity, and stress response.

Image Credit: MYndspan",4.7,"Kalin Ned — April 9, 2025 — Lifestyle
References: insider.fitt.co",Lifestyle,https://www.trendhunter.com/trends/crowdfunding-campaign1
Residential Digital Fitness Platforms,"TURF Fitness and Precision Health Platform strives to redefine the gym experience through advanced wellness technology. The collaboration marks a significant shift toward integrated health optimization.

The partnership between TURF Fitness and Precision Health Platform provides members of the former with access to personalized diagnostics, including at-home lab tests and hormone therapies, alongside tailored supplement plans. All of these features are accessible through a streamlined digital interface. By moving beyond conventional workout routines, TURF Fitness positions itself as a comprehensive wellness hub that addresses not just physical fitness but also metabolic, hormonal, and nutritional factors that influence overall health.

Precision Health Platform's seamless integration eliminates the friction typically associated with managing multiple health tools, allowing members to consolidate their wellness journey within a single, trusted ecosystem.

Image Credit: TURF Fitness",7.6,"Kalin Ned — April 9, 2025 — Lifestyle
References: insider.fitt.co",Lifestyle,https://www.trendhunter.com/trends/turf-fitness
Residential Digital Fitness Platforms,"TURF Fitness and Precision Health Platform strives to redefine the gym experience through advanced wellness technology. The collaboration marks a significant shift toward integrated health optimization.

The partnership between TURF Fitness and Precision Health Platform provides members of the former with access to personalized diagnostics, including at-home lab tests and hormone therapies, alongside tailored supplement plans. All of these features are accessible through a streamlined digital interface. By moving beyond conventional workout routines, TURF Fitness positions itself as a comprehensive wellness hub that addresses not just physical fitness but also metabolic, hormonal, and nutritional factors that influence overall health.

Precision Health Platform's seamless integration eliminates the friction typically associated with managing multiple health tools, allowing members to consolidate their wellness journey within a single, trusted ecosystem.

Image Credit: TURF Fitness",7.6,"Kalin Ned — April 9, 2025 — Lifestyle
References: insider.fitt.co",Lifestyle,https://www.trendhunter.com/trends/turf-fitness
Artful Cork Installations,"Casa Cork represents an ambitious collaboration between Rockwell Group, the Cork Collective, and Corticeira Amorim. The installation presents an immersive exploration of cork’s versatility and potential as a sustainable design material during Milan Design Week.

Casa Cork transforms a traditional exhibition space into a living laboratory, where nearly every element — from furniture and lighting to wall treatments and decorative objects — is crafted from cork. The centerpiece of the installation is a 3D-printed replica of a cork oak tree created by Factum Arte. This element serves as both a symbolic and educational anchor, as it emphasizes the material’s renewable origins and carbon-sequestering properties.

Complementing the physical displays at Casa Cork are contributions from renowned designers like Tom Dixon, the Campana Brothers, and Noé Duchaufour-Lawrance, alongside emerging talents.

Image Credit: Ed Reeve for Rockwell Group",7,"Kalin Ned — April 9, 2025 — Eco
References: newswire",Eco,https://www.trendhunter.com/trends/casa-cork
Branded Happiness-Focused Studies,"Goody's® Pain Relief has launched an innovative campaign called Smile 20. The initiative combines scientific research with experiential marketing to demonstrate how smiling can help runners push through pain during marathons.

Smile 20 is based on a newly published white paper, titled 'The Science of Smiling & Benefits to Pain Relief,' which compiles over two decades of research showing that smiling triggers the release of pain-reducing neurotransmitters like endorphins, serotonin, and dopamine. To put this concept into practice, Goody's® set up an interactive activation at mile 20 of the Knoxville Marathon — a critical point where runners often 'hit the wall' due to glycogen depletion. Participants were photographed as they approached, then surprised with AI-generated images of themselves smiling on a large digital display. The unexpected visual prompted genuine smiles, which, according to pace tracking, correlated with increased speed post-activation.

Image Credit: Goody's® Pain Relief",6.6,"Kalin Ned — April 9, 2025 — Lifestyle
References: goodyspowder & newswire",Lifestyle,https://www.trendhunter.com/trends/smile-20
Hormone Innovator-Focused Award Events,"The 'Mira Hormone Monitor' is an advanced, AI-powered device designed to help individuals navigate the transitions of perimenopause, menopause, and postmenopause with clarity.

This at-home kit uses ultra-sensitive technology to quantitatively track four key hormones—FSH, LH, E3G, and PdG—offering personalized insights into hormonal fluctuations, menstrual irregularities, and ovulation patterns. Users can correlate symptoms with hormone levels and monitor the impact of hormone replacement therapy (HRT) or fertility treatments in collaboration with healthcare professionals.

The comprehensive kit includes the ""Mira Monitor, 10 Fertility Max Wands (LH, E3G, PdG), 10 Ovum Wands (FSH), a silicone collection cup, a charging cable, a deluxe carrying pouch, and a quickstart guide."" Compact and user-friendly, it empowers users to manage hormonal health with data-backed confidence and convenience. Ideal for at-home use, the Mira system transforms symptom tracking into a structured and informed health approach.

Image Credit: Mira Fertility",8.4,"Debra John — April 9, 2025 — Tech
References: instagram & shop.miracare",Tech,https://www.trendhunter.com/trends/mira-hormone-monitor
Automated Content Creation,"Blaze Designer is an AI-driven content creation platform tailored for brands seeking consistent visual identity across their social media. By analyzing a user’s Instagram handle, Blaze automatically identifies brand elements such as colors, fonts, and design style.

It then generates over 60 types of content templates, enabling rapid, on-brand creation for marketing, promotions, and engagement posts. The tool also includes scheduling and publishing features, allowing users to plan and automate up to one month of content. For businesses, this minimizes the time spent on manual design tasks and supports scalability across digital channels. Blaze is particularly useful for solo entrepreneurs, small businesses, and social media teams aiming to maintain a cohesive brand presence while optimizing content output through automation.

Image Credit: Blaze Designer",4.6,"Ellen Smith — April 9, 2025 — Art & Design
References: blaze.ai",Art & Design,https://www.trendhunter.com/trends/blaze-designer
Symptom-Alleviating Period Supplements,"The 'Blume Cloud 9 PMS Oil' is a portable, easy-to-use essential oil blend designed to provide natural relief from common symptoms experienced during perimenopause and menopause. Its compact, travel-friendly format with a rollerball applicator allows for discreet, on-the-go use, making it an ideal solution for individuals seeking quick and convenient symptom management throughout the day.

Formulated with a blend of essential oils known for their therapeutic benefits, the product features Clary Sage for its calming and soothing properties, Peppermint to refresh the senses and ease muscle discomfort, and Geranium, traditionally used to enhance mood and combat fatigue. This combination provides targeted relief from issues such as bloating, irritability, mood swings, and cramps—symptoms that often persist through both perimenopause and menopause.

Offering a natural, non-disruptive alternative, this oil blend is ideal for consumers navigating hormonal transitions who value convenience, efficacy, and mindful self-care.

Image Credit: Blume",6.6,"Debra John — April 9, 2025 — Fashion
References: sephora & blume",Fashion,https://www.trendhunter.com/trends/cloud-9-pms-oil
Fruity Floral Hair Perfumes,"Lysol expands its Brand New Day cleaning line with the new Lavender & Cotton Blossom fragrance. The product offerings are designed to combine germ-killing efficacy with an aromatic experience.

Lysol's Lavender & Cotton Blossom fragrance blends floral notes of lavender, jasmine, and violet with fruity accents of apple and green pear. The scent finishes off with woody sandalwood and white musk for a balanced, soothing effect. The new sensory addition to the Brand New Day collection is available in various formats, including disinfectant sprays, wipes, toilet bowl cleaners, and multi-surface cleaners. These formulations maintain Lysol’s standard of eliminating 99.9% of germs.

To promote the launch of its Lavender & Cotton Blossom fragrance, Lysol has partnered with actress and dancer Roselyn Sanchez and professional dancers from Dancing with the Stars: Live! to encourage consumers to infuse energy into cleaning routines through a 'Lavanda and Dance' campaign, which includes social media engagement and a sweepstakes offering prizes of the new scented products.

Image Credit: Lysol",6.9,"Kalin Ned — April 9, 2025 — Marketing
References: lysol & prnewswire",Marketing,https://www.trendhunter.com/trends/lavender-cotton
Naturally Formulated Energy Drinks,"Ketone-IQ has significantly expanded its product line and market reach with the introduction of four new energy shot variants, signaling a strategic push into the competitive performance supplement sector. The new offerings are available in Green Apple and Raspberry Lemonade flavors, with both ketone-only and ketone-plus-caffeine formulations. They maintain the brand’s emphasis on clean ingredients, being free from sugar, artificial flavors, and sweeteners.

Ketone-IQ's energy shots tap into the science of exogenous ketones, which are marketed as a premium energy source supporting mental clarity, physical performance, and metabolic efficiency without the crashes associated with sugar or artificial stimulants. This expansion into the competitive performance supplement sector coincides with two milestones for Ketone-IQ — NSF Certified for Sport certification and broader retail distribution through partnerships with Vitamin Shoppe and HEB.

Image Credit: Ketone-IQ",7.5,"Kalin Ned — April 9, 2025 — Lifestyle
References: ketone & insider.fitt.co",Lifestyle,https://www.trendhunter.com/trends/competitive-performances
GenAI Resale Apps,"Zillow has partnered with HomeServices of America to provide the agents of the organization with access to Zillow Showcase, an AI-powered residential property listing enhancement tool designed to improve visibility and engagement. The introduction of this feature in HomeServices of America agents' arsenal is expected to give them a competitive advantage in consumer reach and advanced digital marketing.

Zillow Showcase property listings stand out with high-resolution scrolling images, interactive floor plans, and organized room-by-room photos. According to the brand, properties featured with Showcase tend to sell for 2% more, with over $9,000 added to the average sale, and go pending 14 days faster than standard listings. Additionally, these listings receive 81% more views, 80% more saves, and 90% more shares compared to non-Showcase listings on the platform.

Image Credit: Zillow",6.5,"Kalin Ned — April 9, 2025 — Tech
References: zillowshowcase & investors.zillowgroup",Tech,https://www.trendhunter.com/trends/property-listing
Full-Body Wellness Gummies,"'SUKU Vitamins PMS Gummies' are designed to support hormonal balance and ease symptoms associated with the menstrual cycle and menopause. Each serving of two gummies delivers 500 mg of 'Vitex Chasteberry,' a herbal ingredient traditionally used to relieve premenstrual discomfort. The formula also features turmeric, known for its anti-inflammatory properties, helping to further support overall wellness.

In addition to herbal ingredients, the gummies include essential nutrients such as calcium, phosphorus, and vitamin B6. These components work together to aid in regulating the menstrual cycle, reducing menstrual cramps, and alleviating menopause-related symptoms such as hot flashes. Vitamin B6 also contributes to mood regulation and energy metabolism, while calcium and phosphorus support bone and muscle health.

With a naturally flavored mango-peach profile, the gummies offer a pleasant and convenient method of supplementation. Ideal for daily use, SUKU PMS Gummies provide a practical, non-invasive option for those seeking consistent hormonal support.

Image Credit: SUKU Vitamins",4.2,"Debra John — April 9, 2025 — Lifestyle
References: amazon & sukuvitamins",Lifestyle,https://www.trendhunter.com/trends/suku-vitamins-pms
Warm Weather Cherry Libations,"The Rogue Turbine by Pacific Sky Power is the ultimate Portable Wind Generator, built for those who don’t have time for dead batteries or weak excuses. Whether you're an emergency responder, off-grid explorer, or disaster prepper, this beast delivers raw, unstoppable wind power wherever you take it.

What makes it different is a revolutionary orbital spin function, a game-changing breakthrough that crushes wind inconsistency and ensures steady, reliable power in the most unpredictable conditions. While traditional turbines can be inefficient in low winds, the Rogue Turbine adapts, capturing energy like a pro and keeping your gear juiced up without fail.

No sun or no grid equals no problem. The Rogue Turbine is rugged, lightweight, and easy to set up—because when you’re miles from civilization, you don’t have time for complicated nonsense. Its hybrid compatibility lets you combine power sources for an energy system that refuses to quit. When the world goes dark, the Rogue Turbine keeps you powered, prepared, and ensures that you can harness the wind anytime and anywhere.

Image Credit: Pacific Sky Power LLC",7.8,"Dan Tracy — April 9, 2025 — Tech
References: presale.pacifcskypower & pacificskypower",Tech,https://www.trendhunter.com/trends/Portable-Wind-Generator
Fast Portable Tire Inflators,"Woowind, a Hong Kong-based innovator in portable inflating technology, has launched the Ventus Pro in the U.S., branding it as its most powerful and versatile tire inflator yet. Available on Amazon for $79.99, this device promises to inflate tires for cars, motorcycles, bicycles, and scooters in as little as one minute, with a 2x faster inflation rate of about 24L/min compared to other inflators on the market.

Featuring a premium aluminum design, intuitive controls with five preset modes, and a longer air tube optimized for bike and motorcycle tires, the Ventus Pro is built for convenience and reliability across various weather conditions, appealing to both urban commuters and outdoor enthusiasts.

The Ventus Pro’s standout features include a 20% improved battery, a 10-ft car plug cable for continuous power, and multiple adaptors like Presta and Dunlop valves, a ball needle, and a swimming ring nozzle, enhancing its versatility.",9.9,"Glenn Mandel — April 9, 2025 — Autos
References: woowind.store & msn",Autos,https://www.trendhunter.com/trends/Ventus-Pro
Mobile Game Anime Collabs,"This Demon Slayer Paint kit features a canvas with a pre-outlined image of popular characters from the anime franchise. The kit consists of high-quality acrylic paints, and brushes, with no prior painting skills required, making it accessible to fans and artists at all levels.

Whether you’re a seasoned artist or a newbie looking to explore your creative side, visit Artistry Rack to get your hands on this must-have kit and start your artistic journey with a splash of anime.

In recent years, the adult crafting movement has seen significant growth, with more individuals turning to creative outlets as a form of relaxation and personal expression. The rise of popular anime series like ""Demon Slayer"" has sparked a demand for merchandise that goes beyond the traditional, encouraging fans to engage more deeply with their favorite series. Artistry Rack’s innovative product meets this need by combining the therapeutic benefits of paint-by-numbers with the passionate fandom of anime.

Image Credit: https://artistryrack.com/products/demon-slayer-anime-paint-by-numbers-acrylic-painting-kit?_pos=6&_sid=77ba9ef2e&_ss=r",4.3,"PRANJAL GUPTA — April 9, 2025 — Art & Design
References: artistryrack",Art & Design,https://www.trendhunter.com/trends/Demon-Slayer-Paint-Kit
Cycling Performance Trackers,"Garmin's Varia Vue is presented as the company's inaugural cycling headlight integrated with a 4K camera. The product is intended to enhance rider safety and documentation.

The device combines a high-resolution front-facing camera with a 600-lumen headlight that offers cyclists improved visibility while simultaneously recording their journey. The camera automatically saves footage if an incident is detected and this feature ensures critical moments are preserved for review. Additionally, the high-tech cycling headlight can sync with Garmin’s Varia RCT715 radar taillight camera to offer comprehensive coverage from both front and rear perspectives.

Varia Vua is equipped with Electronic Image Stabilization to ensure smooth video quality, while Wi-Fi connectivity allows automatic uploads to Garmin Vault for secure storage. The device also boasts adaptive brightness that can adjust based on speed and surroundings when paired with a compatible Edge cycling computer.

Image Credit: Garmin",5.6,"Kalin Ned — April 9, 2025 — Autos
References: prnewswire",Autos,https://www.trendhunter.com/trends/cycling-headlight
Cycling Performance Trackers,"Garmin's Varia Vue is presented as the company's inaugural cycling headlight integrated with a 4K camera. The product is intended to enhance rider safety and documentation.

The device combines a high-resolution front-facing camera with a 600-lumen headlight that offers cyclists improved visibility while simultaneously recording their journey. The camera automatically saves footage if an incident is detected and this feature ensures critical moments are preserved for review. Additionally, the high-tech cycling headlight can sync with Garmin’s Varia RCT715 radar taillight camera to offer comprehensive coverage from both front and rear perspectives.

Varia Vua is equipped with Electronic Image Stabilization to ensure smooth video quality, while Wi-Fi connectivity allows automatic uploads to Garmin Vault for secure storage. The device also boasts adaptive brightness that can adjust based on speed and surroundings when paired with a compatible Edge cycling computer.

Image Credit: Garmin",5.6,"Kalin Ned — April 9, 2025 — Autos
References: prnewswire",Autos,https://www.trendhunter.com/trends/cycling-headlight
Masculine LED Skincare Masks,"The 'Aesthetic Skin LED Face Mask' is turning heads and transforming skin with a professional-grade experience you can bring home. Developed by renowned facial plastic surgeon Dr. Anil Shah, this sleek, tech-forward mask delivers salon-quality results in just 10 minutes a session, three to four times a week.

Unlike most LED masks that focus on a single concern, this powerhouse device features red, blue, green, and near-infrared light to treat a full spectrum of skincare issues -- think collagen production, acne, inflammation, sun damage, and uneven tone. It even extends beyond beauty, with NIR tech supporting muscle recovery, circulation, and even mood balance.

From now until Mother’s Day (May 14, 2025), it’s 50% off with code MOTHERSDAY2025 at aestheticskinstore.com.

Image Credit: Aesthetic Skin",8.9,"Georgia Wray Norsten — April 9, 2025 — Fashion
References: instagram & aestheticskinstore",Fashion,https://www.trendhunter.com/trends/aesthetic-skin-led-face-mask
Microdose-Supporting Mushroom Capsules,"Some sleep solutions leave people feeling groggy the next morning, but Snoozy's Microdose Sleep With Benefits bedtime gummies were created as a low-dose THC option for adults who struggle to fall asleep and stay asleep. Each melatonin-free gummy contains two milligrams of THC, 10 milligrams of CBD, and five milligrams of CBN, plus natural adaptogens and herbs like chamomile. The all-natural, vegan-friendly formula specifically speaks to consumers concerned about their lack of deep, restful sleep and offers an approachable low-dose option that can be adjusted as needed.

In its product portfolio, Snoozy offers options for every adult cannabis consumer, including other bedtime gummies in extra-strength and THC-free options. For the daytime, Snoozy also shares gummies with functional benefits to support stress relief, intimacy, or starting the day euphorically.",6,"Laura McQuarrie — April 9, 2025 — Lifestyle
References: getsnoozy & thedieline",Lifestyle,https://www.trendhunter.com/trends/bedtime-gummies
Mobile Game Anime Collabs,"This Demon Slayer Paint kit features a canvas with a pre-outlined image of popular characters from the anime franchise. The kit consists of high-quality acrylic paints, and brushes, with no prior painting skills required, making it accessible to fans and artists at all levels.

Whether you’re a seasoned artist or a newbie looking to explore your creative side, visit Artistry Rack to get your hands on this must-have kit and start your artistic journey with a splash of anime.

In recent years, the adult crafting movement has seen significant growth, with more individuals turning to creative outlets as a form of relaxation and personal expression. The rise of popular anime series like ""Demon Slayer"" has sparked a demand for merchandise that goes beyond the traditional, encouraging fans to engage more deeply with their favorite series. Artistry Rack’s innovative product meets this need by combining the therapeutic benefits of paint-by-numbers with the passionate fandom of anime.

Image Credit: https://artistryrack.com/products/demon-slayer-anime-paint-by-numbers-acrylic-painting-kit?_pos=6&_sid=77ba9ef2e&_ss=r",4.3,"PRANJAL GUPTA — April 9, 2025 — Art & Design
References: artistryrack",Art & Design,https://www.trendhunter.com/trends/Demon-Slayer-Paint-Kit
Cycling Performance Trackers,"Garmin's Varia Vue is presented as the company's inaugural cycling headlight integrated with a 4K camera. The product is intended to enhance rider safety and documentation.

The device combines a high-resolution front-facing camera with a 600-lumen headlight that offers cyclists improved visibility while simultaneously recording their journey. The camera automatically saves footage if an incident is detected and this feature ensures critical moments are preserved for review. Additionally, the high-tech cycling headlight can sync with Garmin’s Varia RCT715 radar taillight camera to offer comprehensive coverage from both front and rear perspectives.

Varia Vua is equipped with Electronic Image Stabilization to ensure smooth video quality, while Wi-Fi connectivity allows automatic uploads to Garmin Vault for secure storage. The device also boasts adaptive brightness that can adjust based on speed and surroundings when paired with a compatible Edge cycling computer.

Image Credit: Garmin",5.6,"Kalin Ned — April 9, 2025 — Autos
References: prnewswire",Autos,https://www.trendhunter.com/trends/cycling-headlight
Mobile Game Anime Collabs,"This Demon Slayer Paint kit features a canvas with a pre-outlined image of popular characters from the anime franchise. The kit consists of high-quality acrylic paints, and brushes, with no prior painting skills required, making it accessible to fans and artists at all levels.

Whether you’re a seasoned artist or a newbie looking to explore your creative side, visit Artistry Rack to get your hands on this must-have kit and start your artistic journey with a splash of anime.

In recent years, the adult crafting movement has seen significant growth, with more individuals turning to creative outlets as a form of relaxation and personal expression. The rise of popular anime series like ""Demon Slayer"" has sparked a demand for merchandise that goes beyond the traditional, encouraging fans to engage more deeply with their favorite series. Artistry Rack’s innovative product meets this need by combining the therapeutic benefits of paint-by-numbers with the passionate fandom of anime.

Image Credit: https://artistryrack.com/products/demon-slayer-anime-paint-by-numbers-acrylic-painting-kit?_pos=6&_sid=77ba9ef2e&_ss=r",4.3,"PRANJAL GUPTA — April 9, 2025 — Art & Design
References: artistryrack",Art & Design,https://www.trendhunter.com/trends/Demon-Slayer-Paint-Kit
Cyberpunk-Style Face Shavers,"Supply's 'Max Razor' offers a smooth shaving experience, blending heritage craftsmanship with modern design for men who expect more from their grooming tools. This innovative razor stands out with its magnetic pivoting head, which brings intuitive flexibility to single-edge razors. Whether you're a grooming pro or new to the single-blade game, the Max minimizes the learning curve, delivering a close shave without the usual nicks and irritation.

Built with a sleek, durable design and a gloss finish that feels as sharp as it looks, the Max Razor makes a compelling case for investing in better grooming. Backed by a lifetime warranty and a 100-day satisfaction guarantee, Supply elevates the shaving ritual. For anyone ready to leave razor burn behind and embrace a more refined, confident routine, the Max is your new go-to.

Image Credit: Supply",8.8,"Georgia Wray Norsten — April 9, 2025 — Fashion
References: supply.co & supply.co",Fashion,https://www.trendhunter.com/trends/supplys-max-razor
Minimal-Ingredient Chocolate Syrups,"Consumers are scrutinizing ultra-processed foods and swapping them for products like the ones in the M&S Only... Ingredients range. This new range of everyday essentials features products made with six ingredients or less, satisfying the demand for simpler, cleaner products.

To help people start the day off in a nourishing way, the new Only... Ingredients cereals are available in varieties like Only 5 Ingredients Multigrain Hoops or Only 6 Ingredients Choco Hoops. For snacking on the go, there are Only 4 Ingredients Dark Chocolate Date Bars that make the most of wholesome, flavorful ingredients like date paste, coconut oil, and salt. When it comes time for lunch or dinner, the Only 5 Ingredients White Rolls are not only satisfying but also supportive of regenerative farming, thanks to the use of Wildfarmed flour.",6.1,"Laura McQuarrie — April 9, 2025 — Lifestyle
References: marksandspencer",Lifestyle,https://www.trendhunter.com/trends/ms-only-ingredients
Fifth-Generation SSDs,"Lexar has introduced the Play PRO 1TB MicroSD Express card, designed to meet the demands of high-performance gaming and data storage. This card is built on the MicroSD Express standard, which combines PCI Express 3.0 and NVMe 1.3 interfaces, enabling significantly faster data transfer speeds compared to traditional microSD cards. The Play PRO offers read speeds of up to 900MB/s and write speeds of up to 600MB/s, making it suitable for tasks such as accelerated game loading and high-speed data transfers. It is available in three capacities: 256GB, 512GB, and 1TB, with the 1TB model priced at $199.99. Additionally, the card is backward-compatible with UHS-I and UHS-II devices, though at reduced speeds.

The Play PRO 1TB MicroSD Express card is particularly notable for its compatibility with the upcoming Nintendo Switch 2, which exclusively supports the MicroSD Express format. This compatibility ensures that users can take full advantage of the card's high-speed capabilities for gaming applications. Lexar has also included a limited lifetime warranty and access to its recovery tool for restoring accidentally deleted or formatted files. With its advanced features and robust performance, the Play PRO 1TB MicroSD Express card positions itself as a valuable accessory for gamers and professionals requiring reliable and fast storage solutions.

Image Credit: Lexar",5,"Colin Smith — April 9, 2025 — Tech
References: amazon & engadget",Tech,https://www.trendhunter.com/trends/lexar-play-pro-1tb
Fifth-Generation SSDs,"Lexar has introduced the Play PRO 1TB MicroSD Express card, designed to meet the demands of high-performance gaming and data storage. This card is built on the MicroSD Express standard, which combines PCI Express 3.0 and NVMe 1.3 interfaces, enabling significantly faster data transfer speeds compared to traditional microSD cards. The Play PRO offers read speeds of up to 900MB/s and write speeds of up to 600MB/s, making it suitable for tasks such as accelerated game loading and high-speed data transfers. It is available in three capacities: 256GB, 512GB, and 1TB, with the 1TB model priced at $199.99. Additionally, the card is backward-compatible with UHS-I and UHS-II devices, though at reduced speeds.

The Play PRO 1TB MicroSD Express card is particularly notable for its compatibility with the upcoming Nintendo Switch 2, which exclusively supports the MicroSD Express format. This compatibility ensures that users can take full advantage of the card's high-speed capabilities for gaming applications. Lexar has also included a limited lifetime warranty and access to its recovery tool for restoring accidentally deleted or formatted files. With its advanced features and robust performance, the Play PRO 1TB MicroSD Express card positions itself as a valuable accessory for gamers and professionals requiring reliable and fast storage solutions.

Image Credit: Lexar",5,"Colin Smith — April 9, 2025 — Tech
References: amazon & engadget",Tech,https://www.trendhunter.com/trends/lexar-play-pro-1tb
Minimal-Ingredient Chocolate Syrups,"Consumers are scrutinizing ultra-processed foods and swapping them for products like the ones in the M&S Only... Ingredients range. This new range of everyday essentials features products made with six ingredients or less, satisfying the demand for simpler, cleaner products.

To help people start the day off in a nourishing way, the new Only... Ingredients cereals are available in varieties like Only 5 Ingredients Multigrain Hoops or Only 6 Ingredients Choco Hoops. For snacking on the go, there are Only 4 Ingredients Dark Chocolate Date Bars that make the most of wholesome, flavorful ingredients like date paste, coconut oil, and salt. When it comes time for lunch or dinner, the Only 5 Ingredients White Rolls are not only satisfying but also supportive of regenerative farming, thanks to the use of Wildfarmed flour.",6.1,"Laura McQuarrie — April 9, 2025 — Lifestyle
References: marksandspencer",Lifestyle,https://www.trendhunter.com/trends/ms-only-ingredients
Fifth-Generation SSDs,"Lexar has introduced the Play PRO 1TB MicroSD Express card, designed to meet the demands of high-performance gaming and data storage. This card is built on the MicroSD Express standard, which combines PCI Express 3.0 and NVMe 1.3 interfaces, enabling significantly faster data transfer speeds compared to traditional microSD cards. The Play PRO offers read speeds of up to 900MB/s and write speeds of up to 600MB/s, making it suitable for tasks such as accelerated game loading and high-speed data transfers. It is available in three capacities: 256GB, 512GB, and 1TB, with the 1TB model priced at $199.99. Additionally, the card is backward-compatible with UHS-I and UHS-II devices, though at reduced speeds.

The Play PRO 1TB MicroSD Express card is particularly notable for its compatibility with the upcoming Nintendo Switch 2, which exclusively supports the MicroSD Express format. This compatibility ensures that users can take full advantage of the card's high-speed capabilities for gaming applications. Lexar has also included a limited lifetime warranty and access to its recovery tool for restoring accidentally deleted or formatted files. With its advanced features and robust performance, the Play PRO 1TB MicroSD Express card positions itself as a valuable accessory for gamers and professionals requiring reliable and fast storage solutions.

Image Credit: Lexar",5,"Colin Smith — April 9, 2025 — Tech
References: amazon & engadget",Tech,https://www.trendhunter.com/trends/lexar-play-pro-1tb
Minimal-Ingredient Chocolate Syrups,"Consumers are scrutinizing ultra-processed foods and swapping them for products like the ones in the M&S Only... Ingredients range. This new range of everyday essentials features products made with six ingredients or less, satisfying the demand for simpler, cleaner products.

To help people start the day off in a nourishing way, the new Only... Ingredients cereals are available in varieties like Only 5 Ingredients Multigrain Hoops or Only 6 Ingredients Choco Hoops. For snacking on the go, there are Only 4 Ingredients Dark Chocolate Date Bars that make the most of wholesome, flavorful ingredients like date paste, coconut oil, and salt. When it comes time for lunch or dinner, the Only 5 Ingredients White Rolls are not only satisfying but also supportive of regenerative farming, thanks to the use of Wildfarmed flour.",6.1,"Laura McQuarrie — April 9, 2025 — Lifestyle
References: marksandspencer",Lifestyle,https://www.trendhunter.com/trends/ms-only-ingredients
Minimal-Ingredient Chocolate Syrups,"Consumers are scrutinizing ultra-processed foods and swapping them for products like the ones in the M&S Only... Ingredients range. This new range of everyday essentials features products made with six ingredients or less, satisfying the demand for simpler, cleaner products.

To help people start the day off in a nourishing way, the new Only... Ingredients cereals are available in varieties like Only 5 Ingredients Multigrain Hoops or Only 6 Ingredients Choco Hoops. For snacking on the go, there are Only 4 Ingredients Dark Chocolate Date Bars that make the most of wholesome, flavorful ingredients like date paste, coconut oil, and salt. When it comes time for lunch or dinner, the Only 5 Ingredients White Rolls are not only satisfying but also supportive of regenerative farming, thanks to the use of Wildfarmed flour.",6.1,"Laura McQuarrie — April 9, 2025 — Lifestyle
References: marksandspencer",Lifestyle,https://www.trendhunter.com/trends/ms-only-ingredients
Fifth-Generation SSDs,"Lexar has introduced the Play PRO 1TB MicroSD Express card, designed to meet the demands of high-performance gaming and data storage. This card is built on the MicroSD Express standard, which combines PCI Express 3.0 and NVMe 1.3 interfaces, enabling significantly faster data transfer speeds compared to traditional microSD cards. The Play PRO offers read speeds of up to 900MB/s and write speeds of up to 600MB/s, making it suitable for tasks such as accelerated game loading and high-speed data transfers. It is available in three capacities: 256GB, 512GB, and 1TB, with the 1TB model priced at $199.99. Additionally, the card is backward-compatible with UHS-I and UHS-II devices, though at reduced speeds.

The Play PRO 1TB MicroSD Express card is particularly notable for its compatibility with the upcoming Nintendo Switch 2, which exclusively supports the MicroSD Express format. This compatibility ensures that users can take full advantage of the card's high-speed capabilities for gaming applications. Lexar has also included a limited lifetime warranty and access to its recovery tool for restoring accidentally deleted or formatted files. With its advanced features and robust performance, the Play PRO 1TB MicroSD Express card positions itself as a valuable accessory for gamers and professionals requiring reliable and fast storage solutions.

Image Credit: Lexar",5,"Colin Smith — April 9, 2025 — Tech
References: amazon & engadget",Tech,https://www.trendhunter.com/trends/lexar-play-pro-1tb
Minimal-Ingredient Chocolate Syrups,"Consumers are scrutinizing ultra-processed foods and swapping them for products like the ones in the M&S Only... Ingredients range. This new range of everyday essentials features products made with six ingredients or less, satisfying the demand for simpler, cleaner products.

To help people start the day off in a nourishing way, the new Only... Ingredients cereals are available in varieties like Only 5 Ingredients Multigrain Hoops or Only 6 Ingredients Choco Hoops. For snacking on the go, there are Only 4 Ingredients Dark Chocolate Date Bars that make the most of wholesome, flavorful ingredients like date paste, coconut oil, and salt. When it comes time for lunch or dinner, the Only 5 Ingredients White Rolls are not only satisfying but also supportive of regenerative farming, thanks to the use of Wildfarmed flour.",6.1,"Laura McQuarrie — April 9, 2025 — Lifestyle
References: marksandspencer",Lifestyle,https://www.trendhunter.com/trends/ms-only-ingredients
Pigmented Lip-Conditioning Products,"MAC Cosmetics' Lipglass Blow Plumping Oil is a new spin on the beauty brand's iconic Lipglass formula, and it pairs the comforting care of a lip oil with the visibly volumizing benefits of a plumper. This lip-plumping formula features not only 1% ginger root extract but also ginger root oil, warming capsicum extract, and cooling menthol crystals for a sensorial experience that begins with a comfortable zingy effect that leads into a refreshing one. Thanks to its inclusions, this plumping oil has an all-natural ginger scent.

Although some plumping lip products leave lips irritated or dry, this non-sticky volumizing formula soothes with a blend of botanical oils that includes coconut, jojoba, and meadowfoam seed.",7.2,"Laura McQuarrie — April 9, 2025 — Fashion
References: maccosmetics & cosmopolitan",Fashion,https://www.trendhunter.com/trends/lipglass-blow-plumping-oil
High-Tech Personalized Wellness Partnerships,"Phasio and AMIS have announced a strategic partnership aimed at streamlining workflows in additive manufacturing. This collaboration integrates Phasio's digital production workflow solution with AMIS's build preparation software, creating a unified system for managing tasks from quoting to delivery. The combined solution automates routine processes, such as nesting and build preparation for 3D printers, while ensuring data accuracy and minimizing human errors. By leveraging this integration, users can optimize efficiency and scale their operations, addressing common challenges in digital manufacturing.

The partnership highlights the strengths of both companies in providing innovative solutions for the additive manufacturing industry. Phasio's platform focuses on connecting manufacturing customers with 3D printing services, while AMIS specializes in preparing builds for various 3D printing technologies, including binder jetting and selective laser sintering. Together, they aim to deliver a seamless digital ecosystem that enhances speed, accuracy, and overall operational performance. This collaboration underscores their commitment to advancing the capabilities of digital manufacturing service providers and production companies.

Image Credit: Phasio",4.1,"Colin Smith — April 9, 2025 — Tech
References: 3dprint",Tech,https://www.trendhunter.com/trends/phasio-amis
Summertime Americana Sodas,"The 'Beach Bound Collection' is a unique collaboration between premium grooming brand Blind Barber and Mountain Dew, offering two exclusive collections inspired by the iconic 'Baja Blast' flavor and the new 'Baja Cabo Citrus.' These collections bring the refreshing beverage experience into personal care products with tropical, coastal vibes.

The 'Beach Bound: Refresh Kit' includes a Baja Blast-inspired shampoo bar, body bar, and body lotion, all infused with a tropical lime scent for a revitalizing experience. It will be available starting April 16 on BlindBarber.com and at Blind Barber locations.

The 'Beach Bound: Body Spray Set' features two Baja-inspired body sprays—one with the tropical lime scent of Baja Blast and the other with the mandarin notes of Baja Cabo Citrus. This set also includes an 18-pack of Mountain Dew & Baja Blast, available on the Mountain Dew TikTok Shop from April 16.

This launch coincides with Mountain Dew’s Baja Cabo Citrus release, and the brand is also running a ""Tickets for Tickets"" sweepstakes for a Cabo San Lucas resort vacation.

Image Credit: Mountain Dew x Blind Barber",9.8,"Debra John — April 9, 2025 — Marketing
References: instagram & blindbarber",Marketing,https://www.trendhunter.com/trends/beach-bound-collection
Boston Marathon Apparel,"The Terry Fox Foundation commemorates the 45th anniversary of Terry’s legendary Marathon of Hope with a bold new launch: the ‘Finish It’ Collection. This limited-edition apparel line, produced in collaboration with adidas, celebrates Terry’s enduring legacy while rallying Canadians to help finish the marathon he began against cancer.

The 10-piece collection includes modern essentials like T-shirts, hoodies, joggers, caps, and toques, many emblazoned with the message 'Finish It' -- a rallying cry that symbolizes progress in cancer research and a collective push toward a cure. A standout piece features a silhouette of Terry running forward, reminding wearers they are part of a movement that continues his journey.

Now available for pre-order online, the collection officially launches April 12 -- the same date Terry began his run in 1980 and the day registration opens for the 2025 Terry Fox Run. Proceeds directly fund groundbreaking cancer research, making each purchase a statement of style and purpose.

Image Credit: Terry Fox Foundation",9.6,"Georgia Wray Norsten — April 9, 2025 — Social Good
References: terryfox.org",Social Good,https://www.trendhunter.com/trends/the-terry-fox-foundation
High-Tech Personalized Wellness Partnerships,"Phasio and AMIS have announced a strategic partnership aimed at streamlining workflows in additive manufacturing. This collaboration integrates Phasio's digital production workflow solution with AMIS's build preparation software, creating a unified system for managing tasks from quoting to delivery. The combined solution automates routine processes, such as nesting and build preparation for 3D printers, while ensuring data accuracy and minimizing human errors. By leveraging this integration, users can optimize efficiency and scale their operations, addressing common challenges in digital manufacturing.

The partnership highlights the strengths of both companies in providing innovative solutions for the additive manufacturing industry. Phasio's platform focuses on connecting manufacturing customers with 3D printing services, while AMIS specializes in preparing builds for various 3D printing technologies, including binder jetting and selective laser sintering. Together, they aim to deliver a seamless digital ecosystem that enhances speed, accuracy, and overall operational performance. This collaboration underscores their commitment to advancing the capabilities of digital manufacturing service providers and production companies.

Image Credit: Phasio",4.1,"Colin Smith — April 9, 2025 — Tech
References: 3dprint",Tech,https://www.trendhunter.com/trends/phasio-amis
Summertime Americana Sodas,"The 'Beach Bound Collection' is a unique collaboration between premium grooming brand Blind Barber and Mountain Dew, offering two exclusive collections inspired by the iconic 'Baja Blast' flavor and the new 'Baja Cabo Citrus.' These collections bring the refreshing beverage experience into personal care products with tropical, coastal vibes.

The 'Beach Bound: Refresh Kit' includes a Baja Blast-inspired shampoo bar, body bar, and body lotion, all infused with a tropical lime scent for a revitalizing experience. It will be available starting April 16 on BlindBarber.com and at Blind Barber locations.

The 'Beach Bound: Body Spray Set' features two Baja-inspired body sprays—one with the tropical lime scent of Baja Blast and the other with the mandarin notes of Baja Cabo Citrus. This set also includes an 18-pack of Mountain Dew & Baja Blast, available on the Mountain Dew TikTok Shop from April 16.

This launch coincides with Mountain Dew’s Baja Cabo Citrus release, and the brand is also running a ""Tickets for Tickets"" sweepstakes for a Cabo San Lucas resort vacation.

Image Credit: Mountain Dew x Blind Barber",9.8,"Debra John — April 9, 2025 — Marketing
References: instagram & blindbarber",Marketing,https://www.trendhunter.com/trends/beach-bound-collection
Boston Marathon Apparel,"The Terry Fox Foundation commemorates the 45th anniversary of Terry’s legendary Marathon of Hope with a bold new launch: the ‘Finish It’ Collection. This limited-edition apparel line, produced in collaboration with adidas, celebrates Terry’s enduring legacy while rallying Canadians to help finish the marathon he began against cancer.

The 10-piece collection includes modern essentials like T-shirts, hoodies, joggers, caps, and toques, many emblazoned with the message 'Finish It' -- a rallying cry that symbolizes progress in cancer research and a collective push toward a cure. A standout piece features a silhouette of Terry running forward, reminding wearers they are part of a movement that continues his journey.

Now available for pre-order online, the collection officially launches April 12 -- the same date Terry began his run in 1980 and the day registration opens for the 2025 Terry Fox Run. Proceeds directly fund groundbreaking cancer research, making each purchase a statement of style and purpose.

Image Credit: Terry Fox Foundation",9.6,"Georgia Wray Norsten — April 9, 2025 — Social Good
References: terryfox.org",Social Good,https://www.trendhunter.com/trends/the-terry-fox-foundation
Streamlined Work Desk Peripherals,"CalDigit has introduced its latest Thunderbolt 5 docking stations, the TS5 and TS5 Plus, designed to enhance connectivity and performance for Mac and PC users. The TS5 features 15 ports, including four Thunderbolt 5 connections, USB-A and USB-C ports, DisplayPort 1.4, and a 2.5Gb Ethernet port. It supports dual 6K displays and offers 140W host charging, making it suitable for power-intensive devices like Apple's 16-inch MacBook Pro. The TS5 Plus expands on this with 20 ports, including dual USB controllers for improved bandwidth and a 10Gb Ethernet port for faster network speeds. Both models leverage Thunderbolt 5 technology, providing up to 120Gb/s bandwidth for high-speed workflows and multi-display setups.

The TS5 and TS5 Plus are set to launch in North America and Europe between April and June 2025. The TS5 will be priced at $369.99 in the U.S. and €350 in Europe, while the TS5 Plus will cost $499.99 and €469, respectively. These docking stations aim to cater to professionals requiring robust connectivity solutions, offering support for high-resolution monitors, fast data transfer rates, and extensive charging capabilities. CalDigit's focus on performance and versatility positions the TS5 series as a significant upgrade over its predecessors, such as the TS4.

Image Credit: CalDigit",7.3,"Colin Smith — April 9, 2025 — Tech
References: theverge",Tech,https://www.trendhunter.com/trends/caldigit-ts5
Streamlined Work Desk Peripherals,"CalDigit has introduced its latest Thunderbolt 5 docking stations, the TS5 and TS5 Plus, designed to enhance connectivity and performance for Mac and PC users. The TS5 features 15 ports, including four Thunderbolt 5 connections, USB-A and USB-C ports, DisplayPort 1.4, and a 2.5Gb Ethernet port. It supports dual 6K displays and offers 140W host charging, making it suitable for power-intensive devices like Apple's 16-inch MacBook Pro. The TS5 Plus expands on this with 20 ports, including dual USB controllers for improved bandwidth and a 10Gb Ethernet port for faster network speeds. Both models leverage Thunderbolt 5 technology, providing up to 120Gb/s bandwidth for high-speed workflows and multi-display setups.

The TS5 and TS5 Plus are set to launch in North America and Europe between April and June 2025. The TS5 will be priced at $369.99 in the U.S. and €350 in Europe, while the TS5 Plus will cost $499.99 and €469, respectively. These docking stations aim to cater to professionals requiring robust connectivity solutions, offering support for high-resolution monitors, fast data transfer rates, and extensive charging capabilities. CalDigit's focus on performance and versatility positions the TS5 series as a significant upgrade over its predecessors, such as the TS4.

Image Credit: CalDigit",7.3,"Colin Smith — April 9, 2025 — Tech
References: theverge",Tech,https://www.trendhunter.com/trends/caldigit-ts5
Chocolate-Stuffed Pizza Crusts,"Heading into Easter, Pizza Inn put a seasonal spin on its famous dessert pizza with the Peeps Pizzert, a colorful menu item available for a limited time. This fresh take on dessert pizzas features a Bavarian cream base, 10 classic yellow Peeps Chicks, and a sprinkle of green sugar crystals to represent grass.

The Peeps Pizzert will only be available at participating Pizza Inn restaurants until April 20th. This dessert pizza made with a fan-favorite marshmallow treat can only be found at Pizza Inn's buffet, alongside other pizzas, pastas, and more. This new dish, to surprise and delight guests of all age,s is a one-of-a-kind treat that promises to bring Peeps fans to restaurants for a sweet way to finish meals.",8.7,"Laura McQuarrie — April 9, 2025 — Lifestyle
References: PizzaInn & restaurantmagazine",Lifestyle,https://www.trendhunter.com/trends/peeps-pizzert
Short-Throw Gaming Projectors,"The ViewSonic LX700-4K RGB is a home cinema projector that utilizes RGB laser technology to deliver high-quality visuals. It features 5,200 RGB Laser Lumens, ensuring bright and vibrant images even in well-lit environments. The projector supports true 4K HDR resolution, providing detailed and immersive visuals with a high contrast ratio enabled by a 0.65-inch DMD chip. Additionally, it offers flexible installation options, including a 1.6x optical zoom, vertical lens shift, and horizontal/vertical keystone correction, making it suitable for various home setups. The projector also supports a 1440p resolution at 120Hz, catering to gaming enthusiasts with consoles like Xbox and PS5.

The ViewSonic LX700-4K RGB is available for purchase at a price of approximately $1,599.99. This projector is designed for home cinema and gaming applications, providing a versatile solution for different entertainment needs. It is currently available through various retailers and online platforms, ensuring wide accessibility for consumers.

Image Credit: ViewSonic",7.2,"Colin Smith — July 29, 2024 — Business
References: viewsonic & newatlas",Business,https://www.trendhunter.com/trends/lx700-4k-rgb
Flexible Placement Home Projectors,"The Philips GamePix 900 projector has been unveiled by the brand as a piece of hardware for avid gamers to incorporate into their setup as a solution that's optimized with their gameplay in mind. The projector features a high refresh rate that will adapt from 60Hz on the low end all the way up to 240Hz with resolutions up to 4K to make it a great unit for immersive entertainment. The unit boasts three gaming modes including Action, Adventure and Sports to let users make changes according to the title or content they're watching.

The Philips GamePix 900 projector is priced at $599 with just 1,000 units up for grabs with the system expected to retail for $999 after this initial launch.

Image Credit: Philips Projection",7,"Michael Hemsworth — January 31, 2025 — Tech
References: shop.projection.philips & newatlas",Tech,https://www.trendhunter.com/trends/philips-gamepix-900
Plant-Based Cheese Courses,"The Cheese Rave is a groundbreaking event from Eventbrite that combines the unexpected pairing of artisanal cheese tasting with electronic dance music, offering a sensory experience. Set to debut in New York City, this event is designed to merge two seemingly unrelated passions into a memorable celebration of flavor and sound.

Antoni Porowski, culinary expert and television personality, is collaborating with Eventbrite to introduce the Cheese Rave to a broader audience; as a featured tastemaker, Antoni has also created curated It-Lists, guiding attendees to discover other events that blend food with unexpected interests.

Throughout the event, attendees will ""experience go-go cheese dancers, a striking cheese installation, and a curated tasting area led by expert mongers, all set against the backdrop of pulsating music."" Overall, this innovative experience showcases how diverse passions can come together to create something unique.

Image Credit: Eventbrite",9.7,"Debra John — April 9, 2025 — Marketing
References: instagram & eventbrite",Marketing,https://www.trendhunter.com/trends/cheese-rave
Chocolate-Stuffed Pizza Crusts,"Heading into Easter, Pizza Inn put a seasonal spin on its famous dessert pizza with the Peeps Pizzert, a colorful menu item available for a limited time. This fresh take on dessert pizzas features a Bavarian cream base, 10 classic yellow Peeps Chicks, and a sprinkle of green sugar crystals to represent grass.

The Peeps Pizzert will only be available at participating Pizza Inn restaurants until April 20th. This dessert pizza made with a fan-favorite marshmallow treat can only be found at Pizza Inn's buffet, alongside other pizzas, pastas, and more. This new dish, to surprise and delight guests of all age,s is a one-of-a-kind treat that promises to bring Peeps fans to restaurants for a sweet way to finish meals.",8.7,"Laura McQuarrie — April 9, 2025 — Lifestyle
References: PizzaInn & restaurantmagazine",Lifestyle,https://www.trendhunter.com/trends/peeps-pizzert
Luxe Valentine's Day Offers,"Easter-themed brunch takes the spotlight at The St. Regis Toronto, where guests are invited to indulge in a collection of elegant culinary offerings crafted to mark the holiday in refined style.

From April 19 to 20, the 'Easter Royal Brunch' at LOUIX LOUIS promises a sumptuous experience, featuring a lavish grazing station, artisanal baked goods, and expertly prepared dishes such as ""Truffle Egg Benedict, Canadian Beef Prime Rib Roast, and Maple Crêpes. Spring-inspired cocktails, including the Sweet Bloom Lychee Rose and Lavender Hibiscus Rose Spritz, offer the perfect toast.""

In addition, the hotel presents a seasonal edition of its 'Mrs. Astor’s Floral Afternoon Tea,' while Easter Sunday brunch guests will receive a handcrafted chocolate egg as a parting gift. Enhancing the celebration further, guests can enjoy a spectacular chocolate sculpture display in the grand lobby and in-room Easter surprises, including themed egg hunts and festive treats.

Image Credit: LOUIX LOUIS / St. Regis Toronto",7.4,"Debra John — April 9, 2025 — Lifestyle
References: opentable & louixlouis",Lifestyle,https://www.trendhunter.com/trends/easterthemed-brunch
Tallow-Based Skincare Balms,"DEAU is a new luxury skincare brand that combines Japan's minimalist approach to skincare with multitasking formulas designed exclusively for diverse skin tones. ""I remember standing in Tokyo's beauty aisles holding bottles that felt like works of art wishing they were made for skin like mine,"" said Southeast Asian founder Hina Mian.

The brand is the result of five years of research and development within a cutting-edge Japanese skincare lab and a dedicated team of chemists leading each separate formula. DEAU's Full Coverage Skincare is fueled by proprietary SmartACE Technology, a 360-degree system that delivers the power of four products in one.

At launch, DEAU is bringing quality smart skincare technology to consumers with melanin-rich skin in the form of serums and creams.",9.5,"Laura McQuarrie — April 9, 2025 — Fashion
References: prnewswire",Fashion,https://www.trendhunter.com/trends/deau
Espresso Martini Easter Eggs,"Waitrose's Easter range is full of uniquely shaped, flavored, and textured treats to celebrate spring, and The Cracking Pistachio Easter Egg is a standout. This creative twist on the Easter egg doesn't stray from the classic shape of seasonal chocolates, but it does include a white chocolate and caramelized sugar shell that splits to reveal a green-hued chocolate pistachio-flavored egg speckled with chopped pistachio pieces.

Made with Fairtrade-sourced ccoa, this Easter treat combines a smooth shell with a crunchy interior for a rich sensorial experience from the first bite to the last.

This Easter egg promises to be a hit with customers for its novel split-apart form and flavors that align with viral Dubai chocolate.",9.1,"Laura McQuarrie — April 9, 2025 — Lifestyle
References: waitrose & uk.news.yahoo",Lifestyle,https://www.trendhunter.com/trends/cracking-pistachio-easter-egg
Third-Person Alien-Hunting Games,"Supergiant Games has announced that ""Hades 2,"" the sequel to its critically acclaimed roguelike game, will be launching on both the Nintendo Switch and the upcoming Nintendo Switch 2. This marks the first console release for the game, which has been in early access on PC since May 2024. The developers have emphasized their commitment to optimizing the game for the enhanced hardware capabilities of the Switch 2, aiming for a consistent 60 frames per second performance. The game will also be available on the original Nintendo Switch, ensuring accessibility for players who have not yet upgraded to the new console.

The narrative of ""Hades 2"" centers on Melinoë, the younger sister of Zagreus, as she embarks on a journey to confront the Titan of Time. Supergiant Games has expanded the scope of the game, introducing new gods, weapons, and bosses while maintaining the core gameplay mechanics that made its predecessor a success. The decision to launch the game first on Nintendo consoles reflects the strong relationship between Supergiant Games and Nintendo, as the original ""Hades"" also debuted on the Switch before being ported to other platforms. A release date for the full version of ""Hades 2"" has not yet been confirmed.

Image Credit: Nintendo",9.2,"Colin Smith — April 9, 2025 — Tech
References: supergiantgames & theverge",Tech,https://www.trendhunter.com/trends/hades-ii-switch
Espresso Martini Easter Eggs,"Waitrose's Easter range is full of uniquely shaped, flavored, and textured treats to celebrate spring, and The Cracking Pistachio Easter Egg is a standout. This creative twist on the Easter egg doesn't stray from the classic shape of seasonal chocolates, but it does include a white chocolate and caramelized sugar shell that splits to reveal a green-hued chocolate pistachio-flavored egg speckled with chopped pistachio pieces.

Made with Fairtrade-sourced ccoa, this Easter treat combines a smooth shell with a crunchy interior for a rich sensorial experience from the first bite to the last.

This Easter egg promises to be a hit with customers for its novel split-apart form and flavors that align with viral Dubai chocolate.",9.1,"Laura McQuarrie — April 9, 2025 — Lifestyle
References: waitrose & uk.news.yahoo",Lifestyle,https://www.trendhunter.com/trends/cracking-pistachio-easter-egg
Espresso Martini Easter Eggs,"Waitrose's Easter range is full of uniquely shaped, flavored, and textured treats to celebrate spring, and The Cracking Pistachio Easter Egg is a standout. This creative twist on the Easter egg doesn't stray from the classic shape of seasonal chocolates, but it does include a white chocolate and caramelized sugar shell that splits to reveal a green-hued chocolate pistachio-flavored egg speckled with chopped pistachio pieces.

Made with Fairtrade-sourced ccoa, this Easter treat combines a smooth shell with a crunchy interior for a rich sensorial experience from the first bite to the last.

This Easter egg promises to be a hit with customers for its novel split-apart form and flavors that align with viral Dubai chocolate.",9.1,"Laura McQuarrie — April 9, 2025 — Lifestyle
References: waitrose & uk.news.yahoo",Lifestyle,https://www.trendhunter.com/trends/cracking-pistachio-easter-egg
Third-Person Alien-Hunting Games,"Supergiant Games has announced that ""Hades 2,"" the sequel to its critically acclaimed roguelike game, will be launching on both the Nintendo Switch and the upcoming Nintendo Switch 2. This marks the first console release for the game, which has been in early access on PC since May 2024. The developers have emphasized their commitment to optimizing the game for the enhanced hardware capabilities of the Switch 2, aiming for a consistent 60 frames per second performance. The game will also be available on the original Nintendo Switch, ensuring accessibility for players who have not yet upgraded to the new console.

The narrative of ""Hades 2"" centers on Melinoë, the younger sister of Zagreus, as she embarks on a journey to confront the Titan of Time. Supergiant Games has expanded the scope of the game, introducing new gods, weapons, and bosses while maintaining the core gameplay mechanics that made its predecessor a success. The decision to launch the game first on Nintendo consoles reflects the strong relationship between Supergiant Games and Nintendo, as the original ""Hades"" also debuted on the Switch before being ported to other platforms. A release date for the full version of ""Hades 2"" has not yet been confirmed.

Image Credit: Nintendo",9.2,"Colin Smith — April 9, 2025 — Tech
References: supergiantgames & theverge",Tech,https://www.trendhunter.com/trends/hades-ii-switch
Energizing Pickle Beverages,"HTeaO, the nation’s leading iced tea franchise, is expanding its beverage portfolio with the launch of HTeaO Refreshers—a new line of fruit-forward, naturally energizing drinks designed to broaden the brand’s appeal beyond traditional tea offerings. Rolling out across all locations on April 11, the Refreshers combine Monin Glacier Clear, premium fruit syrups, and a splash of lemonade, with select flavors also incorporating HTeaO’s signature brewed tea.

Standout offerings include The Razzler (blue raspberry and lemonade), Mango Tango (pineapple, mango tea, and lemonade), and Cherry Peach Tea Lemonade (cucumber, stone fruit, peach tea, and lime). This launch marks a strategic move to meet growing consumer demand for flavorful, functional beverages while reinforcing HTeaO’s position as a leader in refreshment innovation.

HTeaO Refreshers will be sold at all HTeaO locations starting April 11.

Image Credit: HTeaO",8.1,"Kanesa D — April 9, 2025 — Lifestyle
References: finance.yahoo",Lifestyle,https://www.trendhunter.com/trends/hteao-2
Confection-Inspired Cereal Cups,"The BEST filled pillow cereal products are the latest creation from the UK brand that's crafted with consumer preferences in mind to help them enjoy a sweet treat in the morning hours. The product comes in two flavors including Choco Crunch and Caramel Gold, which both have a crispy exterior shell that will reveal a creamy filling with each bite. The cereal is arriving alongside a partnership with Day Out With The Kids (DOWTK) to offer families the chance to win some exclusive experiences.

Tobi Brown AKA TBJZL of the Sidemen spoke on the BEST filled pillow cereal and and the partnership with DOWTK saying, ""As a group of British YouTubers, we’ve always been proud of where we come from, and with BEST, we want to celebrate the best of the UK by highlighting the top attractions on our doorstep. BEST’s latest partnership with DOWTK is our way of encouraging families to create memories together giving them access to some unforgettable experiences through something as simple as buying a box of their favourite cereal.”",8.2,"Michael Hemsworth — April 9, 2025 — Marketing
References: bestbreakfasts & retailtimes",Marketing,https://www.trendhunter.com/trends/best-filled-pillow-cereal
Confection-Inspired Cereal Cups,"The BEST filled pillow cereal products are the latest creation from the UK brand that's crafted with consumer preferences in mind to help them enjoy a sweet treat in the morning hours. The product comes in two flavors including Choco Crunch and Caramel Gold, which both have a crispy exterior shell that will reveal a creamy filling with each bite. The cereal is arriving alongside a partnership with Day Out With The Kids (DOWTK) to offer families the chance to win some exclusive experiences.

Tobi Brown AKA TBJZL of the Sidemen spoke on the BEST filled pillow cereal and and the partnership with DOWTK saying, ""As a group of British YouTubers, we’ve always been proud of where we come from, and with BEST, we want to celebrate the best of the UK by highlighting the top attractions on our doorstep. BEST’s latest partnership with DOWTK is our way of encouraging families to create memories together giving them access to some unforgettable experiences through something as simple as buying a box of their favourite cereal.”",8.2,"Michael Hemsworth — April 9, 2025 — Marketing
References: bestbreakfasts & retailtimes",Marketing,https://www.trendhunter.com/trends/best-filled-pillow-cereal
Egg Hunt Hiding Services,"Tons of classic springtime treats can be picked up from Waitrose, and for those in search of something different, the No.1 The Chocolate Croissant Easter Egg delights with a novel form, fun textures and quality chocolate.

""Croissants are all the craze with sales of croissants and sweet, indulgent treats soaring at Waitrose,"" shared Sarah Breadmore, Waitrose’s confectionery product developer, ""With the hybrid croissant trend not going anywhere, we’ve seen a rise in everything being about the giant and oversized, this is driven by social media and being able to share food experiences together.""

This croissant-shaped Easter chocolate consists of hollow white chocolate with caramelized sugar, feuilletine wafer, and caramel pieces, plus a sprinkle of decorative milk chocolate and milk chocolate vermicelli. This product, like all Waitrose & Partners Easter eggs, is made using Fairtrade-sourced cocoa.",5.2,"Laura McQuarrie — April 9, 2025 — Lifestyle
References: waitrose & metro",Lifestyle,https://www.trendhunter.com/trends/chocolate-croissant-easter-egg
Artisanal Romanticism Chocolates,"Kids looking to treat their mom this Mother's Day are sure to welcome the news of the Ethel M 24-piece Truffles Collection that will help them to do just that in a decidedly simple way. The chocolate collection consists of a large gift box packed with 24 of the brand's signature luxury chocolates with three of each flavor for a total of eight flavors. The chocolates come in such flavors as desert honey, cinnamon pecan, milk chocolate, dark chocolate, white chocolate, 100% Kona espresso and more.

The Ethel M 24-piece Truffles Collection is available now for purchase both in-store and online to encourage consumers to shop early to ensure they have the perfect gift for the mom or motherly figure in their life.

Image Credit: Ethel M",9.6,"Michael Hemsworth — April 9, 2025 — Lifestyle
References: ethelm & snackandbakery",Lifestyle,https://www.trendhunter.com/trends/24piece-truffles-collection
Versatile All-Natural Cooking Sauces,"BrewDog is venturing into a new category with the launch of BrewDog Kitchen, a product range from the independent brewer that includes everything from rubs, sauces and seasonings to batter mixes inspired by best-selling brews. “The move has come from years of research where we identified a clear appeal for shoppers to match their in-bar experience within their own homes,” said BrewDog chief operating officer Lauren Carrol.

In the lineup, beer lovers will find products like Hazy Jane Tropic Rub Pink IPA BBQ Sauce and Lost Lager Patriot Mustard. With most mals eaten at home and consumers enhancing them with condiments and table sauces regularly, this new range taps into what makes beer delicious and extends it to eating experiences.",8.1,"Laura McQuarrie — April 9, 2025 — Lifestyle
References: brewdog & grocerygazette",Lifestyle,https://www.trendhunter.com/trends/brewdog-kitchen
Fast-Acting Sleep Sprays,"Liquid Death teamed up with organic supplement maker MaryRuth to create a limited-edition mineral water product, Sleep Like the Dead. As Liquid Death details, ""MaryRuth's has added a little bit of Liquid Death Mountain Water to Liquid Nighttime Coconut Dream to turn it into Coconut Scream."" With nutrients like magnesium, calcium, and Vitamin D, the supplement promotes a sense of calm and supports sleep as part of a restful nighttime routine.

In true Liquid Death fashion, the sleep-supporting mineral water is presented in a comedic, horror-themed light. While some people are disturbed by clowns, the new ad for Sleep Like the Dead shows fears being set aside and characters with big shoes, painted faces, and colorful wigs meeting their end in a sleeper's dream.",9.1,"Laura McQuarrie — April 9, 2025 — Lifestyle
References: instagram & adweek",Lifestyle,https://www.trendhunter.com/trends/sleep-like-the-dead
Prestigious International Culinary Series,"Cadillac is expanding its exclusive ‘Cadillac of Reservations’ dining experience to include premier restaurants in Los Angeles, Miami, and San Francisco, following the successful debut at COQODAQ in New York City earlier this year. This limited-time initiative offers guests the rare opportunity to enjoy fine dining from within the luxurious interior of the all-electric 'Cadillac ESCALADE IQ,' merging innovative automotive design with elevated culinary artistry.

The 2025 experience begins with La Dolce Vita in Los Angeles from April 24–26, followed by COTE in Miami in early summer and State Bird Provisions in San Francisco in late summer. Each activation features three nightly seating for parties of two.

Guests will dine in the ESCALADE IQ’s available ""Executive Second Row, which features stowable tray tables, heated and ventilated massage seats, and a 40-speaker AKG Studio Reference sound system for a refined, immersive atmosphere.""

Image Credit: Cadillac",6.8,"Debra John — April 9, 2025 — Autos
References: resy & newsdillac",Autos,https://www.trendhunter.com/trends/cadillac-of-reservations
Pepperoni-Packed Burgers,"The Smashburger Jalapeño BBQ Bacon Stack Smash burger is the brand's latest creation that's crafted with flavor and heat in the spotlight to work well for customers with a penchant for spicy flavor experiences. The burger is available now at participating locations and boasts a Certified Angus Beef patty topped with cheese, a smoky BBQ sauce, bacon and jalapeños. These ingredients combine to give the burger a spicy flavor profile and meaty texture that will work well for customers who aren't quite ready to transition away from comforting winter food varieties just yet.

President Jim Sullivan spoke on the Smashburger Jalapeño BBQ Bacon Stack Smash burger saying, ""At Smashburger, we know our guests appreciate big, satisfying flavors, and the new Jalapeño BBQ Bacon Stack is a celebration of their top picks. By bringing together the best elements of our Bacon Stack Smash, Spicy Jalapeño Smash, and BBQ Bacon Smash, we’ve created something bold, indulgent, and uniquely Smashburger.""",5.8,"Michael Hemsworth — April 9, 2025 — Lifestyle
References: smashburger & source86",Lifestyle,https://www.trendhunter.com/trends/smashburger-jalapeo-bbq-bacon-stack-smash
Touch-Activated Dry Shampoos,"The cakey, chalky or heavy feeling of dry shampoo is often what keeps occasional dry shampoo users from using the hair product more frequently for oil control, and COLAB Supreme Clean was created to change this. Touted as COLAB's most oil-absorbing dry shampoo to date, this formula delivers a lightweight feel with the problem-solving qualities consumers want.

When COLAB Supreme Clean was tested against the top dry shampoo brand as part of an independent trial, more than 80% of consumers said they would use this new product in place of their regular dry shampoo. In addition to being designed for maximum oil absorption, this vegan-friendly dry shampoo for weightless freshness is enhanced with Vitamin E to support the scalp and is beautifully fragranced to smell like freshly washed hair.",5.8,"Laura McQuarrie — April 9, 2025 — Fashion
References: colab-hair & finance.yahoo",Fashion,https://www.trendhunter.com/trends/colab-supreme-clean
Powered Multi-Day Coolers,"Coolers are essential for camping, overlanding and outdoor living but often come with a hefty form, which is something the Rugged Road 45 V2 cooler has been created to help change. The accessory is rated as being less than half the weight of models with a comparable capacity yet is engineered with the brand's proprietary Fridgite insulation that's rated to keep ice frozen for up to seven days. The cooler features space for up to 45 cans and is durably designed with rigidity in mind to prevent it from getting damaged with use.

The Rugged Road 45 V2 cooler is rounded out with a lid that offers space for placing drinks, while also working well as a makeshift surface for preparing meals.",8.2,"Michael Hemsworth — April 9, 2025 — Lifestyle
References: ruggedroadoutdoors & blessthisstuff",Lifestyle,https://www.trendhunter.com/trends/rugged-road-45-v2-cooler
High-Speed PC Memory Kits,"G.Skill has unveiled its DDR5-8000 128GB memory kit, marking a significant advancement in high-capacity and high-speed memory solutions. This kit consists of two 64GB modules, achieving DDR5-8000 speeds with CL44-58-58 timing. Designed for demanding applications such as content creation, AI workloads, and advanced computing, the memory kit offers a combination of substantial capacity and exceptional performance. It has been validated on the AMD X870 platform, utilizing AMD's EXPO overclocking technology to ensure stability and optimized performance. This development represents a milestone in memory technology, as it surpasses the previous module capacity limit of 48GB per module.

In addition to the DDR5-8000 kit, G.Skill has introduced a DDR5-9000 memory kit with a capacity of 64GB, consisting of two 32GB modules. This kit is tailored for users prioritizing speed over capacity and has been validated on Intel's Z890 platform. Both memory kits cater to the growing demand for high-performance computing solutions, providing users with options that align with their specific needs. G.Skill's latest offerings highlight its commitment to pushing the boundaries of memory technology, addressing the requirements of professionals and enthusiasts in various fields.

Image Credit: G. Skill",4.8,"Colin Smith — April 9, 2025 — Tech
References: gskill & kitguru.net",Tech,https://www.trendhunter.com/trends/ddr5-8000-cl44
Powered Multi-Day Coolers,"Coolers are essential for camping, overlanding and outdoor living but often come with a hefty form, which is something the Rugged Road 45 V2 cooler has been created to help change. The accessory is rated as being less than half the weight of models with a comparable capacity yet is engineered with the brand's proprietary Fridgite insulation that's rated to keep ice frozen for up to seven days. The cooler features space for up to 45 cans and is durably designed with rigidity in mind to prevent it from getting damaged with use.

The Rugged Road 45 V2 cooler is rounded out with a lid that offers space for placing drinks, while also working well as a makeshift surface for preparing meals.",8.2,"Michael Hemsworth — April 9, 2025 — Lifestyle
References: ruggedroadoutdoors & blessthisstuff",Lifestyle,https://www.trendhunter.com/trends/rugged-road-45-v2-cooler
Luxury Pet Hotel Experiences,"HICC Pet, an emerging force in the pet care industry since 2020, has announced the official launch of seven new products, including four standout offerings from its newly introduced Butter Collection. The company debuted the expanded portfolio at Global Pet Expo 2025, held from March 26–28. The line includes the 'Paw Butter,' 'Nose Butter,' 'Skin Soother Butter,' and 'Tear Stain Remover Butter,' helping pet owners address a variety of common issues with specialized solutions.

Other products include the Antimicrobial Hydro Gel for wound and skin xcare, and two sets of wipes: Hypoallergenic Wrinkle Wipes and Itch Relief Wipes. Interested consumers can find all of the products online at HICC Pet's website. The brand has plans to expand its products to major retailers in the future.

Image Credit: HICC Pet",8.4,"Kanesa D — April 9, 2025 — Lifestyle
References: hiccpet & wspa",Lifestyle,https://www.trendhunter.com/trends/hicc-pet
Automated Robot Baristas,"Robot baristas can streamline drink preparation with speed and precision, and most lack the warmth and personal connection of a friendly conversation with a human barista—but not KUBI, a conversational robot barista at a 24/7 co-working space in Kaohsiung, Taiwan. At Second Space, KUBI makes the most of ElevenLabs’ Conversational AI and simulates human-like interactions.

When using the mobile app to place an order, the system that brings this conversational robot barista to life can recognize if a user scrolls past an item like an oat milk latte. In response, KUBI may say double-check that they aren't interested in that item, and specifically recommend it. According to Eleven Labs, ""Second Space had a very specific personality in mind for KUBI—a mixture of Deadpool, Wheatley from Portal game and a bit of Pathfinder from Apex Legends.""",8,"Laura McQuarrie — April 9, 2025 — Tech
References: elevenlabs.io",Tech,https://www.trendhunter.com/trends/kubi
Powered Multi-Day Coolers,"Coolers are essential for camping, overlanding and outdoor living but often come with a hefty form, which is something the Rugged Road 45 V2 cooler has been created to help change. The accessory is rated as being less than half the weight of models with a comparable capacity yet is engineered with the brand's proprietary Fridgite insulation that's rated to keep ice frozen for up to seven days. The cooler features space for up to 45 cans and is durably designed with rigidity in mind to prevent it from getting damaged with use.

The Rugged Road 45 V2 cooler is rounded out with a lid that offers space for placing drinks, while also working well as a makeshift surface for preparing meals.",8.2,"Michael Hemsworth — April 9, 2025 — Lifestyle
References: ruggedroadoutdoors & blessthisstuff",Lifestyle,https://www.trendhunter.com/trends/rugged-road-45-v2-cooler
Touch-Activated Dry Shampoos,"The cakey, chalky or heavy feeling of dry shampoo is often what keeps occasional dry shampoo users from using the hair product more frequently for oil control, and COLAB Supreme Clean was created to change this. Touted as COLAB's most oil-absorbing dry shampoo to date, this formula delivers a lightweight feel with the problem-solving qualities consumers want.

When COLAB Supreme Clean was tested against the top dry shampoo brand as part of an independent trial, more than 80% of consumers said they would use this new product in place of their regular dry shampoo. In addition to being designed for maximum oil absorption, this vegan-friendly dry shampoo for weightless freshness is enhanced with Vitamin E to support the scalp and is beautifully fragranced to smell like freshly washed hair.",5.8,"Laura McQuarrie — April 9, 2025 — Fashion
References: colab-hair & finance.yahoo",Fashion,https://www.trendhunter.com/trends/colab-supreme-clean
Powered Multi-Day Coolers,"Coolers are essential for camping, overlanding and outdoor living but often come with a hefty form, which is something the Rugged Road 45 V2 cooler has been created to help change. The accessory is rated as being less than half the weight of models with a comparable capacity yet is engineered with the brand's proprietary Fridgite insulation that's rated to keep ice frozen for up to seven days. The cooler features space for up to 45 cans and is durably designed with rigidity in mind to prevent it from getting damaged with use.

The Rugged Road 45 V2 cooler is rounded out with a lid that offers space for placing drinks, while also working well as a makeshift surface for preparing meals.",8.2,"Michael Hemsworth — April 9, 2025 — Lifestyle
References: ruggedroadoutdoors & blessthisstuff",Lifestyle,https://www.trendhunter.com/trends/rugged-road-45-v2-cooler
Powered Multi-Day Coolers,"Coolers are essential for camping, overlanding and outdoor living but often come with a hefty form, which is something the Rugged Road 45 V2 cooler has been created to help change. The accessory is rated as being less than half the weight of models with a comparable capacity yet is engineered with the brand's proprietary Fridgite insulation that's rated to keep ice frozen for up to seven days. The cooler features space for up to 45 cans and is durably designed with rigidity in mind to prevent it from getting damaged with use.

The Rugged Road 45 V2 cooler is rounded out with a lid that offers space for placing drinks, while also working well as a makeshift surface for preparing meals.",8.2,"Michael Hemsworth — April 9, 2025 — Lifestyle
References: ruggedroadoutdoors & blessthisstuff",Lifestyle,https://www.trendhunter.com/trends/rugged-road-45-v2-cooler
Multifunctional Sleek Air Purifiers,"CPAP machines are essential for those who have sleep apnea but are often associated with having a cumbersome and uncomfortable profile, which is something the ResMed AirTouch N30i is here to change. The CPAP mask is characterized by its sleek, minimalist design that sits snuggly on the head where it will offer breathing support throughout the night. The mask is paired with the ComfiSoft cushion, ultra-soft fabric and the SpringFit frame that work together to make it the most comfortable CPAP solution ever.

The ResMed AirTouch N30i also features the QuietAir diffused venting system that will disperse exhaled air in a quieter manner to prevent it from disrupting a partner or even the wearer. The system attaches from the main unit to the mask via a hose out of the top instead of the front to further increase comfort.",8.6,"Michael Hemsworth — April 9, 2025 — Lifestyle
References: resmed & yankodesign",Lifestyle,https://www.trendhunter.com/trends/resmed-airtouch-n30i
Powered Multi-Day Coolers,"Coolers are essential for camping, overlanding and outdoor living but often come with a hefty form, which is something the Rugged Road 45 V2 cooler has been created to help change. The accessory is rated as being less than half the weight of models with a comparable capacity yet is engineered with the brand's proprietary Fridgite insulation that's rated to keep ice frozen for up to seven days. The cooler features space for up to 45 cans and is durably designed with rigidity in mind to prevent it from getting damaged with use.

The Rugged Road 45 V2 cooler is rounded out with a lid that offers space for placing drinks, while also working well as a makeshift surface for preparing meals.",8.2,"Michael Hemsworth — April 9, 2025 — Lifestyle
References: ruggedroadoutdoors & blessthisstuff",Lifestyle,https://www.trendhunter.com/trends/rugged-road-45-v2-cooler
High-Speed PC Memory Kits,"G.Skill has unveiled its DDR5-8000 128GB memory kit, marking a significant advancement in high-capacity and high-speed memory solutions. This kit consists of two 64GB modules, achieving DDR5-8000 speeds with CL44-58-58 timing. Designed for demanding applications such as content creation, AI workloads, and advanced computing, the memory kit offers a combination of substantial capacity and exceptional performance. It has been validated on the AMD X870 platform, utilizing AMD's EXPO overclocking technology to ensure stability and optimized performance. This development represents a milestone in memory technology, as it surpasses the previous module capacity limit of 48GB per module.

In addition to the DDR5-8000 kit, G.Skill has introduced a DDR5-9000 memory kit with a capacity of 64GB, consisting of two 32GB modules. This kit is tailored for users prioritizing speed over capacity and has been validated on Intel's Z890 platform. Both memory kits cater to the growing demand for high-performance computing solutions, providing users with options that align with their specific needs. G.Skill's latest offerings highlight its commitment to pushing the boundaries of memory technology, addressing the requirements of professionals and enthusiasts in various fields.

Image Credit: G. Skill",4.8,"Colin Smith — April 9, 2025 — Tech
References: gskill & kitguru.net",Tech,https://www.trendhunter.com/trends/ddr5-8000-cl44
Cloud Gaming Service Updates,"Grand Theft Auto V (GTA V), developed by Rockstar Games, is set to return to Xbox Game Pass on April 15, 2025. This reintroduction includes the Enhanced Edition of the game, which will be available for PC Game Pass subscribers. The Enhanced Edition features technical improvements such as upgraded visuals, faster loading times, and additional content for GTA Online, including Hao’s Special Works Vehicles. This marks the first time the Enhanced Edition will be accessible through PC Game Pass, expanding its availability to a broader audience. Players will have access to both the single-player campaign and the multiplayer mode, GTA Online, which continues to receive regular updates.

The return of GTA V to Game Pass is part of Microsoft's ongoing efforts to enrich its subscription-based gaming service. The game has been a recurring title on Game Pass since its initial inclusion in 2020, reflecting its enduring popularity. Subscribers to Game Pass Ultimate, Standard, and PC tiers will be able to download and play the game at no additional cost. This move comes ahead of the anticipated release of Grand Theft Auto VI, maintaining interest in the franchise. The Enhanced Edition's inclusion on PC Game Pass also supports cross-play with other platforms, ensuring a seamless experience for players across different systems.

Image Credit: Rockstar Games",9.9,"Colin Smith — April 9, 2025 — Tech
References: news.xbox & kitguru.net",Tech,https://www.trendhunter.com/trends/grand-theft-auto-v-gamepass
High-Speed PC Memory Kits,"G.Skill has unveiled its DDR5-8000 128GB memory kit, marking a significant advancement in high-capacity and high-speed memory solutions. This kit consists of two 64GB modules, achieving DDR5-8000 speeds with CL44-58-58 timing. Designed for demanding applications such as content creation, AI workloads, and advanced computing, the memory kit offers a combination of substantial capacity and exceptional performance. It has been validated on the AMD X870 platform, utilizing AMD's EXPO overclocking technology to ensure stability and optimized performance. This development represents a milestone in memory technology, as it surpasses the previous module capacity limit of 48GB per module.

In addition to the DDR5-8000 kit, G.Skill has introduced a DDR5-9000 memory kit with a capacity of 64GB, consisting of two 32GB modules. This kit is tailored for users prioritizing speed over capacity and has been validated on Intel's Z890 platform. Both memory kits cater to the growing demand for high-performance computing solutions, providing users with options that align with their specific needs. G.Skill's latest offerings highlight its commitment to pushing the boundaries of memory technology, addressing the requirements of professionals and enthusiasts in various fields.

Image Credit: G. Skill",4.8,"Colin Smith — April 9, 2025 — Tech
References: gskill & kitguru.net",Tech,https://www.trendhunter.com/trends/ddr5-8000-cl44
Luxury Monochromatic Timepieces,"The Bell & Ross BR03 Skeleton Collection has been debuted by the brand as a series of timepieces that celebrate the model's 20th anniversary for discerning collectors alike to pick up. The collection puts the BR-CAL.328 automatic caliber movement in the spotlight that was developed specifically for the brand by Sellita and will deliver a 54-hour power reserve. The collection features models that each have the same 41mm case and water resistance to 100-meters, while the thickness of each version varies according to style.

The Bell & Ross BR03 Skeleton Collection includes the Black Ceramic, Grey Steel and Lum Ceramic models, which are priced ranging from $5,600 to $6,600 with each style limited to 250 pieces. The Black Ceramic option, however, is a permanent addition to the brand's product portfolio.

Image Credit: Bell & Ross",7.4,"Michael Hemsworth — April 9, 2025 — Fashion
References: bellross & hiconsumption",Fashion,https://www.trendhunter.com/trends/bell-ross-br03-skeleton
Green Movie-Celebrating Cocktails,"DueDay is a comprehensive, free tool designed to support expectant parents throughout pregnancy. It features a day-by-day calendar, allowing users to track their pregnancy journey with ease.

The app also includes kick counting functionality, which helps monitor the baby’s movements, a personalized note-taking feature for documenting important thoughts, and shopping lists tailored to the user’s needs. DueDay is designed to be intuitive and user-friendly, ensuring that every stage of pregnancy is well-organized and manageable. The app is ad-free and is accessible via both web and home screen app, offering flexibility for parents on the go. Developed from a couple's own experience, it’s aimed at making pregnancy a little easier by providing essential tools in one convenient place.

Image Credit: DueDay",4.2,"Ellen Smith — April 9, 2025 — Lifestyle
References: dueday.app",Lifestyle,https://www.trendhunter.com/trends/dueday
Green Movie-Celebrating Cocktails,"DueDay is a comprehensive, free tool designed to support expectant parents throughout pregnancy. It features a day-by-day calendar, allowing users to track their pregnancy journey with ease.

The app also includes kick counting functionality, which helps monitor the baby’s movements, a personalized note-taking feature for documenting important thoughts, and shopping lists tailored to the user’s needs. DueDay is designed to be intuitive and user-friendly, ensuring that every stage of pregnancy is well-organized and manageable. The app is ad-free and is accessible via both web and home screen app, offering flexibility for parents on the go. Developed from a couple's own experience, it’s aimed at making pregnancy a little easier by providing essential tools in one convenient place.

Image Credit: DueDay",4.2,"Ellen Smith — April 9, 2025 — Lifestyle
References: dueday.app",Lifestyle,https://www.trendhunter.com/trends/dueday
Feline-Friendly Scratch Posts,"PetReady is an interactive platform that educates families on pet care responsibilities. Offering lessons and activities for various types of pets, it aims to engage all members of the household in the learning process. The service is designed to teach not only the basics of pet care but also foster a deeper understanding of a pet’s needs and behaviors.

By using interactive tools, PetReady provides an engaging way to make pet care education accessible for everyone. This approach ensures that the entire family is well-prepared to care for their pets responsibly. Whether for first-time pet owners or those looking to improve their pet care knowledge, PetReady offers a comprehensive learning experience to help families develop the skills necessary to provide the best care for their pets.

Image Credit: PetReady",5.3,"Ellen Smith — April 9, 2025 — Lifestyle
References: petready.app",Lifestyle,https://www.trendhunter.com/trends/petready
Global Cuisine Meal Packets,"The Mumsnet Little Explorer ready meal range is a new lineup of family-friendly meals created in partnership with Iceland Foods in the UK to help parents keep kids nourished in a simple way. The product range features five options to choose from like the Classic Cottage Pie, Fantastic Fish Pie and Super Spaghetti Bolognese, which are each formulated to be nutritious and delicious. The meals also contain no added sugars, preservatives or emulsifiers, while also being high in vegetable content and low in salt to work well for a variety of diets.

Chief Commercial Officer at Iceland Foods Paul Dhaliwal spoke on the Mumsnet Little Explorer ready meal range saying, ""We’re delighted to be exclusively stocking the new Mumsnet range, and we’re pleased to share that a portion of the sales will be going directly to Alder Hey. The ongoing cost of living crisis is impacting families in many ways, but parents should never have to compromise the nutritional needs of their children. The range is just one aspect of our continued commitment to offering healthy, budget-friendly solutions for families on the go.”",6.3,"Michael Hemsworth — April 9, 2025 — Lifestyle
References: iceland & foodbev",Lifestyle,https://www.trendhunter.com/trends/mumsnet-little-explorer
Global Cuisine Meal Packets,"The Mumsnet Little Explorer ready meal range is a new lineup of family-friendly meals created in partnership with Iceland Foods in the UK to help parents keep kids nourished in a simple way. The product range features five options to choose from like the Classic Cottage Pie, Fantastic Fish Pie and Super Spaghetti Bolognese, which are each formulated to be nutritious and delicious. The meals also contain no added sugars, preservatives or emulsifiers, while also being high in vegetable content and low in salt to work well for a variety of diets.

Chief Commercial Officer at Iceland Foods Paul Dhaliwal spoke on the Mumsnet Little Explorer ready meal range saying, ""We’re delighted to be exclusively stocking the new Mumsnet range, and we’re pleased to share that a portion of the sales will be going directly to Alder Hey. The ongoing cost of living crisis is impacting families in many ways, but parents should never have to compromise the nutritional needs of their children. The range is just one aspect of our continued commitment to offering healthy, budget-friendly solutions for families on the go.”",6.3,"Michael Hemsworth — April 9, 2025 — Lifestyle
References: iceland & foodbev",Lifestyle,https://www.trendhunter.com/trends/mumsnet-little-explorer
Sporty Aperitivo Apparel,"Aperol returns to Coachella for its third year as the Official Spritz Partner, debuting a refreshed 'Aperol Spritz Piazza'—an Italian-inspired retreat located in the heart of general admission. This vibrant oasis invites festival-goers to relax, socialize, and toast with Italy’s iconic aperitivo cocktail.

To enhance the experience, each day features unique activations: day one includes a digital trivia challenge with exclusive prizes, day two offers bright, festival-ready makeovers inspired by Aperol’s energetic spirit, and day three unveils a picturesque Palm Springs-themed photo moment, perfect for capturing golden hour memories.

Meanwhile, Aperol’s presence extends beyond the Piazza. From the 'Aperol Ape' in VIP to spritzes at the Safari Campgrounds’ communal dining, Aperol offers immersivity by blending style, flavor, and spontaneity—bringing the essence of aperitivo culture to every corner of the festival.

Image Credit: Aperol",7,"Debra John — April 9, 2025 — Marketing
References: instagram & aperol",Marketing,https://www.trendhunter.com/trends/official-spritz-partner
AI Job Matching,"Chakra AI is a personal job search assistant designed to streamline the job-seeking process. Using a chat interface, it provides real-time insights and personalized job matches based on the user’s preferences and experience. The tool helps job seekers stay updated on the latest market trends, offering a tailored experience to enhance their chances of finding the right opportunities.

By analyzing available job listings, Chakra AI ensures that users are directed to the most relevant positions suited to their skills. This service aims to save time and improve the efficiency of job searches, offering a more personalized and adaptive approach to navigating the job market. With its data-driven recommendations and seamless interface, Chakra AI becomes a valuable asset for anyone looking to accelerate their job-hunting journey.

Image Credit: Chakra AI",5.4,"Ellen Smith — April 9, 2025 — Tech
References: careerchakra",Tech,https://www.trendhunter.com/trends/chakra-ai
AI-Powered Business Platforms,"ReviewGCs is an online platform designed to help subcontractors rate, review, and share feedback on general contractors (GCs). Subcontractors can provide insights on their experiences working with GCs, helping others make more informed decisions when bidding on projects.

The platform allows users to see ratings and reviews from other subcontractors, creating a transparent environment for the construction industry. ReviewGCs aims to enhance trust and collaboration between subcontractors and general contractors by facilitating an open feedback system. With this tool, subcontractors can assess the reliability and quality of GCs before committing to a project, improving overall project outcomes and promoting better professional relationships. The platform plays an important role in fostering a more efficient and informed construction industry.

Image Credit: ReviewGCs",3.9,"Ellen Smith — April 9, 2025 — Business
References: play.google",Business,https://www.trendhunter.com/trends/reviewgcs
Personal Time Tracking,"Fnsh_it is a goal-tracking tool designed to help individuals manage and achieve long-term projects. By integrating statistical analysis and an economic model, it learns when users are most productive and schedules work accordingly.

Whether you're tackling a monumental task like writing a book, training for a marathon, or pursuing other significant goals, fnsh_it provides structured support to track your progress over time. It offers insights into your work patterns and optimizes your schedule for maximum efficiency. This tool is beneficial for those looking to stay on track with long-term ambitions, ensuring consistent progress while maintaining productivity. Its data-driven approach to time management offers a personalized experience, making it a valuable asset for anyone working toward a major goal.

Image Credit: Fnsh_it",3.7,"Ellen Smith — April 9, 2025 — Lifestyle
References: fnshit",Lifestyle,https://www.trendhunter.com/trends/fnshit
Personal Time Tracking,"Fnsh_it is a goal-tracking tool designed to help individuals manage and achieve long-term projects. By integrating statistical analysis and an economic model, it learns when users are most productive and schedules work accordingly.

Whether you're tackling a monumental task like writing a book, training for a marathon, or pursuing other significant goals, fnsh_it provides structured support to track your progress over time. It offers insights into your work patterns and optimizes your schedule for maximum efficiency. This tool is beneficial for those looking to stay on track with long-term ambitions, ensuring consistent progress while maintaining productivity. Its data-driven approach to time management offers a personalized experience, making it a valuable asset for anyone working toward a major goal.

Image Credit: Fnsh_it",3.7,"Ellen Smith — April 9, 2025 — Lifestyle
References: fnshit",Lifestyle,https://www.trendhunter.com/trends/fnshit
Speed Dating Fragrance Sets,"Dream Machine Video AI is a powerful tool designed to generate high-quality, realistic videos from text and images. This free AI-driven video generator offers users the ability to create professional-level videos quickly and easily, without requiring advanced video editing skills.

By simply inputting text and images, Dream Machine uses artificial intelligence to bring these elements together into visually compelling videos. This tool is ideal for businesses and content creators who need to produce video content efficiently, enhancing their digital marketing, social media strategies, and visual storytelling efforts. Its ability to generate videos in a short time frame makes it a valuable asset for anyone looking to elevate their content creation process without investing in expensive production resources.

Image Credit: Dream Machine Video AI",9,"Ellen Smith — April 8, 2025 — Tech
References: lumaaidreammachine",Tech,https://www.trendhunter.com/trends/dream-machine-video-ai
Playfully Structured Table Designs,"Formisoft AI is a client intake form software that is designed to streamline the process of converting paper forms into digital formats or creating new ones with ease. Leveraging artificial intelligence, Formisoft simplifies the form creation process by providing intelligent prompts and suggestions, seamlessly allowing businesses to design efficient, user-friendly forms quickly.

This solution helps organizations save time, reduce human error, and improve client data collection. The digital nature of the forms ensures easier storage, access, and management, enhancing overall operational efficiency. Whether transitioning from paper-based forms or creating entirely new digital forms, Formisoft AI delivers a streamlined and customizable approach, making it an ideal tool for businesses looking to enhance their client intake processes.

Image Credit: Formisoft AI",4.4,"Ellen Smith — April 8, 2025 — Lifestyle
References: formisoft",Lifestyle,https://www.trendhunter.com/trends/formisoft-ai
Playfully Structured Table Designs,"Formisoft AI is a client intake form software that is designed to streamline the process of converting paper forms into digital formats or creating new ones with ease. Leveraging artificial intelligence, Formisoft simplifies the form creation process by providing intelligent prompts and suggestions, seamlessly allowing businesses to design efficient, user-friendly forms quickly.

This solution helps organizations save time, reduce human error, and improve client data collection. The digital nature of the forms ensures easier storage, access, and management, enhancing overall operational efficiency. Whether transitioning from paper-based forms or creating entirely new digital forms, Formisoft AI delivers a streamlined and customizable approach, making it an ideal tool for businesses looking to enhance their client intake processes.

Image Credit: Formisoft AI",4.4,"Ellen Smith — April 8, 2025 — Lifestyle
References: formisoft",Lifestyle,https://www.trendhunter.com/trends/formisoft-ai
Playfully Structured Table Designs,"Formisoft AI is a client intake form software that is designed to streamline the process of converting paper forms into digital formats or creating new ones with ease. Leveraging artificial intelligence, Formisoft simplifies the form creation process by providing intelligent prompts and suggestions, seamlessly allowing businesses to design efficient, user-friendly forms quickly.

This solution helps organizations save time, reduce human error, and improve client data collection. The digital nature of the forms ensures easier storage, access, and management, enhancing overall operational efficiency. Whether transitioning from paper-based forms or creating entirely new digital forms, Formisoft AI delivers a streamlined and customizable approach, making it an ideal tool for businesses looking to enhance their client intake processes.

Image Credit: Formisoft AI",4.4,"Ellen Smith — April 8, 2025 — Lifestyle
References: formisoft",Lifestyle,https://www.trendhunter.com/trends/formisoft-ai
Crunchy Truffle Burgers,"The collaboration between Trill Burgers and Sloomoo Institute merges two distinct experiences — gourmet burgers and immersive slime play. This partnership introduces a special edition of the OG Trill Burger, which features a slime-themed presentation with colorful cheese 'slime.' The product is available in co-branded packaging for a limited time from July 20 to August 18.

In addition to the unique burger offering, Sloomoo Institute has created two exclusive slime products inspired by Trill Burgers. These include a DIY Cloud Dough Slime and a Butter Slime, each designed with thematic elements related to the burger brand.

The collaboration aims to bring a fun and family-friendly twist to both food and sensory experiences. It also included a launch event featuring slime-themed activities and opportunities to meet Bun B.

Image Credit: Sloomoo Institute",8.1,"Kalin Ned — July 29, 2024 — Lifestyle
References: sloomooinstitute & sloomooinstitute",Lifestyle,https://www.trendhunter.com/trends/trill-burgers
Egg-Hiding AR Games,"Gui Gui by Moose Toys is a new line of beauty-inspired slime for kits that mimics the textures, scents, and colors kids are drawn to.

Gen Alpha is captivated by beauty products with sensorial formulas and vibrant packaging. In response, toy brands are launching beauty-inspired products designed for safe, age-appropriate play, allowing kids to explore without the high cost of products targeted at more mature skin, which often feature inappropriate ingredients for youth.

Gui Gui invites kids to unbox products like an influencer, enjoy scented slime, mix boosters to enhance Gloss, Clear, Butter, and Cloud textures, and add charms to personalize their creations. Kids can also look forward to discovering blind collectible figurines and displaying their creations in cosmetic-grade jars.",9.4,"Laura McQuarrie — February 25, 2025 — Life-Stages
References: prnewswire & moosetoys.aspireiq",Life-Stages,https://www.trendhunter.com/trends/gui-gui
Neon Green Slushie Drinks,"Sloomoo Institute — a brand known for its popular slime experiences, has collaborated with AMC Networks to launch a limited edition slime inspired by the thriller series 'Orphan Black: Echoes.' This series, featuring stars like Krysten Ritter, Avan Jogia, and Keeley Hawes, delves into the ethical complexities and scientific manipulation of human existence. To coincide with the series premiere on June 23, Sloomoo has introduced the OBE You are a Limited Edition Slime.

The OBE You are a Limited Edition Slime boasts a metallic ruby appearance with metallic sugar paper reminiscent of shattered glass. Its clear sticky base offers a visually and tactilely engaging experience, perfect for stress relief and ASMR enthusiasts. The custom scent named Freedom combines citrus, vanilla, floral, and a hint of leather, enhancing the multi-sensory appeal.

Image Credit: Sloomoo Institute x AMC Networks",7.5,"Kalin Ned — June 27, 2024 — Marketing
References: sloomooinstitute",Marketing,https://www.trendhunter.com/trends/limited-edition-slime
Cereal Milk Toothpastes,"The Sloomoo Institute — a brand known for its ""hand-crafted scents, textures, and colors"" — has launched the Cereal Milk Ice Cream Slime. This enticing product offers a whimsical sensory experience that blends playful design with a satisfying texture. Designed with beginners in mind, this cloud dough slime mimics the smooth and creamy feel of milky treats while incorporating colorful sprinkles and cereal charms for added tactile engagement. Its unique scent is reminiscent of cereal milk ice cream and this enhances the overall appeal through a nostalgia-driven factor.

The Cereal Milk Ice Cream Slime offers consumers a charming and accessible way to unwind, battle stress, and indulge in playful creativity during leisure time or work breaks. It is suitable for all ages, including adults who may find the experience nostalgic.

Image Credit: Sloomoo Institute",6.8,"Kalin Ned — December 28, 2024 — Marketing
References: sloomooinstitute",Marketing,https://www.trendhunter.com/trends/ice-cream-slime
Elevated Luxury Dining Destinations,"Finnish consumers can now try a limited-edition rainbow trout fillet raised with insect-based feed—a pioneering step in sustainable aquaculture. Available for just two weeks, the Kalaonni Arkinen trout showcases a more eco-friendly way to farm fish, reducing reliance on traditional feed ingredients.

The initiative is the result of a unique collaboration between four Finnish companies, including Volare and Alltech Fennoaqua, covering the entire value chain from ingredient sourcing to retail. By integrating insect protein into commercial fish feed, the project sets a new benchmark for responsible food production while delivering high-quality, locally farmed seafood.

Volare produces insect protein at its pilot facility in Hvinkää, and has plans to expand operations to its new plant in Finland. The special Kalaonni Arkinen rainbow trout fillets will be sold across Finland starting on April 7.

Image Credit: Volare",8.4,"Kanesa D — April 8, 2025 — Lifestyle
References: fennoaqua.fi & aquafeed",Lifestyle,https://www.trendhunter.com/trends/finnish-brands
Luxe Valentine's Day Offers,"Shangri-La Toronto welcomes the season of spring with a selection of refined offerings that embrace the beauty of renewal in the heart of downtown Toronto.

Guests are invited to enjoy 'Hues of Spring Afternoon Tea' in the Lobby Lounge, available Thursday to Sunday until May 11, 2025. This elegant tea service features premium blends, savoury bites, and delicate sweets crafted with fresh, sustainably sourced ingredients. Additionally enhancing the seasonal experience, the 'Hues of Spring Cocktails' collection includes vibrant, floral-inspired drinks made with locally harvested B-Wall honey.

Weekends bring the 'Hues of Spring Brunch' at bosk, offered every Saturday and Sunday with a prix fixe menu including appetizers, entrées, and seasonal beverages. From April 18 to 21, 'Easter Elegance' at bosk features an à la carte brunch and dinner menu, complemented by fine wines. Guests may also select from curated getaways, including the 'Epicurean Getaway' and 'Heli Adventure in Niagara,' both of which pair spring-inspired luxury with culinary excellence and sustainability.

Image Credit: Shangri-La Toronto",9,"Debra John — April 8, 2025 — World
References: instagram & shangri-la",World,https://www.trendhunter.com/trends/the-season-of-spring
Luxe Valentine's Day Offers,"Shangri-La Toronto welcomes the season of spring with a selection of refined offerings that embrace the beauty of renewal in the heart of downtown Toronto.

Guests are invited to enjoy 'Hues of Spring Afternoon Tea' in the Lobby Lounge, available Thursday to Sunday until May 11, 2025. This elegant tea service features premium blends, savoury bites, and delicate sweets crafted with fresh, sustainably sourced ingredients. Additionally enhancing the seasonal experience, the 'Hues of Spring Cocktails' collection includes vibrant, floral-inspired drinks made with locally harvested B-Wall honey.

Weekends bring the 'Hues of Spring Brunch' at bosk, offered every Saturday and Sunday with a prix fixe menu including appetizers, entrées, and seasonal beverages. From April 18 to 21, 'Easter Elegance' at bosk features an à la carte brunch and dinner menu, complemented by fine wines. Guests may also select from curated getaways, including the 'Epicurean Getaway' and 'Heli Adventure in Niagara,' both of which pair spring-inspired luxury with culinary excellence and sustainability.

Image Credit: Shangri-La Toronto",9,"Debra John — April 8, 2025 — World
References: instagram & shangri-la",World,https://www.trendhunter.com/trends/the-season-of-spring
Automated Video Metadata,"Open Graph Help is a free tool designed to assist website owners in previewing and generating Open Graph meta tags for their sites. Open Graph tags are crucial for optimizing how a website appears when shared on social media platforms, messengers, and search engines.

With this tool, users can see exactly how their site will display across various online channels, allowing them to control and enhance their digital presence. By ensuring that the correct title, description, and image are shown, businesses can improve engagement and visibility. This service is especially valuable for marketing teams, web developers, and business owners looking to optimize their website’s outreach and social media impact. Open Graph Help simplifies the process of meta tag generation, making it accessible for anyone seeking a professional online appearance.

Image Credit: Open Graph",4.1,"Ellen Smith — April 8, 2025 — Lifestyle
References: opengraph.help",Lifestyle,https://www.trendhunter.com/trends/open-graph
Luxe Valentine's Day Offers,"Shangri-La Toronto welcomes the season of spring with a selection of refined offerings that embrace the beauty of renewal in the heart of downtown Toronto.

Guests are invited to enjoy 'Hues of Spring Afternoon Tea' in the Lobby Lounge, available Thursday to Sunday until May 11, 2025. This elegant tea service features premium blends, savoury bites, and delicate sweets crafted with fresh, sustainably sourced ingredients. Additionally enhancing the seasonal experience, the 'Hues of Spring Cocktails' collection includes vibrant, floral-inspired drinks made with locally harvested B-Wall honey.

Weekends bring the 'Hues of Spring Brunch' at bosk, offered every Saturday and Sunday with a prix fixe menu including appetizers, entrées, and seasonal beverages. From April 18 to 21, 'Easter Elegance' at bosk features an à la carte brunch and dinner menu, complemented by fine wines. Guests may also select from curated getaways, including the 'Epicurean Getaway' and 'Heli Adventure in Niagara,' both of which pair spring-inspired luxury with culinary excellence and sustainability.

Image Credit: Shangri-La Toronto",9,"Debra John — April 8, 2025 — World
References: instagram & shangri-la",World,https://www.trendhunter.com/trends/the-season-of-spring
Automated Video Metadata,"Open Graph Help is a free tool designed to assist website owners in previewing and generating Open Graph meta tags for their sites. Open Graph tags are crucial for optimizing how a website appears when shared on social media platforms, messengers, and search engines.

With this tool, users can see exactly how their site will display across various online channels, allowing them to control and enhance their digital presence. By ensuring that the correct title, description, and image are shown, businesses can improve engagement and visibility. This service is especially valuable for marketing teams, web developers, and business owners looking to optimize their website’s outreach and social media impact. Open Graph Help simplifies the process of meta tag generation, making it accessible for anyone seeking a professional online appearance.

Image Credit: Open Graph",4.1,"Ellen Smith — April 8, 2025 — Lifestyle
References: opengraph.help",Lifestyle,https://www.trendhunter.com/trends/open-graph
Automated Video Metadata,"Open Graph Help is a free tool designed to assist website owners in previewing and generating Open Graph meta tags for their sites. Open Graph tags are crucial for optimizing how a website appears when shared on social media platforms, messengers, and search engines.

With this tool, users can see exactly how their site will display across various online channels, allowing them to control and enhance their digital presence. By ensuring that the correct title, description, and image are shown, businesses can improve engagement and visibility. This service is especially valuable for marketing teams, web developers, and business owners looking to optimize their website’s outreach and social media impact. Open Graph Help simplifies the process of meta tag generation, making it accessible for anyone seeking a professional online appearance.

Image Credit: Open Graph",4.1,"Ellen Smith — April 8, 2025 — Lifestyle
References: opengraph.help",Lifestyle,https://www.trendhunter.com/trends/open-graph
Luxe Valentine's Day Offers,"Shangri-La Toronto welcomes the season of spring with a selection of refined offerings that embrace the beauty of renewal in the heart of downtown Toronto.

Guests are invited to enjoy 'Hues of Spring Afternoon Tea' in the Lobby Lounge, available Thursday to Sunday until May 11, 2025. This elegant tea service features premium blends, savoury bites, and delicate sweets crafted with fresh, sustainably sourced ingredients. Additionally enhancing the seasonal experience, the 'Hues of Spring Cocktails' collection includes vibrant, floral-inspired drinks made with locally harvested B-Wall honey.

Weekends bring the 'Hues of Spring Brunch' at bosk, offered every Saturday and Sunday with a prix fixe menu including appetizers, entrées, and seasonal beverages. From April 18 to 21, 'Easter Elegance' at bosk features an à la carte brunch and dinner menu, complemented by fine wines. Guests may also select from curated getaways, including the 'Epicurean Getaway' and 'Heli Adventure in Niagara,' both of which pair spring-inspired luxury with culinary excellence and sustainability.

Image Credit: Shangri-La Toronto",9,"Debra John — April 8, 2025 — World
References: instagram & shangri-la",World,https://www.trendhunter.com/trends/the-season-of-spring
Custom Investment Platforms,"FindAlikeMe is a chat application designed to connect individuals who are facing similar challenges or life situations. The platform allows users to engage in supportive conversations, share experiences, and offer advice, creating a sense of community for those seeking mutual understanding.

By providing a space where people can discuss their struggles with others who are going through similar experiences, FindAlikeMe fosters peer-to-peer support. This app can be particularly beneficial for individuals facing mental health challenges, chronic conditions, or major life transitions, offering a safe and private environment for open dialogue. Businesses and organizations focused on wellness, mental health, or community engagement could benefit from integrating such platforms to enhance their support services and promote a sense of belonging among their users.

Image Credit: FindAlikeMe",4.6,"Ellen Smith — April 8, 2025 — Lifestyle
References: findalike.me",Lifestyle,https://www.trendhunter.com/trends/findalikeme
Back-to-School Cookie Menus,"Insomnia Cookies The Garden Collection is a new range of baked goods from the brand crafted with springtime in mind to help consumers celebrate the seasonal shift in a decidedly delicious way.

The cookie lineup consists of three options in total include the Lemon White Chocolate, Strawberry Lemonade Filled and Carrot Cake Filled varieties, which are each crafted with springtime flavors in mind. The Lemon White Chocolate features a lemon cookie dough with sprinkles and white chocolate chips, while the Strawberry Lemonade Filled features a pinkish dough packed with strawberry jam and white chocolate chips. Lastly, the Carrot Cake Filled starts off with a cinnamon carrot cake cookie dough filled with a cream cheese frosting and orange and green sugars on top.

The Insomnia Cookies The Garden Collection is available at participating locations starting April 8, 2025 for a limited time only.

Image Credit: Insomnia Cookies",8.1,"Michael Hemsworth — April 8, 2025 — Lifestyle
References: insomniacookies & snackandbakery",Lifestyle,https://www.trendhunter.com/trends/insomnia-cookies-the-garden-collection
Humorous Haircare Campaigns,"OGX’s national TV campaign marks the brand’s first-ever commercial debut and features actress and entrepreneur Shay Mitchell in her new role as OGX’s inaugural global brand ambassador.

In the campaign’s centerpiece television spot, Mitchell embodies 'The Fixer,' a confident, retro-inspired character determined to solve the mystery of hair damage using OGX’s science-led solutions. The bold, stylized commercial introduces ""a fresh brand direction and serves as the focal point of a broader 360-degree initiative aimed at engaging a new generation through innovation, accessibility, and expert-led messaging.""

As part of the extended campaign, trichologist and digital creator Abbey Yung joins the brand in a social-first series titled #DamageDetected. The content adopts ""a detective-style format, blending Mitchell’s storytelling with Yung’s professional expertise to investigate the effects of heat, color, and styling damage."" Together, the campaign underscores OGX’s commitment to providing effective, science-based haircare for modern consumers.

Image Credit: OGX Haircare",7.4,"Debra John — April 8, 2025 — Pop Culture
References: instagram & ogxbeauty",Pop Culture,https://www.trendhunter.com/trends/ogxs-national-tv-campaign
Promotional Betting Partnerships,"DATA.BET, a provider of esports betting solutions, has introduced a new Single Page Application (SPA) aimed at enhancing user experience and operational efficiency. This SPA eliminates the need for traditional multi-page reloads, offering faster load times and smoother navigation. Designed to integrate seamlessly into clients' platforms, the application provides a dynamic and responsive interface tailored to the needs of operators and their customers. Additionally, the SPA incorporates Server-Side Rendering (SSR), which optimizes pages for search engine visibility, particularly for event-based searches. This feature not only improves accessibility but also positions operators to gain a competitive edge in the betting market.

The SPA also emphasizes customization and flexibility, allowing partners to independently configure components and behaviors to align with their business strategies and audience preferences. This adaptability is complemented by features such as instant access to events, which reduces waiting times and enhances user engagement. The application supports extensive personalization, enabling operators to create tailored experiences that resonate with their users. DATA.BET's commitment to innovation is evident in this launch, as the company continues to refine its offerings to meet the evolving demands of the esports betting industry.

Image Credit: DATA.BET",4.1,"Colin Smith — April 8, 2025 — Business
References: esportsinsider",Business,https://www.trendhunter.com/trends/data-bet-single-page
Custom Investment Platforms,"FindAlikeMe is a chat application designed to connect individuals who are facing similar challenges or life situations. The platform allows users to engage in supportive conversations, share experiences, and offer advice, creating a sense of community for those seeking mutual understanding.

By providing a space where people can discuss their struggles with others who are going through similar experiences, FindAlikeMe fosters peer-to-peer support. This app can be particularly beneficial for individuals facing mental health challenges, chronic conditions, or major life transitions, offering a safe and private environment for open dialogue. Businesses and organizations focused on wellness, mental health, or community engagement could benefit from integrating such platforms to enhance their support services and promote a sense of belonging among their users.

Image Credit: FindAlikeMe",4.6,"Ellen Smith — April 8, 2025 — Lifestyle
References: findalike.me",Lifestyle,https://www.trendhunter.com/trends/findalikeme
Back-to-School Cookie Menus,"Insomnia Cookies The Garden Collection is a new range of baked goods from the brand crafted with springtime in mind to help consumers celebrate the seasonal shift in a decidedly delicious way.

The cookie lineup consists of three options in total include the Lemon White Chocolate, Strawberry Lemonade Filled and Carrot Cake Filled varieties, which are each crafted with springtime flavors in mind. The Lemon White Chocolate features a lemon cookie dough with sprinkles and white chocolate chips, while the Strawberry Lemonade Filled features a pinkish dough packed with strawberry jam and white chocolate chips. Lastly, the Carrot Cake Filled starts off with a cinnamon carrot cake cookie dough filled with a cream cheese frosting and orange and green sugars on top.

The Insomnia Cookies The Garden Collection is available at participating locations starting April 8, 2025 for a limited time only.

Image Credit: Insomnia Cookies",8.1,"Michael Hemsworth — April 8, 2025 — Lifestyle
References: insomniacookies & snackandbakery",Lifestyle,https://www.trendhunter.com/trends/insomnia-cookies-the-garden-collection
Promotional Betting Partnerships,"DATA.BET, a provider of esports betting solutions, has introduced a new Single Page Application (SPA) aimed at enhancing user experience and operational efficiency. This SPA eliminates the need for traditional multi-page reloads, offering faster load times and smoother navigation. Designed to integrate seamlessly into clients' platforms, the application provides a dynamic and responsive interface tailored to the needs of operators and their customers. Additionally, the SPA incorporates Server-Side Rendering (SSR), which optimizes pages for search engine visibility, particularly for event-based searches. This feature not only improves accessibility but also positions operators to gain a competitive edge in the betting market.

The SPA also emphasizes customization and flexibility, allowing partners to independently configure components and behaviors to align with their business strategies and audience preferences. This adaptability is complemented by features such as instant access to events, which reduces waiting times and enhances user engagement. The application supports extensive personalization, enabling operators to create tailored experiences that resonate with their users. DATA.BET's commitment to innovation is evident in this launch, as the company continues to refine its offerings to meet the evolving demands of the esports betting industry.

Image Credit: DATA.BET",4.1,"Colin Smith — April 8, 2025 — Business
References: esportsinsider",Business,https://www.trendhunter.com/trends/data-bet-single-page
Indie Maker Competitions,"Indies Legacy is a service designed to provide peace of mind for solopreneurs and indie hackers, ensuring their business's continued success and income stream for their families in the event of their sudden death. The service helps business owners secure the transfer of their monthly recurring revenue (MRR) or sell their business, so that loved ones can continue to benefit from its value.

This is particularly important for those with businesses generating consistent income, as it allows partners, children, or other family members to seamlessly inherit or sell the business without significant disruption. By planning for business continuity, Indies Legacy helps entrepreneurs protect their financial legacy, allowing them to focus on growing their business without worrying about the future of their family’s finances in the event of an unforeseen tragedy.

Image Credit: Indies Legacy",3.8,"Ellen Smith — April 8, 2025 — Business
References: indieslegacy",Business,https://www.trendhunter.com/trends/indies-legacy
Email Validation Services,"ReverseMails is a powerful tool that is designed to retrieve contact and company information from email addresses instantly. It offers businesses a way to enhance their CRM systems by enriching customer data, unveiling anonymous sign-ups, and improving customer interactions.

This service allows businesses to gain valuable insights into their leads and customers, turning simple email addresses into actionable business intelligence, which is ideal for business owners and entrepreneurs alike. With ReverseMails, businesses can easily identify prospects, improve lead quality, and target their marketing strategies more effectively. Whether used for B2B lead generation, email marketing optimization, or customer service improvement, ReverseMails streamlines the process of acquiring detailed contact information, helping businesses better understand their audience and personalize their outreach.

Image Credit: ReverseMails",5.9,"Ellen Smith — April 8, 2025 — Business
References: reversemails",Business,https://www.trendhunter.com/trends/reversemails
Triple-Flavor Finishing Sauces,"The honeygrow Signature Sauces are a new lineup of cooking sauces created by the fast-casual dining concept for at-home chefs to use as a way to elevate their favorite recipes or try something new. The sauces come in four flavor options including Sesame Garlic, Garlic Butter, Red Coconut Curry and Spicy Garlic, which each come in eight-ounce bottles priced at $5.49 each. The products are being offered by the brand via its website, kiosk and app, and are being promoted as the perfect way to elevate a stir-fry, being used as a marinade, a burger topping, dipping sauce and more.

Founder and CEO Justin Rosenberg spoke on the honeygrow Signature Sauces saying, ""Over the years, we’ve heard from so many customers who’ve either moved away from their local honeygrow and miss our signature stir-fry flavors or those who want to experiment with the sauces in their kitchens. Now you can order a bottle of your favorite sauce by itself or with your lunch, dinner, or catering orders to try at home, no matter where you live. It’s an exciting first step into offering loyal fans a convenient way to enjoy the flavors they love at home in a new way.”

Image Credit: honeygrow",4.7,"Michael Hemsworth — April 8, 2025 — Lifestyle
References: honeygrow & qsrmagazine",Lifestyle,https://www.trendhunter.com/trends/honeygrow-signature-sauces
Savory Cocktail Dips,"Solid Wiggles reimagines nostalgic Jell-O shots as artful, flavorful, single-serving cubed cocktail jellies, and the Dirty Martini is a new menu addition aligned with the uptick in minimal-ingredient cocktails, briny beverages, and familiar formats reinvented. This solid shot is made with clarified lemon juice, Ketel One vodka, and Quincy olive brine, and it subtly mirrors the elements of a dirty martini with abstract colors and shapes.

These boozy cocktail jellies are 5% ABV, and as such, only adults can order the Dirty Martini for a deliciously different way to experience the classic cocktail.

Solid Wiggles' Dirty Martini is on a new menu, alongside other cocktail-inspired jelly shots like the Lychee Martini, Cosmo, and French 75.",6,"Laura McQuarrie — April 8, 2025 — Lifestyle
References: solidwiggles & instagram",Lifestyle,https://www.trendhunter.com/trends/cocktail-jellies
Housing Affordability-Focused Campaigns,"Eightile is a free, engaging word game that challenges players to unscramble progressively longer anagrams, culminating in an 8-letter word. Available in both English and Spanish, the game appeals to word enthusiasts who enjoy a timed challenge.

Players work against the clock to identify the target word, improving their vocabulary and cognitive agility along the way. From a business perspective, Eightile highlights the growing demand for interactive and educational gaming experiences that can be enjoyed casually, yet still offer competitive elements. The game's simplicity combined with its challenge and educational value makes it a great candidate for user engagement, particularly within the mobile gaming and language learning sectors. The dual-language feature also allows it to reach a broader, more diverse audience.

Image Credit: Eightile Anagram Game",5.1,"Ellen Smith — April 8, 2025 — Tech
References: eightile",Tech,https://www.trendhunter.com/trends/eightile-anagram-game
Housing Affordability-Focused Campaigns,"Eightile is a free, engaging word game that challenges players to unscramble progressively longer anagrams, culminating in an 8-letter word. Available in both English and Spanish, the game appeals to word enthusiasts who enjoy a timed challenge.

Players work against the clock to identify the target word, improving their vocabulary and cognitive agility along the way. From a business perspective, Eightile highlights the growing demand for interactive and educational gaming experiences that can be enjoyed casually, yet still offer competitive elements. The game's simplicity combined with its challenge and educational value makes it a great candidate for user engagement, particularly within the mobile gaming and language learning sectors. The dual-language feature also allows it to reach a broader, more diverse audience.

Image Credit: Eightile Anagram Game",5.1,"Ellen Smith — April 8, 2025 — Tech
References: eightile",Tech,https://www.trendhunter.com/trends/eightile-anagram-game
Wintery Mint Cafe Drinks,"HTeaO Refreshers are a new range of beverages from the iced tea brand crafted with refreshment, hydration and flavor in focus to work well for today's consumer. The drink range is slated to arrive at participating locations starting April 11, 2025 and consists of three options to choose from including The Dazzler, Mango Tango and Cherry Peach Tea Lemonade. Each drink is crafted with Monin Glacier Clear along with sweet fruit syrups and a touch of lemonade to provide a boost to energy levels in a flavorful way that's positioned as a perfect alternative to coffee.

President Heath Nielsen spoke on the HTeaO Refreshers saying, ""We’re known for iced tea, but we’re evolving to become a destination for all types of refreshment. Last year, we introduced the HTeaO Energy Shots, giving our customers a quick and convenient way to fuel their day. Now, with our new lineup of energizing drinks, we’re continuing that momentum by offering even more ways for our guests to customize their experience and stay refreshed.”

Image Credit: HTeaO",9.5,"Michael Hemsworth — April 8, 2025 — Lifestyle
References: hteao & qsrmagazine",Lifestyle,https://www.trendhunter.com/trends/hteao-refreshers
AI-Powered Phishing Tests,"The Employee Leave Planner is a digital tool designed to help individuals navigate the complex landscape of leave entitlements in the U.S. With no universal federal paid leave law currently in place, understanding job-protected leave and partial pay benefits can be challenging.

This platform streamlines that process by guiding users through relevant local, state, and federal regulations. It highlights eligibility for job-protection provisions such as FMLA and potential wage replacement programs based on the user’s location and situation. For HR departments and employers, this tool offers an opportunity to improve transparency and support employee well-being, reducing administrative burden and enhancing workforce trust. It also empowers individuals to make informed decisions without sacrificing financial stability or job security — an increasingly important consideration in competitive employment markets.

Image Credit: Employee Leave Planner",3.8,"Ellen Smith — April 8, 2025 — Business
References: cocoon",Business,https://www.trendhunter.com/trends/employee-leave-planner
Developer Resource Hubs,"FMJ is an AI survey tool designed to support early-stage founders in their pursuit of product-market fit. By combining proven research frameworks with automation, FMJ enables users to create targeted, professional-quality surveys with minimal effort.

The platform simplifies the survey creation process using generative AI, ensuring questions are aligned with strategic business goals. Responses are collected and managed in a centralized dashboard, allowing for quick analysis and iteration. For startups aiming to validate ideas, test features, or refine messaging, FMJ provides a streamlined, scalable solution. It reduces the guesswork in understanding customer needs, helping teams act on data-backed insights more efficiently. From a business growth standpoint, FMJ can significantly cut down the time between feedback cycles, enabling faster pivots and smarter decision-making.

Image Credit: FMJ",4.1,"Ellen Smith — April 8, 2025 — Tech
References: fmjsurvey",Tech,https://www.trendhunter.com/trends/ai-survey-tool
AI Business Book Creators,"Inkitt, the Berlin-based publishing platform, is revolutionizing the traditional publishing model by leveraging AI technology to optimize storytelling based on reader engagement metrics. The platform discovers promising amateur writers through its free service, then selects successful stories for its premium Galatea subscription service where content undergoes algorithmic enhancement. Using large language models, Inkitt's editorial team optimizes plot developments, creates sequels, and adapts content for multiple formats including video through GalateaTV.

The approach has yielded impressive results, with monthly revenue reaching $10 million and backing from major Silicon Valley investors including Khosla Ventures. While traditional publishers cautiously explore AI applications, Inkitt fully embraces technology-driven content creation, with minimal editorial staff overseeing hundreds of authors. This innovative model demonstrates how data-driven publishing can democratize access for undiscovered writers while challenging conventional notions of authorship and creative control in the $151 billion global book publishing market.

Image Credit: Shutterstock",7,"Grace Mahas — April 8, 2025 — Art & Design
References: inkitt & bloomberg",Art & Design,https://www.trendhunter.com/trends/inkitt
Integrated Habit Trackers,"Dev Tips is a curated platform designed to provide web developers—particularly those focused on front-end work—with a streamlined collection of practical tools, libraries, and resources. The platform includes links to UI kits, animation tools, and productivity enhancers, serving as a go-to reference for professionals looking to improve efficiency and stay current with development trends.

By aggregating high-value assets in one place, Dev Tips supports faster prototyping, design consistency, and cleaner implementation. For teams and solo developers alike, it offers time-saving benefits and supports better decision-making when selecting frameworks or third-party integrations. From a business perspective, having access to this central hub reduces overhead spent on tool research and enables teams to accelerate development timelines with trusted resources.

Image Credit: Dev Tips",4.3,"Ellen Smith — April 8, 2025 — Business
References: thedevtips",Business,https://www.trendhunter.com/trends/dev-tips
AI Business Book Creators,"Inkitt, the Berlin-based publishing platform, is revolutionizing the traditional publishing model by leveraging AI technology to optimize storytelling based on reader engagement metrics. The platform discovers promising amateur writers through its free service, then selects successful stories for its premium Galatea subscription service where content undergoes algorithmic enhancement. Using large language models, Inkitt's editorial team optimizes plot developments, creates sequels, and adapts content for multiple formats including video through GalateaTV.

The approach has yielded impressive results, with monthly revenue reaching $10 million and backing from major Silicon Valley investors including Khosla Ventures. While traditional publishers cautiously explore AI applications, Inkitt fully embraces technology-driven content creation, with minimal editorial staff overseeing hundreds of authors. This innovative model demonstrates how data-driven publishing can democratize access for undiscovered writers while challenging conventional notions of authorship and creative control in the $151 billion global book publishing market.

Image Credit: Shutterstock",7,"Grace Mahas — April 8, 2025 — Art & Design
References: inkitt & bloomberg",Art & Design,https://www.trendhunter.com/trends/inkitt
Limited-Edition Handcrafted Desserts,"The Paris Baguette Easter menu has made its debut as a lineup of baked goods perfect for helping consumers to elevate their springtime celebrations this year.

The menu consists of four items to choose from including the Easter Basket Chocolate Chiffon Cake, Easter Bunny Strawberry Banana Cake, the Easter Egg Mochi Donut and the Easter Egg King Cream Donut. The Easter-themed treats are handcrafted using high-quality ingredients and will be on the menu through Easter Sunday (April 20, 2025). The treats each prioritize an Easter theme with premium flavor experiences to satisfy kids and adults alike.

The Paris Baguette Easter menu is arriving alongside a special promotion that will reward Paris Baguette Rewards members on Tax Day (April 15) with a complimentary pastry when they purchase any beverage..",6.7,"Michael Hemsworth — April 8, 2025 — Lifestyle
References: parisbaguette & snackandbakery",Lifestyle,https://www.trendhunter.com/trends/paris-baguette-easter-menu
Sticky Note Printers,"MemoGo is a group expense management app designed to simplify cost sharing among multiple users. Whether coordinating travel budgets, splitting rent with roommates, or tracking shared purchases, the platform offers a centralized, user-friendly solution.

Unlike spreadsheets or manual calculations, MemoGo automates the process, reducing the risk of errors and misunderstandings. It allows users to input expenses, assign who owes what, and monitor balances in real time. The app targets casual users who need ad-hoc expense tracking as well as small groups managing ongoing shared costs. With no subscription fee, MemoGo also aligns with the freemium trend in fintech, offering convenience without financial commitment. It addresses a clear need in a space where financial clarity and ease of collaboration are essential, particularly in increasingly mobile and remote lifestyles.

Image Credit: MemoGo",7.2,"Ellen Smith — April 8, 2025 — Tech
References: memogo",Tech,https://www.trendhunter.com/trends/memogo
British Cuisine-Inspired Gins,"Bergner has officially launched the Indian Cooking Club (ICC), aiming to nuture the talents of home chefs and cooking enthusiasts. As a part of this, the platform will travel across multiple Indian cities to find a 'Bergner ICC Chef' in each location, allowing consumers to savour India's culinary heritage. This will

“We are excited to launch the Indian Cooking Club, a platform that truly celebrates the passion and creativity of chefs across India. We believe that every kitchen, whether at home or in a professional setting, holds the potential for extraordinary culinary talent. [...] This initiative goes beyond a mere competition; it’s about building a lasting community and inspiring a new generation of culinary artists who will shape the future of Indian cuisine.”

Image Credit: Bergner",4.5,"Kanesa D — April 8, 2025 — Business
References: bergnergroup & indianretailer",Business,https://www.trendhunter.com/trends/indian-cooking-club
Bite-Sized Gluten-Free Coolkies,"Tate's Bake Shop has announced the new Tate’s Soft Baked Cookies range as a series of sweet treats that will help to elevate the brand into its next phase as a sweet snack powerhouse. The product lineup was developed over the course of three years to get the recipe right and comes in two flavor varieties with a chocolate-forward profile including Chocolate Chip and Dark Chocolate Chunk. The soft format of the cookies makes them well-suited for consumers who enjoy the brand's existing varieties, but are on the hunt for something new.

Chief Marketing Officer Jessica Goon spoke on the Tate’s Soft Baked Cookies saying, ""Tate’s is no stranger to soft-textured baked goods––we’ve been delighting customers with our pies, brownies, and cakes at our Bake Shop in Southampton, N.Y. since 1980. But this launch marks an exciting first: bringing a Tate’s Soft Baked Cookie to grocery store shelves. It’s a milestone moment that stays true to our legacy of quality and craft.”

Image Credit: Tate's Bake Shop",5.9,"Michael Hemsworth — April 8, 2025 — Lifestyle
References: tatesbakeshop & snackandbakery",Lifestyle,https://www.trendhunter.com/trends/tates-soft-baked-cookies
Parisian Patisserie Bakery Boxes,"Altro Foods' plant-based eggs offer a convenient, cost-conscious substitute for eggs that's as kind to animals as it is the planet. Made with nourishing, animal-free ingredients like pea proteins, nutritional yeast, lentil flour, bamboo and citrus fibers, Himalayan black salt, turmeric, onion powder, and black pepper, these plant-based eggs can be used for whipping up scrambles and omeletes, or in cooking and baking.

This powder is made to be combined with water and, optionally, oil for enhanced richness. Depending on the recipe or need, the plant-based egg alternative can provide a simple swap for a few eggs or a whole package.

As egg shortages and soaring prices continue to impact consumers, many are turning to plant-based egg alternatives like this one as a substitute.",6.1,"Laura McQuarrie — April 8, 2025 — Lifestyle
References: altrofoodusa & specialtyfood",Lifestyle,https://www.trendhunter.com/trends/plant-based-eggs
Nostalgic Film-Inspired Puzzle Sets,"Puzzlit is a social puzzle platform that merges traditional brain games with modern social features. By offering daily mini-puzzles and collaborative play options, the platform taps into the rising demand for casual, mentally stimulating mobile entertainment.

Puzzlit differentiates itself by emphasizing social interaction — users can challenge friends, track leaderboards, and engage with a wider puzzle-solving community. This model increases retention and user engagement, leveraging gamification and competition. The format is mobile-friendly and aligns well with short-session usage habits, making it ideal for users on the go. From a business perspective, Puzzlit targets both puzzle enthusiasts and casual gamers, with monetization potential through ads, premium features, and in-app purchases. Its focus on community could drive network effects, making it a scalable product in the social gaming space.

Image Credit: Puzzlit",4.5,"Ellen Smith — April 8, 2025 — Tech
References: apps.apple",Tech,https://www.trendhunter.com/trends/puzzlit
Limited-Edition Handcrafted Desserts,"The Paris Baguette Easter menu has made its debut as a lineup of baked goods perfect for helping consumers to elevate their springtime celebrations this year.

The menu consists of four items to choose from including the Easter Basket Chocolate Chiffon Cake, Easter Bunny Strawberry Banana Cake, the Easter Egg Mochi Donut and the Easter Egg King Cream Donut. The Easter-themed treats are handcrafted using high-quality ingredients and will be on the menu through Easter Sunday (April 20, 2025). The treats each prioritize an Easter theme with premium flavor experiences to satisfy kids and adults alike.

The Paris Baguette Easter menu is arriving alongside a special promotion that will reward Paris Baguette Rewards members on Tax Day (April 15) with a complimentary pastry when they purchase any beverage..",6.7,"Michael Hemsworth — April 8, 2025 — Lifestyle
References: parisbaguette & snackandbakery",Lifestyle,https://www.trendhunter.com/trends/paris-baguette-easter-menu
British Cuisine-Inspired Gins,"Bergner has officially launched the Indian Cooking Club (ICC), aiming to nuture the talents of home chefs and cooking enthusiasts. As a part of this, the platform will travel across multiple Indian cities to find a 'Bergner ICC Chef' in each location, allowing consumers to savour India's culinary heritage. This will

“We are excited to launch the Indian Cooking Club, a platform that truly celebrates the passion and creativity of chefs across India. We believe that every kitchen, whether at home or in a professional setting, holds the potential for extraordinary culinary talent. [...] This initiative goes beyond a mere competition; it’s about building a lasting community and inspiring a new generation of culinary artists who will shape the future of Indian cuisine.”

Image Credit: Bergner",4.5,"Kanesa D — April 8, 2025 — Business
References: bergnergroup & indianretailer",Business,https://www.trendhunter.com/trends/indian-cooking-club
Custom Investment Platforms,"Slidejoy is a human-powered presentation design service that positions itself as an in-house alternative for startups and businesses looking to streamline pitch decks, internal reports, and client-facing materials. Rather than relying on AI-generated visuals, Slidejoy uses a team of designers to produce custom presentations that match brand tone and business goals.

The platform is aimed at founders and teams who want to shift their focus from time-consuming design tasks to core operations like product development or go-to-market strategies. With many early-stage companies lacking dedicated design talent, outsourced services like Slidejoy offer a cost-effective way to maintain professional-quality output without hiring in-house. This model reflects a broader trend of fractional services enabling lean teams to operate with greater agility and polish.

Image Credit: Slidejoy",3.6,"Ellen Smith — April 8, 2025 — Lifestyle
References: slidejoy.co",Lifestyle,https://www.trendhunter.com/trends/slidejoy
Peanut-Shaped Chocolate Treats,"Reese's just dropped PB&J Big Cups in Grape and Strawberry varieties for a limited time, and to create even more excitement around this launch, the brand is making a Reese’s PB&J Sandwich Kit available.

This very real product started as an April Fool's Day prank that was only teased to fans but now, a limited number of the PB&J Sandwich Kits are available to shop on the ShopHershey’s site. In the kit, fans of peanut butter and chocolate flavors will find a sweet sandwich bread with a jar of Reese’s Creamy Peanut Butter, strawberry or grape spread, and the new Reese’s PB& J Big Cups.

Although few will get their hands on the chocolatey bread, those craving a taste of Reese's interpretation of an iconic flavor pairing can seek out PB&J Big Cups while supplies last.",10,"Laura McQuarrie — April 8, 2025 — Lifestyle
References: shop.hersheys & yahoo",Lifestyle,https://www.trendhunter.com/trends/reeses-pbj-sandwich-kit
Custom Investment Platforms,"Tooltip Tutorial is a no-code solution that allows product teams to quickly implement guided tours and onboarding tutorials into their web applications. By enabling step-by-step, customizable walkthroughs, the tool helps improve user activation, reduce churn, and support product adoption — especially important for complex platforms or tools with a learning curve.

Businesses can deploy and update tutorials with minimal technical overhead, freeing up development resources while maintaining control over the onboarding experience. This kind of tool aligns with broader SaaS trends toward self-serve learning and product-led growth strategies. With user attention spans limited, tools like Tooltip Tutorial offer a way to surface key features contextually and at the moment of need, creating a smoother and more intuitive onboarding process that can drive higher user satisfaction and engagement rates.

Image Credit: Tooltip Tutorial",5.2,"Ellen Smith — April 8, 2025 — Business
References: tooltiptutorial",Business,https://www.trendhunter.com/trends/tooltip-tutorial
Peanut-Shaped Chocolate Treats,"Reese's just dropped PB&J Big Cups in Grape and Strawberry varieties for a limited time, and to create even more excitement around this launch, the brand is making a Reese’s PB&J Sandwich Kit available.

This very real product started as an April Fool's Day prank that was only teased to fans but now, a limited number of the PB&J Sandwich Kits are available to shop on the ShopHershey’s site. In the kit, fans of peanut butter and chocolate flavors will find a sweet sandwich bread with a jar of Reese’s Creamy Peanut Butter, strawberry or grape spread, and the new Reese’s PB& J Big Cups.

Although few will get their hands on the chocolatey bread, those craving a taste of Reese's interpretation of an iconic flavor pairing can seek out PB&J Big Cups while supplies last.",10,"Laura McQuarrie — April 8, 2025 — Lifestyle
References: shop.hersheys & yahoo",Lifestyle,https://www.trendhunter.com/trends/reeses-pbj-sandwich-kit
Custom Investment Platforms,"Slidejoy is a human-powered presentation design service that positions itself as an in-house alternative for startups and businesses looking to streamline pitch decks, internal reports, and client-facing materials. Rather than relying on AI-generated visuals, Slidejoy uses a team of designers to produce custom presentations that match brand tone and business goals.

The platform is aimed at founders and teams who want to shift their focus from time-consuming design tasks to core operations like product development or go-to-market strategies. With many early-stage companies lacking dedicated design talent, outsourced services like Slidejoy offer a cost-effective way to maintain professional-quality output without hiring in-house. This model reflects a broader trend of fractional services enabling lean teams to operate with greater agility and polish.

Image Credit: Slidejoy",3.6,"Ellen Smith — April 8, 2025 — Lifestyle
References: slidejoy.co",Lifestyle,https://www.trendhunter.com/trends/slidejoy
Custom Investment Platforms,"Slidejoy is a human-powered presentation design service that positions itself as an in-house alternative for startups and businesses looking to streamline pitch decks, internal reports, and client-facing materials. Rather than relying on AI-generated visuals, Slidejoy uses a team of designers to produce custom presentations that match brand tone and business goals.

The platform is aimed at founders and teams who want to shift their focus from time-consuming design tasks to core operations like product development or go-to-market strategies. With many early-stage companies lacking dedicated design talent, outsourced services like Slidejoy offer a cost-effective way to maintain professional-quality output without hiring in-house. This model reflects a broader trend of fractional services enabling lean teams to operate with greater agility and polish.

Image Credit: Slidejoy",3.6,"Ellen Smith — April 8, 2025 — Lifestyle
References: slidejoy.co",Lifestyle,https://www.trendhunter.com/trends/slidejoy
Peanut-Shaped Chocolate Treats,"Reese's just dropped PB&J Big Cups in Grape and Strawberry varieties for a limited time, and to create even more excitement around this launch, the brand is making a Reese’s PB&J Sandwich Kit available.

This very real product started as an April Fool's Day prank that was only teased to fans but now, a limited number of the PB&J Sandwich Kits are available to shop on the ShopHershey’s site. In the kit, fans of peanut butter and chocolate flavors will find a sweet sandwich bread with a jar of Reese’s Creamy Peanut Butter, strawberry or grape spread, and the new Reese’s PB& J Big Cups.

Although few will get their hands on the chocolatey bread, those craving a taste of Reese's interpretation of an iconic flavor pairing can seek out PB&J Big Cups while supplies last.",10,"Laura McQuarrie — April 8, 2025 — Lifestyle
References: shop.hersheys & yahoo",Lifestyle,https://www.trendhunter.com/trends/reeses-pbj-sandwich-kit
Peanut-Shaped Chocolate Treats,"Reese's just dropped PB&J Big Cups in Grape and Strawberry varieties for a limited time, and to create even more excitement around this launch, the brand is making a Reese’s PB&J Sandwich Kit available.

This very real product started as an April Fool's Day prank that was only teased to fans but now, a limited number of the PB&J Sandwich Kits are available to shop on the ShopHershey’s site. In the kit, fans of peanut butter and chocolate flavors will find a sweet sandwich bread with a jar of Reese’s Creamy Peanut Butter, strawberry or grape spread, and the new Reese’s PB& J Big Cups.

Although few will get their hands on the chocolatey bread, those craving a taste of Reese's interpretation of an iconic flavor pairing can seek out PB&J Big Cups while supplies last.",10,"Laura McQuarrie — April 8, 2025 — Lifestyle
References: shop.hersheys & yahoo",Lifestyle,https://www.trendhunter.com/trends/reeses-pbj-sandwich-kit
Bar-Quality Canned Margaritas,"Aligning with the pistachio chocolate trend that recently captivated global culinary scenes, Tequila CAZADORES is translating this flavor phenomenon into a bold new direction for cocktail culture. The brand has unveiled two inventive cocktail recipes that reimagine the viral dessert experience.

At the heart of these elevated drinks is CAZADORES Café, a premium tequila-based coffee liqueur that forms the perfect canvas for a sophisticated fusion of on-trend ingredients. Think pistachio milk, tahini, rich espresso, and decadent chocolate—all expertly layered to deliver a multisensory experience that’s delicious and worth savoring.

The recipes, including the Nutty Nightcap and the Pistachio Pick-Me-Up, feature ingredients like chocolate sauce, roasted pistachios, orange bitters, and other components that complement the rich and nutty flavors of CAZADORES Café.

Image Credit: Tequila CAZADORES",6.9,"Kanesa D — April 8, 2025 — Lifestyle
References: cazadores",Lifestyle,https://www.trendhunter.com/trends/tequila-cazadores-2
Bar-Quality Canned Margaritas,"Aligning with the pistachio chocolate trend that recently captivated global culinary scenes, Tequila CAZADORES is translating this flavor phenomenon into a bold new direction for cocktail culture. The brand has unveiled two inventive cocktail recipes that reimagine the viral dessert experience.

At the heart of these elevated drinks is CAZADORES Café, a premium tequila-based coffee liqueur that forms the perfect canvas for a sophisticated fusion of on-trend ingredients. Think pistachio milk, tahini, rich espresso, and decadent chocolate—all expertly layered to deliver a multisensory experience that’s delicious and worth savoring.

The recipes, including the Nutty Nightcap and the Pistachio Pick-Me-Up, feature ingredients like chocolate sauce, roasted pistachios, orange bitters, and other components that complement the rich and nutty flavors of CAZADORES Café.

Image Credit: Tequila CAZADORES",6.9,"Kanesa D — April 8, 2025 — Lifestyle
References: cazadores",Lifestyle,https://www.trendhunter.com/trends/tequila-cazadores-2
Hormone Innovator-Focused Award Events,"Double is a custom investment platform that enables users to design and invest in personalized stock indexes. Unlike traditional index funds, which offer broad market exposure, Double empowers individual investors to curate their own portfolios based on specific preferences, industries, or values.

The platform incorporates tax optimization strategies and provides financial guidance to help users manage portfolios more effectively. Notably, it operates without charging assets under management (AUM) fees, which can appeal to cost-conscious investors seeking greater control and transparency. With intuitive tools, Double lowers the barrier to custom investing, making advanced portfolio strategies accessible to everyday users. For investors looking to align their investments with personal beliefs or market outlooks, while maintaining tax efficiency and avoiding traditional management fees, Double offers a flexible, user-driven alternative to conventional investing models.

Image Credit: Double",4.1,"Ellen Smith — April 8, 2025 — Tech
References: double.finance",Tech,https://www.trendhunter.com/trends/custom-investment-platforms
App Screenshot Generators,"VibrantSnap is a creative tool designed to enhance standard screenshots with visually engaging effects. Users can apply Aurora-style gradients, background images, or even cinematic motion to static captures, transforming routine visuals into content with impact.

This can be particularly useful for designers, marketers, and content creators who need to elevate screenshots for presentations, social media, or branded communications. The tool emphasizes speed and ease of use, allowing polished results in seconds without requiring advanced design skills. For businesses focused on visual storytelling or building a digital presence, VibrantSnap offers a streamlined way to increase engagement and polish while reducing production time. Its value lies in turning everyday assets into compelling visuals that align with contemporary aesthetic standards.

Image Credit: VibrantSnap",4,"Ellen Smith — April 8, 2025 — Lifestyle
References: vibrantsnap",Lifestyle,https://www.trendhunter.com/trends/vibrantsnap
Landscape Tonal Bike Series,"Pantone partnered with renowned designer Patricia Urquiola and global workspace innovator Haworth to present a limited-edition collection during Milan Design Week 2025. The collaboration introduces a custom version of the 'Cardigan Lounge' chair and an immersive installation titled 'Dualities Discovered,' featured within ELLE DECOR ALCHEMICA, an annual project by Elle Decor Italia curated by Urquiola.

The exhibition explores ""transformation through the lens of color and sustainability, with a central sculptural interpretation of the Ouroboros—symbolizing infinity and renewal."" Haworth’s sustainable materials are paired with Pantone’s Dualities palette, part of its 'Fashion, Home + Interiors (FHI)' range.

The selected hues—Pantone '15-3615 TCX Lavender Oil,' '14-0225 TCX Spring Leaf,' '14-1242 TCX Melon Ice,' and '12-2900 TCX Sweet Taffy'—balance vibrancy and softness, reinforcing the exhibition’s theme of opposing forces in harmony. Overall, this partnership demonstrates how thoughtfully applied color and design can reshape modern living and working environments.

Image Credit: Pantone / Haworth",9.6,"Debra John — April 8, 2025 — Art & Design
References: pantone & live.hearst.it",Art & Design,https://www.trendhunter.com/trends/pantone-partnered
Nutty Viral Chocolate Donuts,"Rich, crunchy and colorful Dubai chocolate has taken over social media, leading frozen dessert brand 16 Handles to take note and launch a Dubai Chocolate frozen yogurt flavor in mid-April.

This chilled take on the viral dessert features a creamy pistachio base with crushed milk chocolate bites and a touch of cocoa. This inside-out interpretation of the treat is vibrant and green, and frozen yogurt lovers who want to add to the experience can enhance the texture with additional toppings of their choosing.

Dubai Chocolate will be available at all participating 16 Handles stores nationwide, and it's poised to be just as much of a hit as previously released globally inspired varieties like Mango Lassi and the world's first Kulfi frozen yogurt.",8.1,"Laura McQuarrie — April 8, 2025 — Lifestyle
References: 16handles & prnewswire",Lifestyle,https://www.trendhunter.com/trends/dubai-chocolate-frozen-yogurt
Cyberpunk-Style Face Shavers,"At CES 2024, Panasonic announced the Panasonic Palm Shaver as a compact, five-blade shaver for use at home or on the go. The device lives up to its name with a palm-sized design and it's a small yet mighty shaver that delivers a close, smooth shave for every type of beard texture.

Powered by a linear motor, the Panasonic Palm Shaver (ES-PV6A-W) boasts advanced sensing technology so that every shave is customized to the user's unique facial contours and grooming needs. Notably, the Palm Shaver makes the most of NAGORI, a material created from sea minerals. Thanks to the use of this sustainable material, Panasonic reduces plastic usage by 40% when as compared to its conventional grooming products.

Also at the 2024 edition of the Consumer Electronics Show, Panasonic announced new attachments for its popular and modular MultiShape grooming system.",7.6,"Laura McQuarrie — January 9, 2024 — Tech
References: panasonic & prnewswire",Tech,https://www.trendhunter.com/trends/panasonic-palm-shaver
Nutty Viral Chocolate Donuts,"Rich, crunchy and colorful Dubai chocolate has taken over social media, leading frozen dessert brand 16 Handles to take note and launch a Dubai Chocolate frozen yogurt flavor in mid-April.

This chilled take on the viral dessert features a creamy pistachio base with crushed milk chocolate bites and a touch of cocoa. This inside-out interpretation of the treat is vibrant and green, and frozen yogurt lovers who want to add to the experience can enhance the texture with additional toppings of their choosing.

Dubai Chocolate will be available at all participating 16 Handles stores nationwide, and it's poised to be just as much of a hit as previously released globally inspired varieties like Mango Lassi and the world's first Kulfi frozen yogurt.",8.1,"Laura McQuarrie — April 8, 2025 — Lifestyle
References: 16handles & prnewswire",Lifestyle,https://www.trendhunter.com/trends/dubai-chocolate-frozen-yogurt
Ergonomic High-Performance Head Shavers,"The Handyman by Manscaped is an electric, compact face shaver and the brand's first-ever foil shaver for grooming on the go. This portable, quick-charging and waterproof grooming tool is supremely user-friendly, whether it's relied on for trimming, styling or fast touch-ups.

“Men are leading busier lifestyles than ever, but their grooming routines should never be compromised,"" says Paul Tran, Founder and Chief Executive Officer of Manscaped, ""With that in mind, we designed this premium, perfectly compact, and hygienic device so men can achieve that coveted clean-shaven, confident look and feel, even on the go.”

This electric face shaver boasts a sleek magnetic blade cover and features like a dual-action blade head with SkinSafe technology to reduce the risks of nicks and cuts. This stress-free shaver is well-suited to delivering a close shave, even on sensitive areas of the face, neck and jawline.",6.4,"Laura McQuarrie — July 27, 2023 — Fashion
References: manscaped & businesswire",Fashion,https://www.trendhunter.com/trends/compact-face-shver
Miniature Cordless Shaving Devices,"Introducing the YOOSE Alloy MINI Shaver-Bounty Hunter is a new grooming device created for consumers looking to improve their portability and shave performance. The shaver is compact, drawing comparisons to wireless earbud cases for easy transport during commutes and long-haul travel. Made of zinc alloy, the shaver provides contours on its body that allow it to be held easily and comfortably, streamlining the process.

Marketed as 100% waterproof thanks to its IPX7 rating, the YOOSE Alloy MINI Shaver-Bounty Hunter is perfect for shower sessions. Users can change the device using a USB-C rechargeable battery, and the double-ring shaving head has a floating design for up-close trimming. To add to the benefits, the device has a 7200 rpm motor for a smooth shave.

The YOOSE Alloy MINI Shaver-Bounty is available online through the brand's website.

Image Credit: YOOSE",6.2,"Kanesa D — March 27, 2025 — Lifestyle
References: yoosetech & thegadgetflow",Lifestyle,https://www.trendhunter.com/trends/yoose-alloy-mini
Nutty Viral Chocolate Donuts,"Rich, crunchy and colorful Dubai chocolate has taken over social media, leading frozen dessert brand 16 Handles to take note and launch a Dubai Chocolate frozen yogurt flavor in mid-April.

This chilled take on the viral dessert features a creamy pistachio base with crushed milk chocolate bites and a touch of cocoa. This inside-out interpretation of the treat is vibrant and green, and frozen yogurt lovers who want to add to the experience can enhance the texture with additional toppings of their choosing.

Dubai Chocolate will be available at all participating 16 Handles stores nationwide, and it's poised to be just as much of a hit as previously released globally inspired varieties like Mango Lassi and the world's first Kulfi frozen yogurt.",8.1,"Laura McQuarrie — April 8, 2025 — Lifestyle
References: 16handles & prnewswire",Lifestyle,https://www.trendhunter.com/trends/dubai-chocolate-frozen-yogurt
Layered Strawberry Puree Beverages,"Starbucks is embracing the growing popularity of cherry-inspired flavors with the introduction of its 'Cherry Cream Cold Foam,' offering customers a way to personalize their favorite beverages with a seasonal twist. This limited-time topping has inspired a wave of creative beverage combinations, as guests seek to enhance classic Starbucks offerings with a refreshing hint of cherry.

One such customization gaining popularity is the 'Iced Mocha with Cherry Cream Cold Foam'—a combination of Starbucks' ""full-bodied espresso, rich mocha sauce, milk, and ice, finished with cherry cream cold foam and a cherry crunch topping."" While not listed as an official menu item, this drink can be recreated by ordering an 'Iced Caffè Mocha,' removing the whipped cream, and adding Cherry Cream Cold Foam along with the 'Cherry Crunch Sweet Topping.'

Additionally, customers can explore further cherry-enhanced variations, such as a 'Vanilla Sweet Cream Cold Brew with Cherry Cream Cold Foam' or a 'Strawberry Acai Lemonade Refresher' (ordered without strawberries and with two scoops of cherry powder). Overall, these personalized creations offer guests an elevated and seasonally inspired beverage experience.

Image Credit: Starbucks Canada",9.8,"Debra John — April 8, 2025 — Art & Design
References: instagram & starbucks",Art & Design,https://www.trendhunter.com/trends/cherry-cream-cold-foam
Nutty Viral Chocolate Donuts,"Rich, crunchy and colorful Dubai chocolate has taken over social media, leading frozen dessert brand 16 Handles to take note and launch a Dubai Chocolate frozen yogurt flavor in mid-April.

This chilled take on the viral dessert features a creamy pistachio base with crushed milk chocolate bites and a touch of cocoa. This inside-out interpretation of the treat is vibrant and green, and frozen yogurt lovers who want to add to the experience can enhance the texture with additional toppings of their choosing.

Dubai Chocolate will be available at all participating 16 Handles stores nationwide, and it's poised to be just as much of a hit as previously released globally inspired varieties like Mango Lassi and the world's first Kulfi frozen yogurt.",8.1,"Laura McQuarrie — April 8, 2025 — Lifestyle
References: 16handles & prnewswire",Lifestyle,https://www.trendhunter.com/trends/dubai-chocolate-frozen-yogurt
Layered Strawberry Puree Beverages,"Starbucks is embracing the growing popularity of cherry-inspired flavors with the introduction of its 'Cherry Cream Cold Foam,' offering customers a way to personalize their favorite beverages with a seasonal twist. This limited-time topping has inspired a wave of creative beverage combinations, as guests seek to enhance classic Starbucks offerings with a refreshing hint of cherry.

One such customization gaining popularity is the 'Iced Mocha with Cherry Cream Cold Foam'—a combination of Starbucks' ""full-bodied espresso, rich mocha sauce, milk, and ice, finished with cherry cream cold foam and a cherry crunch topping."" While not listed as an official menu item, this drink can be recreated by ordering an 'Iced Caffè Mocha,' removing the whipped cream, and adding Cherry Cream Cold Foam along with the 'Cherry Crunch Sweet Topping.'

Additionally, customers can explore further cherry-enhanced variations, such as a 'Vanilla Sweet Cream Cold Brew with Cherry Cream Cold Foam' or a 'Strawberry Acai Lemonade Refresher' (ordered without strawberries and with two scoops of cherry powder). Overall, these personalized creations offer guests an elevated and seasonally inspired beverage experience.

Image Credit: Starbucks Canada",9.5,"Debra John — April 8, 2025 — Art & Design
References: instagram & starbucks",Art & Design,https://www.trendhunter.com/trends/cherry-cream-cold-foam
Layered Strawberry Puree Beverages,"Starbucks is embracing the growing popularity of cherry-inspired flavors with the introduction of its 'Cherry Cream Cold Foam,' offering customers a way to personalize their favorite beverages with a seasonal twist. This limited-time topping has inspired a wave of creative beverage combinations, as guests seek to enhance classic Starbucks offerings with a refreshing hint of cherry.

One such customization gaining popularity is the 'Iced Mocha with Cherry Cream Cold Foam'—a combination of Starbucks' ""full-bodied espresso, rich mocha sauce, milk, and ice, finished with cherry cream cold foam and a cherry crunch topping."" While not listed as an official menu item, this drink can be recreated by ordering an 'Iced Caffè Mocha,' removing the whipped cream, and adding Cherry Cream Cold Foam along with the 'Cherry Crunch Sweet Topping.'

Additionally, customers can explore further cherry-enhanced variations, such as a 'Vanilla Sweet Cream Cold Brew with Cherry Cream Cold Foam' or a 'Strawberry Acai Lemonade Refresher' (ordered without strawberries and with two scoops of cherry powder). Overall, these personalized creations offer guests an elevated and seasonally inspired beverage experience.

Image Credit: Starbucks Canada",9.5,"Debra John — April 8, 2025 — Art & Design
References: instagram & starbucks",Art & Design,https://www.trendhunter.com/trends/cherry-cream-cold-foam
Sweet Heat Sandwich Sauces,"Consumers' appetite for ""swicy"" food and beverages is at an all-time high and the new Captain Morgan Sliced Sweet vs Heat Variety Pack saves drinkers from having to choose between one flavor experience or the other. This sweet and spicy variety pack shares cocktail-inspired cans like the Chili Lime Margarita Style Beverage, the Jalapeño Paloma Style Beverage, the Blackberry Mojito Style Beverage with notes of tart lime, or Peach on the Beach Style Beverage with a cranberry-flavored finish.

""As the sweet-meets-spicy flavor trend continues to grow, the Sweet vs. Heat Variety Pack brings that dynamic to life in a way that's elevated and convenient,"" said Justin Faiber, Director, Brand Marketing, FMB & RTD Beverages, ""This exciting innovation is about meeting consumers with what they are asking for—delivering bold flavor in a ready-to-enjoy format.""",8.8,"Laura McQuarrie — April 8, 2025 — Lifestyle
References: CaptainMorgan & stocktitan.net",Lifestyle,https://www.trendhunter.com/trends/captain-morgan-sliced-sweet-vs-heat
Sundae-Flavored Chocolate Candies,"The Twister Mallow ice cream stick is a new product from Wall's in the UK that's crafted with taste and texture in the spotlight to work well for consumers seeking out something unexpected. The product starts off with sour raspberry and grape flavored ice creams that are paired with a swirl of creamy marshmallow, which all combine to achieve an impressive taste and texture profile. The treat has a swirled format that's also a treat for the eyes to make it a delightful option for kids and adults alike.

The Twister Mallow ice cream stick is arriving at the perfect time to coincide with the seasonal shift and is expected to to be a hit amongst consumers looking to beat the heat this summer.",8.4,"Michael Hemsworth — April 8, 2025 — Lifestyle
References: wallsicecream & talkingretail",Lifestyle,https://www.trendhunter.com/trends/twister-mallow
Smart Matter-Enabled Door Handles,"The Next Gen Smart Lock introduces several technological advancements aimed at modernizing residential security systems through biometric authentication and automated functionality. This smart lock system distinguishes itself through two primary innovations — an auto-locking deadbolt mechanism that engages immediately upon door closure, and facial recognition capabilities that enable completely keyless entry.

The Next Gen Smart Lock's facial recognition feature utilizes biometric scanning to identify authorized users. This advancement allows hands-free access when approaching with occupied hands, which can be practical for common scenarios like carrying groceries or managing children. The residential security system also includes secondary authentication methods like fingerprint scanning and passcode entry as backup access options to address potential concerns about technology failures or recognition errors. The automatic deadbolt engagement, on the other hand, eliminates a common security vulnerability where residents forget to manually lock their doors.

Image Credit: Next Gen Smart Lock",4.3,"Kalin Ned — April 8, 2025 — Art & Design
References: newswire",Art & Design,https://www.trendhunter.com/trends/residential-security-system
Artisan-Style Sausage Flavors,"Prairie Fresh Ground Pork has been introduced by the brand in a variety of chub-style options that showcase how the protein can be used in recipes without being the focal point of the meal. The products include the Pork Sausage and Ground Pork, which are handcrafted to ensure the utmost attention to high-quality fare. The Pork Sausage comes in Italian, Nashville Hot, Original Recipe and Vermont Style Maple, while the Natural Unseasoned Ground Pork is 85% leaf with 15% fat to give it a versatile and delicious format.

Prairie Fresh Ground Pork products are branded with QR codes on the pack that will lead consumers to exclusive recipes to offer inspiration to at-home chefs. The products are priced at $4.99.",5.7,"Michael Hemsworth — April 8, 2025 — Lifestyle
References: prairiefresh & progressivegrocer",Lifestyle,https://www.trendhunter.com/trends/prairie-fresh-ground-pork
Chic Gemstone Jewelry Collections,"Slate & Tell boasts an excellent gifting opportunity for Mother's Day, special occasions, and other upcoming holidays with its stunning customizable ring designs. The Toi et Moi ring collection features minimalist jewelry silhouettes that can hold up to three birthstones. Consumers can select these gemstones based on preference and symbolism, creating a highly personalized jewelry item for the receiver.

Slate & Tell was founded by third-generation jeweler Cristina Gad and her husband, Isaac Gad. In addition to its Toi et Moi customizable ring designs, the brand also highlights intricate handmade craftsmanship by a team of skilled artisans, as well as ethical production practices — the metals used in Slate & Tell's jewelry are 100% recycled while the gemstones re responsibly sourced and eco-friendly.",9.1,"Kalin Ned — April 8, 2025 — Art & Design
References: slateandtell & slateandtell",Art & Design,https://www.trendhunter.com/trends/customizable-ring
Artisan-Style Sausage Flavors,"Prairie Fresh Ground Pork has been introduced by the brand in a variety of chub-style options that showcase how the protein can be used in recipes without being the focal point of the meal. The products include the Pork Sausage and Ground Pork, which are handcrafted to ensure the utmost attention to high-quality fare. The Pork Sausage comes in Italian, Nashville Hot, Original Recipe and Vermont Style Maple, while the Natural Unseasoned Ground Pork is 85% leaf with 15% fat to give it a versatile and delicious format.

Prairie Fresh Ground Pork products are branded with QR codes on the pack that will lead consumers to exclusive recipes to offer inspiration to at-home chefs. The products are priced at $4.99.",5.7,"Michael Hemsworth — April 8, 2025 — Lifestyle
References: prairiefresh & progressivegrocer",Lifestyle,https://www.trendhunter.com/trends/prairie-fresh-ground-pork
Artisan-Style Sausage Flavors,"Prairie Fresh Ground Pork has been introduced by the brand in a variety of chub-style options that showcase how the protein can be used in recipes without being the focal point of the meal. The products include the Pork Sausage and Ground Pork, which are handcrafted to ensure the utmost attention to high-quality fare. The Pork Sausage comes in Italian, Nashville Hot, Original Recipe and Vermont Style Maple, while the Natural Unseasoned Ground Pork is 85% leaf with 15% fat to give it a versatile and delicious format.

Prairie Fresh Ground Pork products are branded with QR codes on the pack that will lead consumers to exclusive recipes to offer inspiration to at-home chefs. The products are priced at $4.99.",5.7,"Michael Hemsworth — April 8, 2025 — Lifestyle
References: prairiefresh & progressivegrocer",Lifestyle,https://www.trendhunter.com/trends/prairie-fresh-ground-pork
Chic Gemstone Jewelry Collections,"Slate & Tell boasts an excellent gifting opportunity for Mother's Day, special occasions, and other upcoming holidays with its stunning customizable ring designs. The Toi et Moi ring collection features minimalist jewelry silhouettes that can hold up to three birthstones. Consumers can select these gemstones based on preference and symbolism, creating a highly personalized jewelry item for the receiver.

Slate & Tell was founded by third-generation jeweler Cristina Gad and her husband, Isaac Gad. In addition to its Toi et Moi customizable ring designs, the brand also highlights intricate handmade craftsmanship by a team of skilled artisans, as well as ethical production practices — the metals used in Slate & Tell's jewelry are 100% recycled while the gemstones re responsibly sourced and eco-friendly.",9.1,"Kalin Ned — April 8, 2025 — Art & Design
References: slateandtell & slateandtell",Art & Design,https://www.trendhunter.com/trends/customizable-ring
Richly Layered Fragrances,"Windows Down by Henry Rose is a refreshing new addition to the world of genderless fragrances, brought to life by clean beauty visionary Michelle Pfeiffer. This fragrance captures the sunlit, carefree essence of the warmer months with its blend of grapefruit, bergamot, neroli, and Earl Grey tea notes.

""Windows Down was crafted to evoke freedom, brightness, happiness, and the togetherness we all yearn for,"" explains perfumer Celine Barel. ""It’s reminiscent of letting the breeze in and feeling the wind playfully tousle your hair—that's the sensation it brings,"" adds Pfeiffer.

Consistent with all Henry Rose offerings, Windows Down proudly holds EWG Verified™ and Cradle to Cradle Certified™ labels. It is vegan and crafted with transparent ingredients, making it the perfect gift for Mother's Day or any occasion, especially for those who appreciate luxury clean fragrances.",6.8,"Jana Pijak — April 8, 2025 — Fashion
References: sephora",Fashion,https://www.trendhunter.com/trends/windows-down-by-henry-rose
Recreated Pistachio-Filled Bars,"Lindt LINDOR Pistachio Truffles are a sweet, textural treat created by the brand as a familiar yet elevated chocolate product perfect for satisfying demand for international taste experiences.

The product features the brand's signature spherical truffle format, which is crafted chocolate and pistachios for a Dubai chocolate-inspired taste and texture experience. The product is arriving at grocers across the UK for £7.50 and is expected to be a hit amongst shoppers this spring. The brand is also launching the Lindt LINDOR Pistachio Easter Egg exclusively at Tesco for £13 as the perfect gift for avid fans of the viral chocolate trend.

Lindt LINDOR Pistachio Truffles and the Lindt LINDOR Pistachio Easter Egg are also being retailed via the brand's website and at Lindt stores.",9.3,"Michael Hemsworth — April 8, 2025 — Lifestyle
References: lindt & retailtimes",Lifestyle,https://www.trendhunter.com/trends/lindt-lindor-pistachio-truffles
Modular Self-Flying Drones,"ePropelled has entered the growing micro-small drone market with its Sparrow Series propulsion systems,, which are made in the USA. The new line features lightweight motors ranging from 380W to 960W power outputs. The innovation is designed to address multiple UAV applications like commercial photography and industrial inspections.

ePropelled's micro-small drone propulsion units are distinguished by their integrated motor-controller design, which eliminates the need for customers to source components separately while promising enhanced thrust efficiency and extended flight durations.

ePropelled's Sparrow Series propulsion systems are available through both ePropelled's website and the Amazon marketplace, which ensures convenience for consumers. The US manufacturing origin, on the other hand, ensures compliance with evolving regulatory requirements for government and commercial operators.

Image Credit: ePropelled",7.2,"Kalin Ned — April 8, 2025 — Tech
References: epropelled & accessnewswire",Tech,https://www.trendhunter.com/trends/microsmall-drone
Decadent RTD Espresso Martinis,"Drinking caffeinated beverages leaves some people feeling jittery, anxious and depleted of energy, and Unconform offers a different experience with plant-based canned brews that pair coffee with nootropics. The oat-based beverages are available in varieties like Flat White with ashwagandha, ginkgo bilboa and Vitamin B12; Salted Caramel Latte with turmeric, ginger and inulin; and Mocha with cacao, Vitamin B3 and biotin.

These alternatives to mass-market energy drinks and sugar-laden iced coffees speak to younger coffee drinkers with smooth, flavorful recipes and functional benefits. While Flat White supports focus and concentration, Salted Caramel Latte bolsters gut health, and Mocha helps to support healthier, stronger hair, nails, and skin.

These supercharged cold brews made with oat milk are better-for-you options to reach for to provide a beneficial boost without conventional drawbacks.",8,"Laura McQuarrie — April 8, 2025 — Lifestyle
References: impact-coffee & fabnews.live",Lifestyle,https://www.trendhunter.com/trends/unconform
Modular Countertop Grills,"Ninja x David Beckham unveiled their latest collaboration on Sunday, April 6, 2025, with a high-profile outdoor cooking showcase at an Inter Miami CF tailgate event held at Chase Stadium in Miami. The event introduced fans to the 'Ninja FlexFlame,' a newly launched 5-in-1 outdoor cooking system, through an engaging pre-match culinary experience.

Supporters of Inter Miami CF, known as 'La Familia,' participated in live demonstrations that highlighted the FlexFlame’s multifunctionality—including ""grilling, smoking, roasting, griddling, and pizza-making."" Guests enjoyed curated dishes prepared using the system, reinforcing its versatility and restaurant-quality performance.

David Beckham, Inter Miami CF co-owner and Ninja’s global brand ambassador, made a special appearance to personally spotlight the FlexFlame launch. Combining his passion for food and football, Beckham's presence underscored the significance of this collaboration and marked his first in-person activation with Ninja, celebrating the innovation behind the all-in-one cooking solution.

Image Credit: Shark Ninja",6.6,"Debra John — April 8, 2025 — Marketing
References: ninjakitchen & businesswire",Marketing,https://www.trendhunter.com/trends/ninja-x-david-beckham
Modular Countertop Grills,"Ninja x David Beckham unveiled their latest collaboration on Sunday, April 6, 2025, with a high-profile outdoor cooking showcase at an Inter Miami CF tailgate event held at Chase Stadium in Miami. The event introduced fans to the 'Ninja FlexFlame,' a newly launched 5-in-1 outdoor cooking system, through an engaging pre-match culinary experience.

Supporters of Inter Miami CF, known as 'La Familia,' participated in live demonstrations that highlighted the FlexFlame’s multifunctionality—including ""grilling, smoking, roasting, griddling, and pizza-making."" Guests enjoyed curated dishes prepared using the system, reinforcing its versatility and restaurant-quality performance.

David Beckham, Inter Miami CF co-owner and Ninja’s global brand ambassador, made a special appearance to personally spotlight the FlexFlame launch. Combining his passion for food and football, Beckham's presence underscored the significance of this collaboration and marked his first in-person activation with Ninja, celebrating the innovation behind the all-in-one cooking solution.

Image Credit: Shark Ninja",6.6,"Debra John — April 8, 2025 — Marketing
References: ninjakitchen & businesswire",Marketing,https://www.trendhunter.com/trends/ninja-x-david-beckham
Digital Time Capsules,"FileLu has introduced a comprehensive suite of cloud storage solutions designed to meet the evolving needs of both individual users and enterprise clients in today's data-driven environment. The platform distinguishes itself through a combination of versatile file management tools, robust security measures, and flexible pricing models that include a limited-time 50% discount on lifetime plans.

The technical capabilities of FileLu's cloud storage solutions now encompass multiple upload methods ranging from traditional browser-based transfers to advanced protocols like FTP/FTPS and WebDAV. These are complemented by real-time synchronization through FileLuSync. Storage capacity options scale from 1 TB to 500 TB, which allows FileLu to accommodate everything from personal media collections to large-scale business archives. The brand also ensures cross-platform accessibility for seamless operation across desktop and mobile environments.

As digital storage demands continue growing exponentially across all sectors, FileLu's emphasis on both capacity and security is sure to draw clients in.

Image Credit: FileLu",8.4,"Kalin Ned — April 8, 2025 — Business
References: ca.finance.yahoo",Business,https://www.trendhunter.com/trends/cloud-storage-solutions
Modular Countertop Grills,"Ninja x David Beckham unveiled their latest collaboration on Sunday, April 6, 2025, with a high-profile outdoor cooking showcase at an Inter Miami CF tailgate event held at Chase Stadium in Miami. The event introduced fans to the 'Ninja FlexFlame,' a newly launched 5-in-1 outdoor cooking system, through an engaging pre-match culinary experience.

Supporters of Inter Miami CF, known as 'La Familia,' participated in live demonstrations that highlighted the FlexFlame’s multifunctionality—including ""grilling, smoking, roasting, griddling, and pizza-making."" Guests enjoyed curated dishes prepared using the system, reinforcing its versatility and restaurant-quality performance.

David Beckham, Inter Miami CF co-owner and Ninja’s global brand ambassador, made a special appearance to personally spotlight the FlexFlame launch. Combining his passion for food and football, Beckham's presence underscored the significance of this collaboration and marked his first in-person activation with Ninja, celebrating the innovation behind the all-in-one cooking solution.

Image Credit: Shark Ninja",6.6,"Debra John — April 8, 2025 — Marketing
References: ninjakitchen & businesswire",Marketing,https://www.trendhunter.com/trends/ninja-x-david-beckham
Digital Time Capsules,"FileLu has introduced a comprehensive suite of cloud storage solutions designed to meet the evolving needs of both individual users and enterprise clients in today's data-driven environment. The platform distinguishes itself through a combination of versatile file management tools, robust security measures, and flexible pricing models that include a limited-time 50% discount on lifetime plans.

The technical capabilities of FileLu's cloud storage solutions now encompass multiple upload methods ranging from traditional browser-based transfers to advanced protocols like FTP/FTPS and WebDAV. These are complemented by real-time synchronization through FileLuSync. Storage capacity options scale from 1 TB to 500 TB, which allows FileLu to accommodate everything from personal media collections to large-scale business archives. The brand also ensures cross-platform accessibility for seamless operation across desktop and mobile environments.

As digital storage demands continue growing exponentially across all sectors, FileLu's emphasis on both capacity and security is sure to draw clients in.

Image Credit: FileLu",8.4,"Kalin Ned — April 8, 2025 — Business
References: ca.finance.yahoo",Business,https://www.trendhunter.com/trends/cloud-storage-solutions
Digital Time Capsules,"FileLu has introduced a comprehensive suite of cloud storage solutions designed to meet the evolving needs of both individual users and enterprise clients in today's data-driven environment. The platform distinguishes itself through a combination of versatile file management tools, robust security measures, and flexible pricing models that include a limited-time 50% discount on lifetime plans.

The technical capabilities of FileLu's cloud storage solutions now encompass multiple upload methods ranging from traditional browser-based transfers to advanced protocols like FTP/FTPS and WebDAV. These are complemented by real-time synchronization through FileLuSync. Storage capacity options scale from 1 TB to 500 TB, which allows FileLu to accommodate everything from personal media collections to large-scale business archives. The brand also ensures cross-platform accessibility for seamless operation across desktop and mobile environments.

As digital storage demands continue growing exponentially across all sectors, FileLu's emphasis on both capacity and security is sure to draw clients in.

Image Credit: FileLu",8.4,"Kalin Ned — April 8, 2025 — Business
References: ca.finance.yahoo",Business,https://www.trendhunter.com/trends/cloud-storage-solutions
Instant Recipe Generation Tools,"Mattson Executive Chef Morgan has been launched by the brand as an artificial intelligence (AI) persona who will lead the Chef Insights Team and provide a range solutions for clients.

The brand's Chef Insights AI model includes Chef Morgan, but boasts a total of 40 chef personas in all that each bring different kinds of expertise to the table. This includes chefs with foodservice industry experience, QSR expertise, fast-casual knowledge, casual dining and much more. Clients can leverage the AI expertise when it comes to gaining global culinary insights, concept development for menus within foodservice, product naming and more.

Mattson Executive Chef Morgan and the Chef Insights AI platform are expected to help transition clients into the next era by leveraging a wide range of knowledge across a breadth of categories within the industry.",7.7,"Michael Hemsworth — April 8, 2025 — Tech
References: mattsonco & preparedfoods",Tech,https://www.trendhunter.com/trends/mattson-executive-chef-morgan
Instant Recipe Generation Tools,"Mattson Executive Chef Morgan has been launched by the brand as an artificial intelligence (AI) persona who will lead the Chef Insights Team and provide a range solutions for clients.

The brand's Chef Insights AI model includes Chef Morgan, but boasts a total of 40 chef personas in all that each bring different kinds of expertise to the table. This includes chefs with foodservice industry experience, QSR expertise, fast-casual knowledge, casual dining and much more. Clients can leverage the AI expertise when it comes to gaining global culinary insights, concept development for menus within foodservice, product naming and more.

Mattson Executive Chef Morgan and the Chef Insights AI platform are expected to help transition clients into the next era by leveraging a wide range of knowledge across a breadth of categories within the industry.",7.7,"Michael Hemsworth — April 8, 2025 — Tech
References: mattsonco & preparedfoods",Tech,https://www.trendhunter.com/trends/mattson-executive-chef-morgan
Easter Hunt-Themed Baking Kits,"The price of eggs in the US is expected to have an impact on decorating activities this Easter, so the Jet-Puffed Dip & Decorate Marshmallows kit has been created as a clever alternative for consumers to pick up this spring.

The kit comes with six types of rainbow food colorings and comes with fine-point decorating pens as well as drizzles to encourage consumers to create customized designs. The kit comes with a 24-ounce bag of Jet-Puffed Jumbo Extra Large Marshmallows to use in place of eggs and is priced at just $1.99, which is a cost-effective alternative given the elevated price of eggs as of late.

The Jet-Puffed Dip & Decorate Marshmallows kit is being offered at Walmart while supplies last.

Image Credit: Jet-Puffed",9.9,"Michael Hemsworth — April 8, 2025 — Lifestyle
References: kraftheinz & snackandbakery",Lifestyle,https://www.trendhunter.com/trends/jetpuffed-dip-decorate-marshmallows
Soup Giveaway Campaigns,"Heinz's Post-Post Credits debuted as the world's first ad that gets interrupted by a movie, offering a different experience to skippable ads that viewers willfully ignore to get to the real content they're after.

For a limited time, the ad is playing during showings of A Working Man, Mickey 17, and The Amateur at Dubai Mall Reel Cinemas. While the first half of the ad is shown before the movie, the real reward comes after the credits roll. Movie-goers who are patient enough to stay until the very end get to unlock limited-edition Heinz merchandise and exclusive discount deals.

Post-credit scenes naturally reward fans who are willing to wait until after the credits roll, and this experience likens them to the slow-to-pour, thick, and rich qualities of Heinz ketchup.",8.5,"Laura McQuarrie — April 8, 2025 — Marketing
References: prnewswire",Marketing,https://www.trendhunter.com/trends/heinzs-postpost-credits
Skincare Microbiome Workshops,"Beauty consumers know countless multi-sticks on the market can be used to add a colorful flush to the cheeks and lips, and BiomeBlush by BiotechBeauty stands out for its science-backed, functional makeup formula.

Microbiome-friendly formulations are on the rise because they promote healthier skin, balance natural flora, and reduce irritation or sensitivity, and this one shares the benefits of prebiotics, postbiotics, and polypeptides. BiomeBlush is a multi-use, hydrating beauty stick with other notable ingredients like vegan-friendly biomimetic jellyfish-inspired collagen, ceramides, and fermentation-derived squalane.

BiomeBlush—clinically proven to strengthen the skin barrier and support microbiome diversity in 14 days, and increase skin clarity in 28 days—is available in dewy shades like Peony Proton, Bunsen Burnt, and Magnetic Mauve.",7.2,"Laura McQuarrie — April 8, 2025 — Fashion
References: biotechbeautyus & beautypackaging",Fashion,https://www.trendhunter.com/trends/biomeblush
Solar-Ready Home Energy Systems,"Following its recent launches in Germany, Austria, and Switzerland, Enphase Energy has now introduced its advanced energy storage solution — IQ Battery 5P with FlexPhase technology — in Luxembourg. The brand is mindful to address the technical requirements of the city's residential energy infrastructure, where three-phase power configurations dominate household electrical systems.

The modular design of the IQ Battery 5P with FlexPhase technology allows for scalable capacity from five kWh to 70 kWh. This provides homeowners with customizable solutions that can be tailored to individual consumption patterns and backup power needs. A notable technical feature is the advanced energy storage solution's ability to deliver short-term power surges — up to twice its continuous output for three seconds — to enable the startup of high-demand appliances during grid outages when paired with the company's System Controller 3 INT.

Image Credit: Shutterstock, Enphase Energy",6.2,"Kalin Ned — April 8, 2025 — World
References: jedsenergy & globenewswire",World,https://www.trendhunter.com/trends/advanced-energy-storage-solution
Solar-Ready Home Energy Systems,"Following its recent launches in Germany, Austria, and Switzerland, Enphase Energy has now introduced its advanced energy storage solution — IQ Battery 5P with FlexPhase technology — in Luxembourg. The brand is mindful to address the technical requirements of the city's residential energy infrastructure, where three-phase power configurations dominate household electrical systems.

The modular design of the IQ Battery 5P with FlexPhase technology allows for scalable capacity from five kWh to 70 kWh. This provides homeowners with customizable solutions that can be tailored to individual consumption patterns and backup power needs. A notable technical feature is the advanced energy storage solution's ability to deliver short-term power surges — up to twice its continuous output for three seconds — to enable the startup of high-demand appliances during grid outages when paired with the company's System Controller 3 INT.

Image Credit: Shutterstock, Enphase Energy",6.2,"Kalin Ned — April 8, 2025 — World
References: jedsenergy & globenewswire",World,https://www.trendhunter.com/trends/advanced-energy-storage-solution
Nutty Viral Chocolate-Inspired Spreads,"Auntie Anne's and Cinnabon are partnering with the OREO® brand to unveil the new OREO® Topped Nuggets and OREO® Topped Bon. The first of the two offerings is a batch of freshly baked pretzel nuggets, cookies n creme sauce, and curhsed OREO cookie pieces. Arriving sooner rather than later, consumers can indulge in this sweet treat starting April 7.

Also launching as a part of this irresistible collaboration is the OREO® Topped Bon, a new take on the classic Cinnabon dessert with the added flavors of the OREO® cookies. For this treat, Cinnabon has topped its cinnamon rolls with OREO® cookie crumbles and rich chocolate sauce. This new menu option will debut on May 19.

Interested consumers can visit the brand's websites to learn more about when these sweet treats arrive in stores.

Image Credit: OREO®, Auntie Anne's, Cinnabon",6.6,"Kanesa D — April 8, 2025 — Lifestyle
References: cinnabon & auntieannes",Lifestyle,https://www.trendhunter.com/trends/auntie-annes-and-cinnabon
Nutty Viral Chocolate-Inspired Spreads,"Auntie Anne's and Cinnabon are partnering with the OREO® brand to unveil the new OREO® Topped Nuggets and OREO® Topped Bon. The first of the two offerings is a batch of freshly baked pretzel nuggets, cookies n creme sauce, and curhsed OREO cookie pieces. Arriving sooner rather than later, consumers can indulge in this sweet treat starting April 7.

Also launching as a part of this irresistible collaboration is the OREO® Topped Bon, a new take on the classic Cinnabon dessert with the added flavors of the OREO® cookies. For this treat, Cinnabon has topped its cinnamon rolls with OREO® cookie crumbles and rich chocolate sauce. This new menu option will debut on May 19.

Interested consumers can visit the brand's websites to learn more about when these sweet treats arrive in stores.

Image Credit: OREO®, Auntie Anne's, Cinnabon",6.6,"Kanesa D — April 8, 2025 — Lifestyle
References: cinnabon & auntieannes",Lifestyle,https://www.trendhunter.com/trends/auntie-annes-and-cinnabon
Skincare Microbiome Workshops,"Beauty consumers know countless multi-sticks on the market can be used to add a colorful flush to the cheeks and lips, and BiomeBlush by BiotechBeauty stands out for its science-backed, functional makeup formula.

Microbiome-friendly formulations are on the rise because they promote healthier skin, balance natural flora, and reduce irritation or sensitivity, and this one shares the benefits of prebiotics, postbiotics, and polypeptides. BiomeBlush is a multi-use, hydrating beauty stick with other notable ingredients like vegan-friendly biomimetic jellyfish-inspired collagen, ceramides, and fermentation-derived squalane.

BiomeBlush—clinically proven to strengthen the skin barrier and support microbiome diversity in 14 days, and increase skin clarity in 28 days—is available in dewy shades like Peony Proton, Bunsen Burnt, and Magnetic Mauve.",7.2,"Laura McQuarrie — April 8, 2025 — Fashion
References: biotechbeautyus & beautypackaging",Fashion,https://www.trendhunter.com/trends/biomeblush
Solar-Ready Home Energy Systems,"Following its recent launches in Germany, Austria, and Switzerland, Enphase Energy has now introduced its advanced energy storage solution — IQ Battery 5P with FlexPhase technology — in Luxembourg. The brand is mindful to address the technical requirements of the city's residential energy infrastructure, where three-phase power configurations dominate household electrical systems.

The modular design of the IQ Battery 5P with FlexPhase technology allows for scalable capacity from five kWh to 70 kWh. This provides homeowners with customizable solutions that can be tailored to individual consumption patterns and backup power needs. A notable technical feature is the advanced energy storage solution's ability to deliver short-term power surges — up to twice its continuous output for three seconds — to enable the startup of high-demand appliances during grid outages when paired with the company's System Controller 3 INT.

Image Credit: Shutterstock, Enphase Energy",6.2,"Kalin Ned — April 8, 2025 — World
References: jedsenergy & globenewswire",World,https://www.trendhunter.com/trends/advanced-energy-storage-solution
Nature-Based Food Colorants,"The Sensient Marine Blue Capri food coloring has been announced by the brand as an alternative to FD&C Blue 1 food coloring that's suitable for a wide range of applications. The food coloring responds to the needs of manufacturers who are looking to transition to clean label alternatives in the face of a changing industry and consumer demand. The coloring is reported to be spirulina-based and suitable for a wide range of drinks that have acidic profiles like ready-to-drink (RTD) varieties such as juices, soft drinks, flavored waters and more.

Th Sensient Marine Blue Capri food coloring is reported as a great option for drink flavors like blue raspberry, blueberry, mint, green apple, kiwi and more thanks to its ability to be paired with yellows and reds for different colors.",6,"Michael Hemsworth — April 8, 2025 — Lifestyle
References: sensient & foodbev",Lifestyle,https://www.trendhunter.com/trends/sensient-marine-blue-capri
Safety-Boosting Senior Beds,"'Opera Beds' is leading the charge toward accessible, independent living with innovative solutions that support aging in place because staying in the home you love shouldn’t mean sacrificing safety or comfort. While only 10% of U.S. homes are suitable for long-term accessibility, nearly 80% of adults over 50 prefer to age at home. Opera Beds is helping to close that gap.

Collaborating with real estate and interior design experts, Opera Beds highlights smart modifications like open-plan, step-free living, non-slip flooring, and widened doorways for easy mobility. But the heart of their recommendations lies in the bedroom, offering adjustable hospital-style beds with a homey aesthetic, rotating chair beds, and height-adaptable furniture to make everyday tasks effortless.

These upgrades not only support health and independence but also boost property value. Features like curbless showers and adaptive layouts offer a strong ROI and broaden a home's appeal in retirement-focused markets.

Image Credit: Opera Beds",7.7,"Georgia Wray Norsten — April 8, 2025 — Lifestyle
References: operabeds",Lifestyle,https://www.trendhunter.com/trends/opera-beds
Safety-Boosting Senior Beds,"'Opera Beds' is leading the charge toward accessible, independent living with innovative solutions that support aging in place because staying in the home you love shouldn’t mean sacrificing safety or comfort. While only 10% of U.S. homes are suitable for long-term accessibility, nearly 80% of adults over 50 prefer to age at home. Opera Beds is helping to close that gap.

Collaborating with real estate and interior design experts, Opera Beds highlights smart modifications like open-plan, step-free living, non-slip flooring, and widened doorways for easy mobility. But the heart of their recommendations lies in the bedroom, offering adjustable hospital-style beds with a homey aesthetic, rotating chair beds, and height-adaptable furniture to make everyday tasks effortless.

These upgrades not only support health and independence but also boost property value. Features like curbless showers and adaptive layouts offer a strong ROI and broaden a home's appeal in retirement-focused markets.

Image Credit: Opera Beds",7.7,"Georgia Wray Norsten — April 8, 2025 — Lifestyle
References: operabeds",Lifestyle,https://www.trendhunter.com/trends/opera-beds
Breakthrough Surgical Technology,"OrthoPediatrics Corp. marks a significant advancement in treatment options for Early Onset Scoliosis patients under the age of 10 with the VerteGlide™ Spinal Growth Guidance System. This innovative medical device represents the company's 80th pediatric orthopedic solution and addresses critical limitations in current Early Onset Scoliosis treatments. It was developed in collaboration with leading pediatric spine surgeons including Dr. Richard McCarthy and Dr. Scott Luhmann. According to the brand, its product can potentially reduce the frequency of invasive surgical interventions required during a child's skeletal development.

The design of the VerteGlide™ Spinal Growth Guidance System focuses on gradual deformity correction while accommodating natural growth patterns. This is a crucial consideration for young patients whose bodies continue developing post-treatment. The technology builds upon licensed Shilla™ platform elements.

Image Credit: OrthoPediatrics Corp.",4.3,"Kalin Ned — April 8, 2025 — Lifestyle
References: globenewswire",Lifestyle,https://www.trendhunter.com/trends/spinal-growth
Specialized Electric Two-Wheeler Ecosystems,"Allegro MicroSystems has introduced three new semiconductor solutions to target critical needs in electric mobility and industrial automation systems. These innovations reflect the company's strategic focus on high-growth sectors requiring advanced power management and motion control technologies.

Allegro MicroSystems' new semiconductor solutions include two precision current sensors (ACS37035 and ACS37630) and an automotive-grade fan driver IC (A89347). Each innovation is engineered to address specific technical challenges in next-generation applications. The ACS37035 sensor, for example, distinguishes itself with an exceptional 1MHz bandwidth and sub-microsecond response time. This would enable real-time current monitoring in high-speed motor control systems. The ACS37630's vertical Hall effect architecture, on the other hand, provides a streamlined solution for electric vehicle traction inverters by eliminating traditional C-core magnet requirements. Finally, the A89347 fan driver incorporates sophisticated sinusoidal control algorithms to optimize cooling system efficiency in electric vehicle battery and cabin thermal management applications.

Image Credit: Allegro MicroSystems",7.4,"Kalin Ned — April 8, 2025 — Autos
References: allegromicro & globenewswire",Autos,https://www.trendhunter.com/trends/semiconductor-solutions
Companion Care Robots,"The 'Hyodol Doll' is set to revolutionize elder care in the U.S. as it makes its FDA-approved debut in 2025. Developed in South Korea, this AI-powered care companion is designed to support solo-living seniors with emotional connection, routine assistance, and emergency response -- all wrapped in the friendly form of a childlike doll.

More than a novelty, Hyodol uses motion detection, touch sensors, and real-time data to provide deeply personalized care. It engages users in natural, free-flowing conversation through advanced AI and offers medication reminders, meal prompts, and interactive cognitive activities like quizzes and songs. In emergencies, it can immediately alert a 24/7 healthcare center and integrate with in-home smart devices.

Healthcare providers can track well-being via an intuitive mobile and web platform, making Hyodol not just a companion, but a vital link between seniors and their care teams. With loneliness and cognitive decline on the rise, the Hyodol Doll offers a heartwarming, high-tech solution designed to meet aging with dignity and connection.

Image Credit: Hyodol",8.2,"Georgia Wray Norsten — April 8, 2025 — Tech
References: mobihealthnews",Tech,https://www.trendhunter.com/trends/hyodol-doll
Modern Health-Conscious Product Deevlopment,"Mira's introduction of the Hormone Innovators Awards 2025 represents a strategic effort to address systemic gaps in women's health research and commercialization. The initiative arrives at a critical juncture as it coincides with the 120th anniversary of hormonal discovery while highlighting persistent underfunding in women's health. Such ventures received only 2.3% of healthcare investment capital last year.

The Hormone Innovators Awards 2025 program's structure offers multiple avenues for engagement across five thoughtfully designed categories — from technological breakthroughs to impactful partnerships. What makes this initiative particularly compelling is its comprehensive value proposition for participants. Beyond traditional award prestige, winners gain tangible career-advancing benefits, including media exposure in industry publications, speaking opportunities at Mira's San Francisco event, and access to an exclusive network of investors and experts.

Through establishing the Hormone Innovators Awards 2025 during Mira's annual Sex Hormones Awareness Week, the brand leverages its industry position to both celebrate progress and stimulate further innovation in a field that directly impacts half the population yet remains disproportionately overlooked.

Image Credit: Mira",7.3,"Kalin Ned — April 8, 2025 — Social Good
References: shop.miracare & insider.fitt.co",Social Good,https://www.trendhunter.com/trends/hormone-innovators-awards-2025
Modern Health-Conscious Product Deevlopment,"Mira's introduction of the Hormone Innovators Awards 2025 represents a strategic effort to address systemic gaps in women's health research and commercialization. The initiative arrives at a critical juncture as it coincides with the 120th anniversary of hormonal discovery while highlighting persistent underfunding in women's health. Such ventures received only 2.3% of healthcare investment capital last year.

The Hormone Innovators Awards 2025 program's structure offers multiple avenues for engagement across five thoughtfully designed categories — from technological breakthroughs to impactful partnerships. What makes this initiative particularly compelling is its comprehensive value proposition for participants. Beyond traditional award prestige, winners gain tangible career-advancing benefits, including media exposure in industry publications, speaking opportunities at Mira's San Francisco event, and access to an exclusive network of investors and experts.

Through establishing the Hormone Innovators Awards 2025 during Mira's annual Sex Hormones Awareness Week, the brand leverages its industry position to both celebrate progress and stimulate further innovation in a field that directly impacts half the population yet remains disproportionately overlooked.

Image Credit: Mira",7.3,"Kalin Ned — April 8, 2025 — Social Good
References: shop.miracare & insider.fitt.co",Social Good,https://www.trendhunter.com/trends/hormone-innovators-awards-2025
QSR Lava Cake Lattes,"Bones Coffee Company continues its expansion into the ready-to-drink latte market with two new bold and dessert-inspired flavors — Salty Siren and Cookies N' Dreams. These two options are launched for a limited time and exclusively through Walmart. Available through June 2025, the ready-to-drink lattes strategically target impulse buyers and fans seeking new flavor experiences.

Bones Coffee Company's Salty Siren ready-to-drink latte combines caramel and mocha with sea salt for a sophisticated sweet-savory profile, while Cookies N' Dreams replicates the nostalgic taste of chocolate sandwich cookies with vanilla ice cream. Both options are designed to appeal to consumers who view coffee as an indulgent treat rather than just a caffeine source. The formulations are also keto-friendly.

The launch demonstrates Bones Coffee's effective strategy of translating its cult-favorite ground coffee flavors into convenient formats while maintaining its edgy brand identity.

Image Credit: Bones Coffee Company",8.9,"Kalin Ned — April 8, 2025 — Business
References: bevnet",Business,https://www.trendhunter.com/trends/readytodrink-latte
Haute Health-Minded Smartwatches,"The 'Fitvii Health Watch' is a full-spectrum health companion built for those who want real insight, not just step counts. With advanced sensors and a sleek new design, the 2024 Care Air 2 smartwatch packs an impressive lineup of health features into one lightweight device.

The Fitvii Health Watch monitors everything from blood pressure and heart rate variability to blood glucose trends and uric acid levels, making it ideal for users managing chronic health conditions or simply optimizing their daily wellness. It also tracks sleep stages and respiration rate and offers EKG readings accessible through a user-friendly app.

Added voice reminders keep you on track with daily goals and medication alerts, while the sleek display makes checking your stats feel intuitive, not intimidating. With its long battery life and multi-functional design, the Fitvii Health Watch bridges the gap between style and substance.

Image Credit: Fitvii",8.3,"Georgia Wray Norsten — April 8, 2025 — Lifestyle
References: fitvii",Lifestyle,https://www.trendhunter.com/trends/fitvii-health-watch
Bottled-in-Bond bourbon releases,"West Fork Whiskey Co. has introduced a significant addition to its portfolio with the Old Hamer 10-Year Bourbon. The Indiana-distilled spirit stands out for its unconventional 99% corn mash bill. This composition figures as a deliberate nod to pre-Prohibition Hoosier whiskey traditions and results in a distinctly sweet flavor profile that differentiates it from mainstream bourbons.

The extended aging process provides depth and smoothness typically sought after in premium bourbons, while the high corn content creates a uniquely sweet foundation uncommon in contemporary offerings. Bottled at 100 proof after a decade in new charred American oak, West Fork Whiskey Co.'s Old Hamer 10-Year Bourbon offers layered tasting notes ranging from initial bubble gum and caramel aromas to developing flavors of vanilla, mint, and toasted oak.

Image Credit: West Fork Whiskey Co.",5.3,"Kalin Ned — April 8, 2025 — Lifestyle
References: westforkwhiskey & bevnet",Lifestyle,https://www.trendhunter.com/trends/10year-bourbon
Haute Health-Minded Smartwatches,"The 'Fitvii Health Watch' is a full-spectrum health companion built for those who want real insight, not just step counts. With advanced sensors and a sleek new design, the 2024 Care Air 2 smartwatch packs an impressive lineup of health features into one lightweight device.

The Fitvii Health Watch monitors everything from blood pressure and heart rate variability to blood glucose trends and uric acid levels, making it ideal for users managing chronic health conditions or simply optimizing their daily wellness. It also tracks sleep stages and respiration rate and offers EKG readings accessible through a user-friendly app.

Added voice reminders keep you on track with daily goals and medication alerts, while the sleek display makes checking your stats feel intuitive, not intimidating. With its long battery life and multi-functional design, the Fitvii Health Watch bridges the gap between style and substance.

Image Credit: Fitvii",8.3,"Georgia Wray Norsten — April 8, 2025 — Lifestyle
References: fitvii",Lifestyle,https://www.trendhunter.com/trends/fitvii-health-watch
Bottled-in-Bond bourbon releases,"West Fork Whiskey Co. has introduced a significant addition to its portfolio with the Old Hamer 10-Year Bourbon. The Indiana-distilled spirit stands out for its unconventional 99% corn mash bill. This composition figures as a deliberate nod to pre-Prohibition Hoosier whiskey traditions and results in a distinctly sweet flavor profile that differentiates it from mainstream bourbons.

The extended aging process provides depth and smoothness typically sought after in premium bourbons, while the high corn content creates a uniquely sweet foundation uncommon in contemporary offerings. Bottled at 100 proof after a decade in new charred American oak, West Fork Whiskey Co.'s Old Hamer 10-Year Bourbon offers layered tasting notes ranging from initial bubble gum and caramel aromas to developing flavors of vanilla, mint, and toasted oak.

Image Credit: West Fork Whiskey Co.",5.3,"Kalin Ned — April 8, 2025 — Lifestyle
References: westforkwhiskey & bevnet",Lifestyle,https://www.trendhunter.com/trends/10year-bourbon
Bottled-in-Bond bourbon releases,"West Fork Whiskey Co. has introduced a significant addition to its portfolio with the Old Hamer 10-Year Bourbon. The Indiana-distilled spirit stands out for its unconventional 99% corn mash bill. This composition figures as a deliberate nod to pre-Prohibition Hoosier whiskey traditions and results in a distinctly sweet flavor profile that differentiates it from mainstream bourbons.

The extended aging process provides depth and smoothness typically sought after in premium bourbons, while the high corn content creates a uniquely sweet foundation uncommon in contemporary offerings. Bottled at 100 proof after a decade in new charred American oak, West Fork Whiskey Co.'s Old Hamer 10-Year Bourbon offers layered tasting notes ranging from initial bubble gum and caramel aromas to developing flavors of vanilla, mint, and toasted oak.

Image Credit: West Fork Whiskey Co.",5.3,"Kalin Ned — April 8, 2025 — Lifestyle
References: westforkwhiskey & bevnet",Lifestyle,https://www.trendhunter.com/trends/10year-bourbon
QSR Lava Cake Lattes,"Bones Coffee Company continues its expansion into the ready-to-drink latte market with two new bold and dessert-inspired flavors — Salty Siren and Cookies N' Dreams. These two options are launched for a limited time and exclusively through Walmart. Available through June 2025, the ready-to-drink lattes strategically target impulse buyers and fans seeking new flavor experiences.

Bones Coffee Company's Salty Siren ready-to-drink latte combines caramel and mocha with sea salt for a sophisticated sweet-savory profile, while Cookies N' Dreams replicates the nostalgic taste of chocolate sandwich cookies with vanilla ice cream. Both options are designed to appeal to consumers who view coffee as an indulgent treat rather than just a caffeine source. The formulations are also keto-friendly.

The launch demonstrates Bones Coffee's effective strategy of translating its cult-favorite ground coffee flavors into convenient formats while maintaining its edgy brand identity.

Image Credit: Bones Coffee Company",8.9,"Kalin Ned — April 8, 2025 — Business
References: bevnet",Business,https://www.trendhunter.com/trends/readytodrink-latte
QSR Lava Cake Lattes,"Bones Coffee Company continues its expansion into the ready-to-drink latte market with two new bold and dessert-inspired flavors — Salty Siren and Cookies N' Dreams. These two options are launched for a limited time and exclusively through Walmart. Available through June 2025, the ready-to-drink lattes strategically target impulse buyers and fans seeking new flavor experiences.

Bones Coffee Company's Salty Siren ready-to-drink latte combines caramel and mocha with sea salt for a sophisticated sweet-savory profile, while Cookies N' Dreams replicates the nostalgic taste of chocolate sandwich cookies with vanilla ice cream. Both options are designed to appeal to consumers who view coffee as an indulgent treat rather than just a caffeine source. The formulations are also keto-friendly.

The launch demonstrates Bones Coffee's effective strategy of translating its cult-favorite ground coffee flavors into convenient formats while maintaining its edgy brand identity.

Image Credit: Bones Coffee Company",8.9,"Kalin Ned — April 8, 2025 — Business
References: bevnet",Business,https://www.trendhunter.com/trends/readytodrink-latte
Fruitful Matcha Powders,"Littlefoot Matcha enters the competitive specialty tea market with a focused offering of premium ceremonial-grade organic matcha that has been sourced directly from Japanese farms. The brand aims to distinguish itself from competitors on the market through rigorous quality standards and educational outreach. It does so by striving to avoid pain points in the U.S. matcha market, such as inconsistent quality and misleading labeling. Instead, the Littlefoot Matcha provides traceable, unadulterated product from trusted Japanese producers.

Littlefoot Matcha's ceremonial-grade organic matcha promises a balanced, umami-rich flavor profile that is suitable for both traditional tea ceremonies and contemporary preparations like lattes. More importantly, Littlefoot Matcha recognizes that many American consumers have only encountered low-quality or improperly prepared matcha, leading to misconceptions about its taste. The brand's commitment to teaching proper preparation techniques through digital content could help overcome this barrier.

Image Credit: Littlefoot Matcha",9.1,"Kalin Ned — April 8, 2025 — Marketing
References: littlefootmatcha & bevnet",Marketing,https://www.trendhunter.com/trends/ceremonialgrade-organic-matcha
Accessible Holiday Meal Deals,"Kroger is positioning itself as a budget-friendly option for the holiday celebrations with specially curated and affordable Easter meals at under six dollars per person. The grocery chain's offering includes all traditional components of an Easter dinner — from spiral ham, macaroni and cheese, salad, and vegetables to potatoes, corn, dinner rolls, and fruit pies.

Kroger relied on its private label products to maintain affordability. This strategic pricing comes at a time when many consumers are seeking ways to celebrate holidays without overspending, making Kroger's value proposition particularly appealing to families watching their food budgets.

Beyond the affordable Easter meal option, Kroger is providing additional resources to enhance customers' holiday experiences through its Fresh Lane blog. The content includes practical guides ranging from ham preparation techniques and carrot cake recipes to DIY Easter candy tutorials and basket-building suggestions.

Image Credit: Kroger",4.7,"Kalin Ned — April 8, 2025 — Lifestyle
References: prnewswire",Lifestyle,https://www.trendhunter.com/trends/affordable-easter-meal
Decentralized Crypto Exchange Platforms,"DogeLend ($DOGELEND) is a new meme coin that is branding itself as ""The World's First Loan Giving Doges."" DogeLend combines the playful nature of Dogecoin with the security of blockchain technology to create a unique decentralized finance platform. This platform's focus on user experience and community engagement sets it apart in the lending space, making it an attractive option for those interested in crypto.

The token distribution for DogeLend is well thought out, with 250 billion tokens allocated across various categories — 20% for presale, 10% for staking rewards, 20% for project development, 15% for liquidity, 20% for marketing, 10% for ecosystem funds, and 5% for future exchange listings. This strategic allocation is designed to ensure growth, stability, and opportunities for $DOGELEND in the future.

Image Credit: DogeLend",4.7,"Kalin Ned — June 29, 2024 — Marketing
References: accesswire",Marketing,https://www.trendhunter.com/trends/dogelend
Consolidated Cryptocurrency Platforms,"MILK Meme Coin aims to carve a niche in the meme cryptocurrency space while championing sustainability and educational initiatives through innovative DeFi features. The presale invites participants to engage with a tiered bonus system across five phases, offering incentives ranging from 10% to 50%. This approach not only encourages early adoption but also rewards early supporters with increased token bonuses.

MILK Meme Coin distinguishes itself in the cryptocurrency space by emphasizing a community-driven ethos and ethical design, eschewing aggressive promotion tactics to maintain integrity and prevent market manipulation. Instead, the project focuses on fostering a robust ecosystem with stacking and farming mechanisms to incentivize long-term engagement and token scarcity through burning mechanisms. Furthermore, MILK Meme Coin plans to integrate into various products, including the Trap-Team Game which will enhance the offering's appeal within the tap-to-earn applications landscape.

Image Credit: MILK Meme Coin",3.1,"Kalin Ned — July 18, 2024 — Social Good
References: milkmeme.fun & accesswire",Social Good,https://www.trendhunter.com/trends/milk-meme-coin
Competitive Meme-Based Games,"Meme2Earn introduces the Creator Leaderboard, revolutionizing cryptocurrency earnings through platform engagement. Users can now share in a monthly reward pool of 1 trillion TIPS by actively participating on Meme2Earn and climbing the leaderboard.

Operating on a monthly cycle, the Creator Leaderboard rewards the top 100 users based on their engagement, encompassing meme posting, commenting, and upvoting activities. The prize distribution follows a tiered structure, with the first-place winner receiving 225 billion TIPS.

This innovative approach incentivizes top performers and promotes consistent engagement across the platform's user community. Meme2Earn also offers new insights on total memes posted, user counts, impressions, and other engagement-related statistics. This update gives consumers a new incentive to engage with the Meme2Earn platform consistently.

Image Credit: Meme2Earn",1.7,"Kanesa D — January 3, 2024 — Business
References: Meme2Earn & medium",Business,https://www.trendhunter.com/trends/meme2earn
Additive-Free Tequila Seltzers,"'NÜTRL Strawberry' just made its juicy debut, setting a new standard for what seltzer lovers can expect this season. The latest launch from NÜTRL Vodka Seltzer is refreshingly light with just the right hint of sweetness -- think subtle strawberry jam vibes without the syrupy overload.

Crafted with real fruit juice, vodka, and sparkling water, NÜTRL Strawberry is clean, crisp, and made for easy sipping. Whether you’re heading to a house party, outdoor concert, or beach hang, this new flavor delivers all the flavor without any fuss -- gluten-free, 100 calories, and no artificial aftertaste.

Strawberry joins the NÜTRL lineup as the second new flavor of 2025 (following Lime), underscoring the brand’s focus on flavor-forward innovation. As the #2 spirits-based seltzer brand in the U.S., NÜTRL continues to lead the charge for elevated, quality seltzers that hit the sweet spot between refreshing and honest.

Available now nationwide in 4-packs, NÜTRL Strawberry is ready to pair with good vibes and even better company.

Image Credit: NÜTRL",8.2,"Georgia Wray Norsten — April 8, 2025 — Lifestyle
References: nutrlusa",Lifestyle,https://www.trendhunter.com/trends/ntrl-strawberry
Cost-Conscious AI Computing Systems,"IBM has unveiled the z17, its latest mainframe system designed specifically to handle enterprise-scale artificial intelligence workloads, including large language models and generative AI applications. The new iteration is represented as a significant evolution from previous models. It integrates AI capabilities across hardware, software, and operational management. IBM positions its z17 mainframe design as a comprehensive solution for businesses requiring high-performance, secure, and scalable AI infrastructure.

A key advancement in the z17 is its Telum II processor, which includes an on-chip AI accelerator capable of processing 450 billion inference operations daily with a response time of just one millisecond. This is. 50% improvement over the z16.

Additionally, IBM plans to introduce the Spyre Accelerator in late 2025, a PCIe card that will enhance generative AI performance. This upgrade will allow businesses to run AI assistants and agents directly on the mainframe without compromising data security.

Image Credit: IBM",7.1,"Kalin Ned — April 8, 2025 — Tech
References: newswire",Tech,https://www.trendhunter.com/trends/mainframe-system
Cost-Conscious AI Computing Systems,"IBM has unveiled the z17, its latest mainframe system designed specifically to handle enterprise-scale artificial intelligence workloads, including large language models and generative AI applications. The new iteration is represented as a significant evolution from previous models. It integrates AI capabilities across hardware, software, and operational management. IBM positions its z17 mainframe design as a comprehensive solution for businesses requiring high-performance, secure, and scalable AI infrastructure.

A key advancement in the z17 is its Telum II processor, which includes an on-chip AI accelerator capable of processing 450 billion inference operations daily with a response time of just one millisecond. This is. 50% improvement over the z16.

Additionally, IBM plans to introduce the Spyre Accelerator in late 2025, a PCIe card that will enhance generative AI performance. This upgrade will allow businesses to run AI assistants and agents directly on the mainframe without compromising data security.

Image Credit: IBM",7.1,"Kalin Ned — April 8, 2025 — Tech
References: newswire",Tech,https://www.trendhunter.com/trends/mainframe-system
Additive-Free Tequila Seltzers,"'NÜTRL Strawberry' just made its juicy debut, setting a new standard for what seltzer lovers can expect this season. The latest launch from NÜTRL Vodka Seltzer is refreshingly light with just the right hint of sweetness -- think subtle strawberry jam vibes without the syrupy overload.

Crafted with real fruit juice, vodka, and sparkling water, NÜTRL Strawberry is clean, crisp, and made for easy sipping. Whether you’re heading to a house party, outdoor concert, or beach hang, this new flavor delivers all the flavor without any fuss -- gluten-free, 100 calories, and no artificial aftertaste.

Strawberry joins the NÜTRL lineup as the second new flavor of 2025 (following Lime), underscoring the brand’s focus on flavor-forward innovation. As the #2 spirits-based seltzer brand in the U.S., NÜTRL continues to lead the charge for elevated, quality seltzers that hit the sweet spot between refreshing and honest.

Available now nationwide in 4-packs, NÜTRL Strawberry is ready to pair with good vibes and even better company.

Image Credit: NÜTRL",8.2,"Georgia Wray Norsten — April 8, 2025 — Lifestyle
References: nutrlusa",Lifestyle,https://www.trendhunter.com/trends/ntrl-strawberry
Cost-Conscious AI Computing Systems,"IBM has unveiled the z17, its latest mainframe system designed specifically to handle enterprise-scale artificial intelligence workloads, including large language models and generative AI applications. The new iteration is represented as a significant evolution from previous models. It integrates AI capabilities across hardware, software, and operational management. IBM positions its z17 mainframe design as a comprehensive solution for businesses requiring high-performance, secure, and scalable AI infrastructure.

A key advancement in the z17 is its Telum II processor, which includes an on-chip AI accelerator capable of processing 450 billion inference operations daily with a response time of just one millisecond. This is. 50% improvement over the z16.

Additionally, IBM plans to introduce the Spyre Accelerator in late 2025, a PCIe card that will enhance generative AI performance. This upgrade will allow businesses to run AI assistants and agents directly on the mainframe without compromising data security.

Image Credit: IBM",7.1,"Kalin Ned — April 8, 2025 — Tech
References: newswire",Tech,https://www.trendhunter.com/trends/mainframe-system
Multi-Chat AI Systems,"ChatGPT Plus is free for college students across the U.S. and Canada through the end of May -- and it’s landing at the perfect time. As finals season kicks off, OpenAI is handing students access to its most advanced tools, including GPT-4o, image generation, voice mode, and in-depth research features, without the usual subscription cost.

This move goes beyond convenience. Students are already one of ChatGPT’s largest user groups, with millions using the platform not just for quick answers but to reshape how they learn, write, and solve complex problems. Now, more students, regardless of financial background, can tap into powerful AI support when it matters most.

To deepen the impact, OpenAI is also launching educational tools like OpenAI Academy and ChatGPT Lab, where students can learn AI fluency, swap prompts, and develop critical thinking skills.

Image Credit: dpa/picture alliance via Getty Images",7.8,"Georgia Wray Norsten — April 8, 2025 — Tech
References: forbes",Tech,https://www.trendhunter.com/trends/chatgpt-plus-is-free
Multi-Chat AI Systems,"ChatGPT Plus is free for college students across the U.S. and Canada through the end of May -- and it’s landing at the perfect time. As finals season kicks off, OpenAI is handing students access to its most advanced tools, including GPT-4o, image generation, voice mode, and in-depth research features, without the usual subscription cost.

This move goes beyond convenience. Students are already one of ChatGPT’s largest user groups, with millions using the platform not just for quick answers but to reshape how they learn, write, and solve complex problems. Now, more students, regardless of financial background, can tap into powerful AI support when it matters most.

To deepen the impact, OpenAI is also launching educational tools like OpenAI Academy and ChatGPT Lab, where students can learn AI fluency, swap prompts, and develop critical thinking skills.

Image Credit: dpa/picture alliance via Getty Images",7.8,"Georgia Wray Norsten — April 8, 2025 — Tech
References: forbes",Tech,https://www.trendhunter.com/trends/chatgpt-plus-is-free
Athlete Hair Campaigns,"'A Deeper Understanding of Hair' is Cécred’s first official campaign and a visual manifesto for self-expression, launched with Beyoncé’s signature intention and grace. Created in partnership with Wieden+Kennedy, the new collection of video content explores hair as identity, heritage, and art through the voices of six real women who each share their personal hair journeys.

The campaign transcends traditional beauty marketing by spotlighting the emotional and cultural significance of hair. From triumph to transformation, these stories position hair as more than aesthetics. It’s a deeply personal symbol of self-acceptance.

Since its launch in early 2024, Cécred has quickly grown from a direct-to-consumer sensation into a major player in the beauty space, now available at Ulta Beauty. Alongside a full range of shampoos, conditioners, treatments, and tools, the brand continues to build community through storytelling and purpose.

Image Credit: Cécred",9.4,"Georgia Wray Norsten — April 8, 2025 — Marketing
References: adage",Marketing,https://www.trendhunter.com/trends/a-deeper-understanding-of-hair
Multi-Chat AI Systems,"ChatGPT Plus is free for college students across the U.S. and Canada through the end of May -- and it’s landing at the perfect time. As finals season kicks off, OpenAI is handing students access to its most advanced tools, including GPT-4o, image generation, voice mode, and in-depth research features, without the usual subscription cost.

This move goes beyond convenience. Students are already one of ChatGPT’s largest user groups, with millions using the platform not just for quick answers but to reshape how they learn, write, and solve complex problems. Now, more students, regardless of financial background, can tap into powerful AI support when it matters most.

To deepen the impact, OpenAI is also launching educational tools like OpenAI Academy and ChatGPT Lab, where students can learn AI fluency, swap prompts, and develop critical thinking skills.

Image Credit: dpa/picture alliance via Getty Images",7.8,"Georgia Wray Norsten — April 8, 2025 — Tech
References: forbes",Tech,https://www.trendhunter.com/trends/chatgpt-plus-is-free
Multi-Chat AI Systems,"ChatGPT Plus is free for college students across the U.S. and Canada through the end of May -- and it’s landing at the perfect time. As finals season kicks off, OpenAI is handing students access to its most advanced tools, including GPT-4o, image generation, voice mode, and in-depth research features, without the usual subscription cost.

This move goes beyond convenience. Students are already one of ChatGPT’s largest user groups, with millions using the platform not just for quick answers but to reshape how they learn, write, and solve complex problems. Now, more students, regardless of financial background, can tap into powerful AI support when it matters most.

To deepen the impact, OpenAI is also launching educational tools like OpenAI Academy and ChatGPT Lab, where students can learn AI fluency, swap prompts, and develop critical thinking skills.

Image Credit: dpa/picture alliance via Getty Images",7.8,"Georgia Wray Norsten — April 8, 2025 — Tech
References: forbes",Tech,https://www.trendhunter.com/trends/chatgpt-plus-is-free
Athlete Hair Campaigns,"'A Deeper Understanding of Hair' is Cécred’s first official campaign and a visual manifesto for self-expression, launched with Beyoncé’s signature intention and grace. Created in partnership with Wieden+Kennedy, the new collection of video content explores hair as identity, heritage, and art through the voices of six real women who each share their personal hair journeys.

The campaign transcends traditional beauty marketing by spotlighting the emotional and cultural significance of hair. From triumph to transformation, these stories position hair as more than aesthetics. It’s a deeply personal symbol of self-acceptance.

Since its launch in early 2024, Cécred has quickly grown from a direct-to-consumer sensation into a major player in the beauty space, now available at Ulta Beauty. Alongside a full range of shampoos, conditioners, treatments, and tools, the brand continues to build community through storytelling and purpose.

Image Credit: Cécred",9.4,"Georgia Wray Norsten — April 8, 2025 — Marketing
References: adage",Marketing,https://www.trendhunter.com/trends/a-deeper-understanding-of-hair
Multi-Chat AI Systems,"ChatGPT Plus is free for college students across the U.S. and Canada through the end of May -- and it’s landing at the perfect time. As finals season kicks off, OpenAI is handing students access to its most advanced tools, including GPT-4o, image generation, voice mode, and in-depth research features, without the usual subscription cost.

This move goes beyond convenience. Students are already one of ChatGPT’s largest user groups, with millions using the platform not just for quick answers but to reshape how they learn, write, and solve complex problems. Now, more students, regardless of financial background, can tap into powerful AI support when it matters most.

To deepen the impact, OpenAI is also launching educational tools like OpenAI Academy and ChatGPT Lab, where students can learn AI fluency, swap prompts, and develop critical thinking skills.

Image Credit: dpa/picture alliance via Getty Images",7.8,"Georgia Wray Norsten — April 8, 2025 — Tech
References: forbes",Tech,https://www.trendhunter.com/trends/chatgpt-plus-is-free
Multi-Chat AI Systems,"ChatGPT Plus is free for college students across the U.S. and Canada through the end of May -- and it’s landing at the perfect time. As finals season kicks off, OpenAI is handing students access to its most advanced tools, including GPT-4o, image generation, voice mode, and in-depth research features, without the usual subscription cost.

This move goes beyond convenience. Students are already one of ChatGPT’s largest user groups, with millions using the platform not just for quick answers but to reshape how they learn, write, and solve complex problems. Now, more students, regardless of financial background, can tap into powerful AI support when it matters most.

To deepen the impact, OpenAI is also launching educational tools like OpenAI Academy and ChatGPT Lab, where students can learn AI fluency, swap prompts, and develop critical thinking skills.

Image Credit: dpa/picture alliance via Getty Images",7.8,"Georgia Wray Norsten — April 8, 2025 — Tech
References: forbes",Tech,https://www.trendhunter.com/trends/chatgpt-plus-is-free
Bat-Friendly Forested Watchtowers,"American architecture firm Ayers Saint Gross has completed the design of the Jack C Taylor Visitor Center. It is a space that essentially serves as the welcoming space for the Missouri Botanical Garden in St. Louis. The structure welcomes in plenty of natural lighting and the complex features a large lobby with various amenities. Some of these include classrooms, a restaurant and cafe, a gift shop, an auditorium, an event center, and more.

Glenn Neighbors, Ayers Saint Gross principal explained to Dezeen, ""This solution provided substantial savings over rented temporary structures and resulted in a space more integrated in its environment. We drew inspiration from the Garden's rich heritage and extensive botanical collections to blur the boundaries between indoor and outdoor spaces and create an immersive, inspiring visitor experience.""

Image Credit: Casey Dunn",5.3,"Amy Duong — April 8, 2025 — Art & Design
References: ayerssaintgross & dezeen",Art & Design,https://www.trendhunter.com/trends/jack-c-taylor-visitor-center
Athlete Hair Campaigns,"'A Deeper Understanding of Hair' is Cécred’s first official campaign and a visual manifesto for self-expression, launched with Beyoncé’s signature intention and grace. Created in partnership with Wieden+Kennedy, the new collection of video content explores hair as identity, heritage, and art through the voices of six real women who each share their personal hair journeys.

The campaign transcends traditional beauty marketing by spotlighting the emotional and cultural significance of hair. From triumph to transformation, these stories position hair as more than aesthetics. It’s a deeply personal symbol of self-acceptance.

Since its launch in early 2024, Cécred has quickly grown from a direct-to-consumer sensation into a major player in the beauty space, now available at Ulta Beauty. Alongside a full range of shampoos, conditioners, treatments, and tools, the brand continues to build community through storytelling and purpose.

Image Credit: Cécred",9.4,"Georgia Wray Norsten — April 8, 2025 — Marketing
References: adage",Marketing,https://www.trendhunter.com/trends/a-deeper-understanding-of-hair
Bat-Friendly Forested Watchtowers,"American architecture firm Ayers Saint Gross has completed the design of the Jack C Taylor Visitor Center. It is a space that essentially serves as the welcoming space for the Missouri Botanical Garden in St. Louis. The structure welcomes in plenty of natural lighting and the complex features a large lobby with various amenities. Some of these include classrooms, a restaurant and cafe, a gift shop, an auditorium, an event center, and more.

Glenn Neighbors, Ayers Saint Gross principal explained to Dezeen, ""This solution provided substantial savings over rented temporary structures and resulted in a space more integrated in its environment. We drew inspiration from the Garden's rich heritage and extensive botanical collections to blur the boundaries between indoor and outdoor spaces and create an immersive, inspiring visitor experience.""

Image Credit: Casey Dunn",5.3,"Amy Duong — April 8, 2025 — Art & Design
References: ayerssaintgross & dezeen",Art & Design,https://www.trendhunter.com/trends/jack-c-taylor-visitor-center
Geometric Rocking Chair Concepts,"Fashion designer Jil Sander launched the jS Thonet collection highlighting reworked iterations of Marcel Breuer's work including the classic S 64 chair. It hit the spotlight during Milan Design Week along with other updated looks. The chair imaged from the lens of Sander sees the tubular steel chair imagined in two different collections dubbed Serious and Nordic.

She shared more on the design, ""For me, the Serious line expresses concentration and focus. I wanted the chair's iconic status to be apparent at first glance and its details to slowly reveal themselves. The shades of leather are subtle and yet the way the Bordeaux red, olive and black are fractured by the dominant graphite tone injects emotion into the chair's design. In these versions, I took a Nordic design approach, and also let myself be inspired by the sensuality of natural materials.""

Image Credit: Hartmut Nägele, courtesy of Thonet GmbH",6.3,"Amy Duong — April 8, 2025 — Art & Design
References: thonet.de",Art & Design,https://www.trendhunter.com/trends/s-64-chair
Braided Furniture Collections,"Design firm Atelier XÜK has created a unique design of a mining museum dubbed Huanglong Mountain Zisha Mineral Source Museum. It is defined by its glossy blue and brown tiles that are incorporated to reflect the look of mineral veins throughout the exterior. To encourage more visitors to engage with the site, the firm integrated old mine tunnels directly into the museum for a unique explorative route.

The studio explained, ""The design appropriately transforms [the site] based on the principles of minimum intervention, historical restoration, and activation, to make it a reference for the protection and renewal of architectural heritage. A vortex-shaped exhibition route from the ground to the earth in the museum connects the three exhibition halls on the ground floor and the underground mine tunnel into one complete space.""

Image Credit: Yiming Yang, Xu Zhang and Shiliang Hu",5,"Amy Duong — April 8, 2025 — Art & Design
References: atelier-xuk.cn",Art & Design,https://www.trendhunter.com/trends/atelier-xk
Old Mine Tunnel-Integrated Museums,"Dutch design firm NEXT Architects has completed the design of the Watchtower Einderheide. It is defined by its wooden structure as the lookout is also bat-friendly with a curved cut-out section that brings attention to the spiraled staircase. The team completes the tower to welcome tourists to take in the serene views as they go through the cycling and walking trails.

NEXT Architects partner Michel Schreinemachers notes, ""This tower is just as much for animals as it is for people. In addition to the view of the surroundings, the wooden lookout tower is equipped with summer and winter shelters for bats. We created different levels in the tower to explore and experience the woods on different heights providing views in different directions. The way up became a tour in itself.""

Image Credit: Karl Banski, Koen Mol",5.4,"Amy Duong — April 8, 2025 — Art & Design
References: dezeen",Art & Design,https://www.trendhunter.com/trends/watchtower-einderheide
Geometric Rocking Chair Concepts,"Fashion designer Jil Sander launched the jS Thonet collection highlighting reworked iterations of Marcel Breuer's work including the classic S 64 chair. It hit the spotlight during Milan Design Week along with other updated looks. The chair imaged from the lens of Sander sees the tubular steel chair imagined in two different collections dubbed Serious and Nordic.

She shared more on the design, ""For me, the Serious line expresses concentration and focus. I wanted the chair's iconic status to be apparent at first glance and its details to slowly reveal themselves. The shades of leather are subtle and yet the way the Bordeaux red, olive and black are fractured by the dominant graphite tone injects emotion into the chair's design. In these versions, I took a Nordic design approach, and also let myself be inspired by the sensuality of natural materials.""

Image Credit: Hartmut Nägele, courtesy of Thonet GmbH",6.3,"Amy Duong — April 8, 2025 — Art & Design
References: thonet.de",Art & Design,https://www.trendhunter.com/trends/s-64-chair
Braided Furniture Collections,"Design firm Atelier XÜK has created a unique design of a mining museum dubbed Huanglong Mountain Zisha Mineral Source Museum. It is defined by its glossy blue and brown tiles that are incorporated to reflect the look of mineral veins throughout the exterior. To encourage more visitors to engage with the site, the firm integrated old mine tunnels directly into the museum for a unique explorative route.

The studio explained, ""The design appropriately transforms [the site] based on the principles of minimum intervention, historical restoration, and activation, to make it a reference for the protection and renewal of architectural heritage. A vortex-shaped exhibition route from the ground to the earth in the museum connects the three exhibition halls on the ground floor and the underground mine tunnel into one complete space.""

Image Credit: Yiming Yang, Xu Zhang and Shiliang Hu",5,"Amy Duong — April 8, 2025 — Art & Design
References: atelier-xuk.cn",Art & Design,https://www.trendhunter.com/trends/atelier-xk
Mathematically Balanced Gins,"British design firm Foster + Partners Industrial Design introduces the Ori bird feeder at Milan Design Week. The main goal of the functional design is to reduce the spread of diseases. It is made to be easily dismantled to make the cleaning process a seamless step. This reduces the spread of diseases as it often happens when birds drop half-eaten food into the vessel.

Lead at Foster + Partners Industrial Design, Mike Holland shared with Dezeen, ""Norman instigated the project so we started looking at the design of birdhouses and bird feeders. We started to glean quite a lot of information on bird feeders and actually found that many official bodies are identifying bird feeders as one of the key disease spreaders. It is really important to be able to thoroughly clean a bird feeder regularly, so we hit on this idea of a flat pack assembly of components that can easily be disassembled for transport, but also for cleaning.""

Image Credit: Aaron Hargreaves",8.9,"Amy Duong — April 8, 2025 — Art & Design
References: dezeen & fosterandpartnersindustrialdesign",Art & Design,https://www.trendhunter.com/trends/ori-bird
Mathematically Balanced Gins,"British design firm Foster + Partners Industrial Design introduces the Ori bird feeder at Milan Design Week. The main goal of the functional design is to reduce the spread of diseases. It is made to be easily dismantled to make the cleaning process a seamless step. This reduces the spread of diseases as it often happens when birds drop half-eaten food into the vessel.

Lead at Foster + Partners Industrial Design, Mike Holland shared with Dezeen, ""Norman instigated the project so we started looking at the design of birdhouses and bird feeders. We started to glean quite a lot of information on bird feeders and actually found that many official bodies are identifying bird feeders as one of the key disease spreaders. It is really important to be able to thoroughly clean a bird feeder regularly, so we hit on this idea of a flat pack assembly of components that can easily be disassembled for transport, but also for cleaning.""

Image Credit: Aaron Hargreaves",8.9,"Amy Duong — April 8, 2025 — Art & Design
References: dezeen & fosterandpartnersindustrialdesign",Art & Design,https://www.trendhunter.com/trends/ori-bird
Braided Furniture Collections,"Design firm Atelier XÜK has created a unique design of a mining museum dubbed Huanglong Mountain Zisha Mineral Source Museum. It is defined by its glossy blue and brown tiles that are incorporated to reflect the look of mineral veins throughout the exterior. To encourage more visitors to engage with the site, the firm integrated old mine tunnels directly into the museum for a unique explorative route.

The studio explained, ""The design appropriately transforms [the site] based on the principles of minimum intervention, historical restoration, and activation, to make it a reference for the protection and renewal of architectural heritage. A vortex-shaped exhibition route from the ground to the earth in the museum connects the three exhibition halls on the ground floor and the underground mine tunnel into one complete space.""

Image Credit: Yiming Yang, Xu Zhang and Shiliang Hu",5,"Amy Duong — April 8, 2025 — Art & Design
References: atelier-xuk.cn",Art & Design,https://www.trendhunter.com/trends/atelier-xk
Mathematically Balanced Gins,"British design firm Foster + Partners Industrial Design introduces the Ori bird feeder at Milan Design Week. The main goal of the functional design is to reduce the spread of diseases. It is made to be easily dismantled to make the cleaning process a seamless step. This reduces the spread of diseases as it often happens when birds drop half-eaten food into the vessel.

Lead at Foster + Partners Industrial Design, Mike Holland shared with Dezeen, ""Norman instigated the project so we started looking at the design of birdhouses and bird feeders. We started to glean quite a lot of information on bird feeders and actually found that many official bodies are identifying bird feeders as one of the key disease spreaders. It is really important to be able to thoroughly clean a bird feeder regularly, so we hit on this idea of a flat pack assembly of components that can easily be disassembled for transport, but also for cleaning.""

Image Credit: Aaron Hargreaves",8.9,"Amy Duong — April 8, 2025 — Art & Design
References: dezeen & fosterandpartnersindustrialdesign",Art & Design,https://www.trendhunter.com/trends/ori-bird
Stylist-Approved Denim Drops,"New Balance works in collaboration with Japanese fashion label BEAMS to breathe life back into the 1000 model for the season. New Balance had revived the retro model back in 2024 -- it was first designed in 1999 and the running silhouette now meets standards of both minimalism and maximalism.

The silhouette is finished in an all-black palette for a sleek monochromatic look. At a glance, it looks like a traditional pair of runners but at a closer look, the wide range of materials elevate the model. It starts with a textured mesh making up the underlays and adding a seamless sense of breathability. This is then layered with smooth suede overlaying on top and smooth leather to create a slight sheen.

Image Credit: BEAMS",6.1,"Amy Duong — April 8, 2025 — Fashion
References: beams.co.jp",Fashion,https://www.trendhunter.com/trends/1000-model
College-Inspired Footwear Collections,"Sporty & Rich X Irina Shayk team up to redefine the phrase effortlessly cool. Blending retro athletic vibes with high-fashion edge, this collection channels off-duty elegance with a nod to classic sportswear -- refreshed for today’s modern muse.

Irina Shayk brings her signature confidence to the capsule, modeling sleek workout sets and vintage-style varsity hoodies that feel equally at home courtside or curbside. The palette stays true to Sporty & Rich’s aesthetic -- think crisp whites, collegiate blues, and soft neutrals—while luxe fabrics and elevated cuts take comfort to new heights.

This collection celebrates wellness as a lifestyle. Each piece feels intentional, wearable, and bold enough to turn heads in a laid-back way. Whether you're pairing a logo hoodie with bike shorts or styling a cropped polo with a pleated skirt, Sporty & Rich X Irina Shayk makes looking polished feel effortlessly natural.

Image Credit: Sporty & Rich",9.3,"Georgia Wray Norsten — April 8, 2025 — Pop Culture
References: sportyandrich",Pop Culture,https://www.trendhunter.com/trends/sporty-rich-x-irina-shayk
Imaginative Cocktail Menus,"Singapore bar Fura unveiled the second edition of its Journal of Future Foods menu, using ingredients that are abundant, invasive, or prevalent to explore real-world impacts of climate change.

Alongside returning favorites from Volume One—like Get The Worm, a savory Margarita infused with mealworms—Volume Two features fresh additions like 3 Crop Corn, which highlights the benefits of crop diversification for low carbon emissions and supporting regenerative landscapes. Another drink on the menu, a Quail Walks Into a Martini, spotlights cell-cultured meat by reinventing the dry martini. This cocktail features a uniquely infused gin and dry vermouth, and caramelized fennel puree prepared with sous vide and fat-washed with gin.

The Journal of Future Foods Volume Two also shares a selection of snack plates crafted with the same intention as the drinks.",4.6,"Laura McQuarrie — April 8, 2025 — Lifestyle
References: instagram & jiggerdaily",Lifestyle,https://www.trendhunter.com/trends/journal-of-future-foods
Black Patent Stealthy Sneakers,"COMME des GARÇONS HOMME PLUS works in collaboration with Nike to launch three colorways of the Sense 96 sneaker model. The release date is set for April 10th and it will be available to shop at Dover Street Market. The two brands highlight minimal colorways including the black variation and the white colorway followed by a bright pink option for those who prefer a bolder statement.

Branding which nods to COMME des GARÇONS HOMME PLUS can be seen at the medial side of the midfoot at the midsole unit to match the tongue and co-branded details at the sock liner with Swoosh detailed throughout the shoe. The upper has a layered look complete with cushioned cutouts.

Image Credit: Dover Street Market, Nike",8.2,"Amy Duong — April 8, 2025 — Fashion
References: doverstreetmarket",Fashion,https://www.trendhunter.com/trends/sense-96
Imaginative Cocktail Menus,"Singapore bar Fura unveiled the second edition of its Journal of Future Foods menu, using ingredients that are abundant, invasive, or prevalent to explore real-world impacts of climate change.

Alongside returning favorites from Volume One—like Get The Worm, a savory Margarita infused with mealworms—Volume Two features fresh additions like 3 Crop Corn, which highlights the benefits of crop diversification for low carbon emissions and supporting regenerative landscapes. Another drink on the menu, a Quail Walks Into a Martini, spotlights cell-cultured meat by reinventing the dry martini. This cocktail features a uniquely infused gin and dry vermouth, and caramelized fennel puree prepared with sous vide and fat-washed with gin.

The Journal of Future Foods Volume Two also shares a selection of snack plates crafted with the same intention as the drinks.",4.6,"Laura McQuarrie — April 8, 2025 — Lifestyle
References: instagram & jiggerdaily",Lifestyle,https://www.trendhunter.com/trends/journal-of-future-foods
Black Patent Stealthy Sneakers,"The iconic Air Jordan 11 silhouette is getting another tonal update with the relaunch of the Gamma Blue colorway palette. The silhouette is doused in hues of black, Gamma Blue, black, and Varsity Maize -- it is set to join the roster again for the December 2025 lineup.

The build is entirely black at the base with some pops of blue tones that can be seen in areas including the outsole unit and the Jumpman logo at the collar. The release date is yet to be announced but the price will be at $230 USD. Notably, the sole unit is slightly clear with the Varsity Maize color righting the heel unit and the tongue which adds some branding.

Image Credit: Nike, To Cheuk Yin",5.8,"Amy Duong — April 8, 2025 — Fashion
References: nike",Fashion,https://www.trendhunter.com/trends/gamma-blue
Firming Eye Serums,"La Prairie's White Caviar Light Concentrate is made with patented Lumidose, the most potent brightening molecule known to date. Instantly, this concentrated serum improves the smoothness of the skin's surface, reduces the appearance of fine lines, and diminishes visible acne marks. After weeks of continued use, the benefits compound to include measurable improvements in the skin's firmness, translucency, uniformity, and appearance of pores.

Consumers want problem-solving skincare formulas that offer the same visible results as in-office procedures but without the invasiveness, pain, or downtime typically associated with them. With inclusions like La Prairie's Exclusive Cellular Complex, the Retexturizing Complex, and Caviar micro-nutrients, the White Caviar Light Concentrate boasts the renewing, firming, brightening benefits of a treatment such as a chemical peel.",5.9,"Laura McQuarrie — April 8, 2025 — Fashion
References: laprairie & townandcountrymag",Fashion,https://www.trendhunter.com/trends/white-caviar-light-concentrate
Firming Eye Serums,"La Prairie's White Caviar Light Concentrate is made with patented Lumidose, the most potent brightening molecule known to date. Instantly, this concentrated serum improves the smoothness of the skin's surface, reduces the appearance of fine lines, and diminishes visible acne marks. After weeks of continued use, the benefits compound to include measurable improvements in the skin's firmness, translucency, uniformity, and appearance of pores.

Consumers want problem-solving skincare formulas that offer the same visible results as in-office procedures but without the invasiveness, pain, or downtime typically associated with them. With inclusions like La Prairie's Exclusive Cellular Complex, the Retexturizing Complex, and Caviar micro-nutrients, the White Caviar Light Concentrate boasts the renewing, firming, brightening benefits of a treatment such as a chemical peel.",5.9,"Laura McQuarrie — April 8, 2025 — Fashion
References: laprairie & townandcountrymag",Fashion,https://www.trendhunter.com/trends/white-caviar-light-concentrate
Firming Eye Serums,"La Prairie's White Caviar Light Concentrate is made with patented Lumidose, the most potent brightening molecule known to date. Instantly, this concentrated serum improves the smoothness of the skin's surface, reduces the appearance of fine lines, and diminishes visible acne marks. After weeks of continued use, the benefits compound to include measurable improvements in the skin's firmness, translucency, uniformity, and appearance of pores.

Consumers want problem-solving skincare formulas that offer the same visible results as in-office procedures but without the invasiveness, pain, or downtime typically associated with them. With inclusions like La Prairie's Exclusive Cellular Complex, the Retexturizing Complex, and Caviar micro-nutrients, the White Caviar Light Concentrate boasts the renewing, firming, brightening benefits of a treatment such as a chemical peel.",5.9,"Laura McQuarrie — April 8, 2025 — Fashion
References: laprairie & townandcountrymag",Fashion,https://www.trendhunter.com/trends/white-caviar-light-concentrate
Firming Eye Serums,"La Prairie's White Caviar Light Concentrate is made with patented Lumidose, the most potent brightening molecule known to date. Instantly, this concentrated serum improves the smoothness of the skin's surface, reduces the appearance of fine lines, and diminishes visible acne marks. After weeks of continued use, the benefits compound to include measurable improvements in the skin's firmness, translucency, uniformity, and appearance of pores.

Consumers want problem-solving skincare formulas that offer the same visible results as in-office procedures but without the invasiveness, pain, or downtime typically associated with them. With inclusions like La Prairie's Exclusive Cellular Complex, the Retexturizing Complex, and Caviar micro-nutrients, the White Caviar Light Concentrate boasts the renewing, firming, brightening benefits of a treatment such as a chemical peel.",5.9,"Laura McQuarrie — April 8, 2025 — Fashion
References: laprairie & townandcountrymag",Fashion,https://www.trendhunter.com/trends/white-caviar-light-concentrate
Mid-Century Remodeled Seattle Homes,"The team at HangZhou YeMao Technology Co., Ltd. presents the Coral Scratcher which is a cat scratching post that extends beyond that. It boasts a stylish look and sets it apart from regular pet products with its modern look. The Coral Scratcher has a black and white color palette to seamlessly blend into the decor of any home.

The structure harmoniously adds to the living space for both pets and their owners. The design is made with inspiration from the natural beauty of coral and the ocean waves -- this can be seen through its silhouette. The design team skillfully integrates this notion into the vertical post. It also features footholds to support climbing activities.

Image Credit: HangZhou YeMao Technology Co., Ltd.",5.4,"Amy Duong — April 8, 2025 — Art & Design
References: yankodesign",Art & Design,https://www.trendhunter.com/trends/coral-scratcher
Ranch-Scented Soaps,"Bar Tender by Wingstop is a new bar that only serves chicken tenders in a dozen bold flavors. At this destination, Wingstop lovers will savor Wingstop's crispy tenders in varieties like Lemon Pepper or with the fan-favorite Hot Honey Rub. The mixology-inspired experience gleans from the experience of visiting a bar with friends and ordering the bartender's specialty serve. Bar Tenders offers bold, distinctive experiences with flavor in a social setting while big-name DJs play throughout the night.

Bar Tender by Wingstop in New York City officially opens its doors to the public on April 10. Fans across the country who can't visit in person can still savor the Bar Tender experience at home by ordering their crispy tenders with different flavors and dips.",7.8,"Laura McQuarrie — April 8, 2025 — Lifestyle
References: BarTenderbyWingstop.cventevents & prnewswire",Lifestyle,https://www.trendhunter.com/trends/bar-tender-by-wingstop
Geometric Rocking Chair Concepts,"Italian design firm E-ggs works together with design brand Miniforms to create the Nami collection of tables. The duo used steam-bent timber to form the unique structure of its tables and it is defined by its crimped wooden bases. The tabletop options are in a selection of surfaces of a circular, rectangular, or barrel shape.

The brand explains the design, sharing ""Every wood has its own characteristics, so we had to respect them and also find the perfect match."" The concept of Nami is playful and it maintains so with a range of water-based colors along with 11 various sizes of the tables. It also has options in porcelain stoneware or marble at the top to meet the standards of any environment.

Image Credit: Miniforms",3.5,"Amy Duong — April 8, 2025 — Art & Design
References: miniforms",Art & Design,https://www.trendhunter.com/trends/nami
Upcycled Overnight Skincare,"LANEIGE introduces its iconic 'Lip Sleeping Mask' in a refreshing new ‘Peach Iced Tea’ flavor, aligning perfectly with the vibrant energy of summer and the growing trend toward sensorial beauty experiences. Designed as an overnight lip treatment, this seasonal offering enhances the brand’s signature lip care ritual with a playful twist—infusing hydration with the nostalgic aroma of a chilled summer beverage.

The ‘Peach Iced Tea’ variant delivers the same intensive moisture and overnight care that has made the Lip Sleeping Mask a global bestseller, while offering a fresh, fruity scent that elevates the sensory appeal of nightly skincare. This new release caters to consumers seeking beauty products that do more than perform—they delight the senses and evoke emotional connection. By blending efficacy with experiential elements, LANEIGE reinforces its position in the sensorial makeup movement, where flavor, texture, and scent create a more immersive and joyful beauty routine.

Image Credit: LANEIGE",7.5,"Debra John — April 8, 2025 — Fashion
References: instagram & sephora",Fashion,https://www.trendhunter.com/trends/iconic-lip-sleeping-mask
Cocktail-Inspired Non-Alcoholic Beers,"Maison Perrier Chic is a line of premium flavored sparkling drinks that reimagines classic cocktails as delicious non-alcoholic options. These crisp, refreshing canned drinks are cocktail-inspired non-alcoholic alternatives that were developed in collaboration with a renowned French bartender from one of the World's 50 Best Bars, using ingredients like real fruit juice, natural flavors, and bubbly Maison Perrier.

Maison Perrier Chic's 30-calorie drinks are available in sophisticated flavors like Daiqui'red, Piña Fizz, and Citrus Fizz, paying homage to the Daiquiri, Piña Colada, and French 75, respectively. Notably, the Maison Perrier Chic Citrus Fizz flavored Sparkling Beverage is exclusively available at Whole Foods.

Ready to elevate special and everyday occasions alike, Maison Perrier Chic adds a touch of sophistication to hosted gatherings, spring and summer picnics, backyard get-togethers, or simply unwinding on the couch after a long day.",8.1,"Laura McQuarrie — April 8, 2025 — Lifestyle
References: maisonperrier.us & prnewswire",Lifestyle,https://www.trendhunter.com/trends/maison-perrier-chic-sparkling-beverage
Cocktail-Inspired Non-Alcoholic Beers,"Maison Perrier Chic is a line of premium flavored sparkling drinks that reimagines classic cocktails as delicious non-alcoholic options. These crisp, refreshing canned drinks are cocktail-inspired non-alcoholic alternatives that were developed in collaboration with a renowned French bartender from one of the World's 50 Best Bars, using ingredients like real fruit juice, natural flavors, and bubbly Maison Perrier.

Maison Perrier Chic's 30-calorie drinks are available in sophisticated flavors like Daiqui'red, Piña Fizz, and Citrus Fizz, paying homage to the Daiquiri, Piña Colada, and French 75, respectively. Notably, the Maison Perrier Chic Citrus Fizz flavored Sparkling Beverage is exclusively available at Whole Foods.

Ready to elevate special and everyday occasions alike, Maison Perrier Chic adds a touch of sophistication to hosted gatherings, spring and summer picnics, backyard get-togethers, or simply unwinding on the couch after a long day.",8.1,"Laura McQuarrie — April 8, 2025 — Lifestyle
References: maisonperrier.us & prnewswire",Lifestyle,https://www.trendhunter.com/trends/maison-perrier-chic-sparkling-beverage
Luxury Stamp Releases,"SHED Architecture & Design has remodeled the Gordon Walker House in Seattle just on the edge of the Sr. Mark's Greenbelt by the bright Capitol Hill neighborhood. The condo was first built in 1979 and was designed by renowned architect Gordon Walker.

The co-founder of Olson Walker left his legacy and this project hoped to honor his original vision when adapting the home to a modern living aesthetic. The owner of the home was initially attached to the serene views of the lush forest around the home as it is near Volunteer Park. The framework also remained strong with most of the work in the interiors, garnered to meet a more modern need in terms of design and function.

Image Credit: SHED Architecture & Design",3.9,"Amy Duong — April 8, 2025 — Art & Design
References: shedbuilt",Art & Design,https://www.trendhunter.com/trends/gordon-walker-house
Luxury Stamp Releases,"SHED Architecture & Design has remodeled the Gordon Walker House in Seattle just on the edge of the Sr. Mark's Greenbelt by the bright Capitol Hill neighborhood. The condo was first built in 1979 and was designed by renowned architect Gordon Walker.

The co-founder of Olson Walker left his legacy and this project hoped to honor his original vision when adapting the home to a modern living aesthetic. The owner of the home was initially attached to the serene views of the lush forest around the home as it is near Volunteer Park. The framework also remained strong with most of the work in the interiors, garnered to meet a more modern need in terms of design and function.

Image Credit: SHED Architecture & Design",3.9,"Amy Duong — April 8, 2025 — Art & Design
References: shedbuilt",Art & Design,https://www.trendhunter.com/trends/gordon-walker-house
Smart Water Stream Toothbrushes,"The Archipelago Playground is a uniquely thoughtful design by Jakub Szczęsny and Karolina Potębska with collaborations alongside Rainer Stadlbauer for Kinder Kunst Labor. The children's museum is a structural form made from wood and concrete materials in the root of Altoona Park in St. Polten, Austria.

The team of designers was working on creating an indoor playspace that would tap into various senses. It is catered towards a younger audience with the question which prompts: “How far could we go in making a space less devoid of potential risks?” The Archipelago is a great space to explore and develop essential skills in the process of playing. It encourages imaginative abilities and builds fine motor skills.

Image Credit: Jakub Szcz?sny, Karolina Pot?bska, Rainer Stadlbauer",3.5,"Amy Duong — April 8, 2025 — Art & Design
References: szcz.pl",Art & Design,https://www.trendhunter.com/trends/archipelago-playscape
Cocktail-Inspired Non-Alcoholic Beers,"Maison Perrier Chic is a line of premium flavored sparkling drinks that reimagines classic cocktails as delicious non-alcoholic options. These crisp, refreshing canned drinks are cocktail-inspired non-alcoholic alternatives that were developed in collaboration with a renowned French bartender from one of the World's 50 Best Bars, using ingredients like real fruit juice, natural flavors, and bubbly Maison Perrier.

Maison Perrier Chic's 30-calorie drinks are available in sophisticated flavors like Daiqui'red, Piña Fizz, and Citrus Fizz, paying homage to the Daiquiri, Piña Colada, and French 75, respectively. Notably, the Maison Perrier Chic Citrus Fizz flavored Sparkling Beverage is exclusively available at Whole Foods.

Ready to elevate special and everyday occasions alike, Maison Perrier Chic adds a touch of sophistication to hosted gatherings, spring and summer picnics, backyard get-togethers, or simply unwinding on the couch after a long day.",8.1,"Laura McQuarrie — April 8, 2025 — Lifestyle
References: maisonperrier.us & prnewswire",Lifestyle,https://www.trendhunter.com/trends/maison-perrier-chic-sparkling-beverage
Mini Snacking-Friendly Cookies,"The Entenmann's Mini Snack Cakes are being launched by the brand as a replacement for its Baker's Delights range in response to the changing industry and consumer demands. The product range consists of two new and two familiar varieties including the Mini Iced Chocolate Chip Cakes and the Mini Iced Party Cakes alongside the Mini Crumb and Pound Cake varieties. The products each come individually wrapped to make them easy to pack into lunches, enjoy out of the house or grab as a portioned treat when in the mood for a snack.

The Entenmann's Mini Snack Cakes boast eye-catching branding to help them pop off store shelves for shoppers to notice, while the grab-and-go format responds to consumer lifestyles.

Image Credit: Entenmann’s",7.9,"Michael Hemsworth — April 8, 2025 — Marketing
References: entenmanns & source86",Marketing,https://www.trendhunter.com/trends/mini-snack-cakes
Mini Snacking-Friendly Cookies,"The Entenmann's Mini Snack Cakes are being launched by the brand as a replacement for its Baker's Delights range in response to the changing industry and consumer demands. The product range consists of two new and two familiar varieties including the Mini Iced Chocolate Chip Cakes and the Mini Iced Party Cakes alongside the Mini Crumb and Pound Cake varieties. The products each come individually wrapped to make them easy to pack into lunches, enjoy out of the house or grab as a portioned treat when in the mood for a snack.

The Entenmann's Mini Snack Cakes boast eye-catching branding to help them pop off store shelves for shoppers to notice, while the grab-and-go format responds to consumer lifestyles.

Image Credit: Entenmann’s",7.9,"Michael Hemsworth — April 8, 2025 — Marketing
References: entenmanns & source86",Marketing,https://www.trendhunter.com/trends/mini-snack-cakes
Smart Water Stream Toothbrushes,"The Archipelago Playground is a uniquely thoughtful design by Jakub Szczęsny and Karolina Potębska with collaborations alongside Rainer Stadlbauer for Kinder Kunst Labor. The children's museum is a structural form made from wood and concrete materials in the root of Altoona Park in St. Polten, Austria.

The team of designers was working on creating an indoor playspace that would tap into various senses. It is catered towards a younger audience with the question which prompts: “How far could we go in making a space less devoid of potential risks?” The Archipelago is a great space to explore and develop essential skills in the process of playing. It encourages imaginative abilities and builds fine motor skills.

Image Credit: Jakub Szcz?sny, Karolina Pot?bska, Rainer Stadlbauer",3.5,"Amy Duong — April 8, 2025 — Art & Design
References: szcz.pl",Art & Design,https://www.trendhunter.com/trends/archipelago-playscape
Mini Snacking-Friendly Cookies,"The Entenmann's Mini Snack Cakes are being launched by the brand as a replacement for its Baker's Delights range in response to the changing industry and consumer demands. The product range consists of two new and two familiar varieties including the Mini Iced Chocolate Chip Cakes and the Mini Iced Party Cakes alongside the Mini Crumb and Pound Cake varieties. The products each come individually wrapped to make them easy to pack into lunches, enjoy out of the house or grab as a portioned treat when in the mood for a snack.

The Entenmann's Mini Snack Cakes boast eye-catching branding to help them pop off store shelves for shoppers to notice, while the grab-and-go format responds to consumer lifestyles.

Image Credit: Entenmann’s",7.9,"Michael Hemsworth — April 8, 2025 — Marketing
References: entenmanns & source86",Marketing,https://www.trendhunter.com/trends/mini-snack-cakes
Indulgent Refrigerated Oat Bars,"The Junkless Drizzled bars are a new lineup of granola bars from the free-from snack brand that are crafted with flavor and quality in mind to work well for consumers seeking out a familiar yet more healthful snack. The bars come in two flavors including Birthday Cake and Berries & Cream, which are both crafted with no artificial flavors, colors or preservatives, while also featuring no high fructose corn syrup, trans fats or hydrogenated oils. The bars each feature only 100% whole grain oats and clean ingredients to give them a gluten-free formulation that comes in at 130-calories and features less sugar than traditional drizzle-topped granola bars.

The Junkless Drizzled bars are crafted with organic honey, sprinkles and a chocolate drizzle for the Birthday Cake variety, while the Berries & Cream option features strawberries, blueberries, raspberries and a drizzling of yogurt.

Image Credit: Junkless",6.8,"Michael Hemsworth — April 8, 2025 — Lifestyle
References: junklessfoods & snackandbakery",Lifestyle,https://www.trendhunter.com/trends/junkless-drizzled
Indulgent Refrigerated Oat Bars,"The Junkless Drizzled bars are a new lineup of granola bars from the free-from snack brand that are crafted with flavor and quality in mind to work well for consumers seeking out a familiar yet more healthful snack. The bars come in two flavors including Birthday Cake and Berries & Cream, which are both crafted with no artificial flavors, colors or preservatives, while also featuring no high fructose corn syrup, trans fats or hydrogenated oils. The bars each feature only 100% whole grain oats and clean ingredients to give them a gluten-free formulation that comes in at 130-calories and features less sugar than traditional drizzle-topped granola bars.

The Junkless Drizzled bars are crafted with organic honey, sprinkles and a chocolate drizzle for the Birthday Cake variety, while the Berries & Cream option features strawberries, blueberries, raspberries and a drizzling of yogurt.

Image Credit: Junkless",6.8,"Michael Hemsworth — April 8, 2025 — Lifestyle
References: junklessfoods & snackandbakery",Lifestyle,https://www.trendhunter.com/trends/junkless-drizzled
AI-Based Reading Tools,"Artificial intelligence English language learning solutions provider LillyPad.ai launched a first-of-its-kind Personal AI Book Club called Open Book that enhances the learning process by making it highly individualized and engaging. The AI-powered book club was created to boost reading comprehension and enhance the quality of discussions around all sorts of reading materials, including novels, news articles or even scientific papers.

This AI resource was intentionally made to replicate the warmth and intimacy of a book club and it helps students actively ""think, reflect, and discuss ideas rather than passively consume information,"" according to Chris MacDonald, co-founder of LillyPad.ai.

Some key features of Open Book that will support educators and individual learners alike include dynamic reading modes, discussion rooms led by the AI and question-and-answer sessions that mimic the natural flow of human conversation.

Image Credit: Shutterstock",3.2,"Laura McQuarrie — September 19, 2023 — Tech
References: benzinga",Tech,https://www.trendhunter.com/trends/ai-book-club
AI-Based Reading Tools,"Artificial intelligence English language learning solutions provider LillyPad.ai launched a first-of-its-kind Personal AI Book Club called Open Book that enhances the learning process by making it highly individualized and engaging. The AI-powered book club was created to boost reading comprehension and enhance the quality of discussions around all sorts of reading materials, including novels, news articles or even scientific papers.

This AI resource was intentionally made to replicate the warmth and intimacy of a book club and it helps students actively ""think, reflect, and discuss ideas rather than passively consume information,"" according to Chris MacDonald, co-founder of LillyPad.ai.

Some key features of Open Book that will support educators and individual learners alike include dynamic reading modes, discussion rooms led by the AI and question-and-answer sessions that mimic the natural flow of human conversation.

Image Credit: Shutterstock",3.2,"Laura McQuarrie — September 19, 2023 — Tech
References: benzinga",Tech,https://www.trendhunter.com/trends/ai-book-club
Versatile Text-To-Speech Tools,"DailyReadsAI is a personalized service designed to help users discover new books and expand their knowledge efficiently. Using artificial intelligence, the platform curates daily book excerpts tailored to individual interests and reading goals.

Each summary is crafted to provide valuable insights, saving time while enhancing learning. Whether you’re looking for personal growth, professional development, or new literary interests, DailyReadsAI offers relevant content to meet your needs. This service aims to eliminate information overload, providing only the most impactful book excerpts and summaries to keep you on track. With delivery through email or an app, DailyReadsAI streamlines the reading process and ensures you make informed decisions on what to read next, making it an ideal tool for busy professionals and avid readers alike.

Image Credit: DailyReadsAI",4.7,"Ellen Smith — January 29, 2025 — Tech
References: dailyreadsai",Tech,https://www.trendhunter.com/trends/dailyreadsai
Portable Toothbrush sanitizers,"The HAHATEC Self Sanitizing Toothbrush is a foldable, UV self-cleaning toothbrush designed to enhance hygiene and convenience for users. This innovative toothbrush incorporates UV-C sterilization technology, which effectively eliminates bacteria and germs from the brush head, ensuring a clean and safe brushing experience every time. Its compact, foldable design makes it ideal for travel and on-the-go use, while the sonic vibration feature provides thorough cleaning with reduced irritation. The toothbrush is engineered to deliver effective oral care while maintaining high standards of hygiene through its automatic sterilization process.

In addition to its functional benefits, the HAHATEC Self Sanitizing Toothbrush emphasizes user-friendly features and portability. The device is equipped with a rechargeable battery, offering long-lasting performance for daily use. Its lightweight and ergonomic design cater to diverse user needs, making it suitable for individuals seeking a practical and hygienic oral care solution. By combining advanced sterilization technology with efficient cleaning capabilities, the HAHATEC Self Sanitizing Toothbrush represents a significant step forward in personal oral hygiene products.

Image Credit: HAHATEC",5.3,"Colin Smith — April 7, 2025 — Lifestyle
References: hknihon & fortress.hk",Lifestyle,https://www.trendhunter.com/trends/hahatec-self-sanitizing-toothbrush
Auditory Artwork Albums,"British-Iranian artist Sara Khamis works together with the co-founder and art director of Sandro Lopex Milano on the new Kish o Mat. This is the Persian term that nods to the word 'checkmate' to honor the ancient game of chess with a collection of ceramic vessels made by hand.

The narrative is the strongest element of the Kish o Mat collection, drawing meaning from the language of abstracted structures. Through a black and white film that accompanies the collection and is made in a French Nouvelle Vague style, it celebrates filmmaking traditions of a bygone time. Two characters partake in a chess match with ceramics at the root of this story. It has a minimal form with sleek Matte white and Matte black colorways.

Image Credit: Sandro Lopez Milano",3.8,"Amy Duong — April 8, 2025 — Art & Design
References: sandrolopez",Art & Design,https://www.trendhunter.com/trends/kish-o-mat
Portable Ultrasonic Dishwashers,"Swiss bathroom brand Laufen works in collaboration with designer Yves Béhar to create the Volta sink. This is the first-ever product that is made using an electric kiln in the history of the brand's factory. It is a water-saving sink that is currently on display at Milan Design Week. It is crafted using the brand's electric tunnel kiln, ensuring that the system is entirely a zero-emissions process.

Marc Viardot, the marketing and design director of Roca Group -- the company that owns Laufen explains that the designer was given ""carte blanche to create an icon."" Viardot adds, [the sink was] ""Inspired by the first CO2-free production in the world, Yves' approach was very fresh and resulted in an unconventional new concept for the bathroom. It feels a bit like we reinvented the wheel – at least the way we relate to the daily use of water.""

Image Credit: Laufen",7.4,"Amy Duong — April 8, 2025 — Art & Design
References: laufen",Art & Design,https://www.trendhunter.com/trends/volta-1
Pediatric Dental AI Technology,"Colgate's Oral Health Movement is an initiative that invites consumers in India to level up their oral health with a personalized, instant, AI-generated dental screening report through a simple WhatsApp interaction.

In partnership with Logy.AI, Colgate developed an AI dental screening tool that can be accessed in nine leading Indian languages simply by scanning the QR code on Colgate product packs. After answering a few questions and uploading images of their mouth, participants will get a free report.

This convenient tool was created to bridge the gap between the awareness and accessibility of oral healthcare in India. As shared in a press release, ""90% of Indians suffer from Oral Health issues and yet, 80% of urban Indians don't brush twice daily and a mere 9% visit a dentist in a year.""",7.3,"Laura McQuarrie — April 8, 2025 — Tech
References: colgatepalmolive.co.in & prnewswire",Tech,https://www.trendhunter.com/trends/oral-health-movement
Portable Ultrasonic Dishwashers,"Swiss bathroom brand Laufen works in collaboration with designer Yves Béhar to create the Volta sink. This is the first-ever product that is made using an electric kiln in the history of the brand's factory. It is a water-saving sink that is currently on display at Milan Design Week. It is crafted using the brand's electric tunnel kiln, ensuring that the system is entirely a zero-emissions process.

Marc Viardot, the marketing and design director of Roca Group -- the company that owns Laufen explains that the designer was given ""carte blanche to create an icon."" Viardot adds, [the sink was] ""Inspired by the first CO2-free production in the world, Yves' approach was very fresh and resulted in an unconventional new concept for the bathroom. It feels a bit like we reinvented the wheel – at least the way we relate to the daily use of water.""

Image Credit: Laufen",7.4,"Amy Duong — April 8, 2025 — Art & Design
References: laufen",Art & Design,https://www.trendhunter.com/trends/volta-1
Glazed Donut Toothpastes,"Colgate's MaxFresh range was created for a fun-loving generation and delivers a sensorial experience that takes refreshment to new heights. People expect a cooling sensation from their toothpaste, and Rainbow Fresh MaxFresh delivers with cooling crystals in aesthetically pleasing heart shapes. Thanks to proprietary Ultrafreeze Technology, the newest products in the MaxFresh range deliver a 10-times longer-lasting cooling experience. Watermelon Blast is another sensorial formula in the range, proving that great flavor experiences don't have to come at the cost of miny freshness.

""In today's rapidly evolving landscape, younger Millennials and Gen Z are constantly seeking new ways to transform everyday tasks into enjoyable experiences,"" said Anaswar Rajagopal, Marketing Director-Toothpaste, Colgate-Palmolive India, ""We understand their preferences, and as a result, our new MaxFresh range is perfectly aligned with this transformative shift.""",8.7,"Laura McQuarrie — April 8, 2025 — Lifestyle
References: prnewswire",Lifestyle,https://www.trendhunter.com/trends/maxfresh
Auditory Artwork Albums,"British-Iranian artist Sara Khamis works together with the co-founder and art director of Sandro Lopex Milano on the new Kish o Mat. This is the Persian term that nods to the word 'checkmate' to honor the ancient game of chess with a collection of ceramic vessels made by hand.

The narrative is the strongest element of the Kish o Mat collection, drawing meaning from the language of abstracted structures. Through a black and white film that accompanies the collection and is made in a French Nouvelle Vague style, it celebrates filmmaking traditions of a bygone time. Two characters partake in a chess match with ceramics at the root of this story. It has a minimal form with sleek Matte white and Matte black colorways.

Image Credit: Sandro Lopez Milano",3.8,"Amy Duong — April 8, 2025 — Art & Design
References: sandrolopez",Art & Design,https://www.trendhunter.com/trends/kish-o-mat
Glazed Donut Toothpastes,"Colgate's MaxFresh range was created for a fun-loving generation and delivers a sensorial experience that takes refreshment to new heights. People expect a cooling sensation from their toothpaste, and Rainbow Fresh MaxFresh delivers with cooling crystals in aesthetically pleasing heart shapes. Thanks to proprietary Ultrafreeze Technology, the newest products in the MaxFresh range deliver a 10-times longer-lasting cooling experience. Watermelon Blast is another sensorial formula in the range, proving that great flavor experiences don't have to come at the cost of miny freshness.

""In today's rapidly evolving landscape, younger Millennials and Gen Z are constantly seeking new ways to transform everyday tasks into enjoyable experiences,"" said Anaswar Rajagopal, Marketing Director-Toothpaste, Colgate-Palmolive India, ""We understand their preferences, and as a result, our new MaxFresh range is perfectly aligned with this transformative shift.""",8.7,"Laura McQuarrie — April 8, 2025 — Lifestyle
References: prnewswire",Lifestyle,https://www.trendhunter.com/trends/maxfresh
Adult-Targeted Easter Treats,"The Venchi Easter range has been revealed by the brand as a series of Italian chocolate products perfect for consumers to pick up this springtime to elevate their celebrations. The product range features four items in all including the Chocoviar Pistachio Egg, Salted Caramel & Toffee Egg, Egg gift box with chocolate eggs and the Milk Chocolate bunny, which come in at 11.64-ounces, 5.29-ounces, 7.05-ounces and 3.53-ounces, respectively. The products come in a variety of fresh, inspired packaging styles that are covered in a variety of florals and bright colors to make them ready for consumers to gift.

The Venchi Easter range responds to the increased demand for luxury chocolate products as adults seek out ways to celebrate occasions in a more mature manner.

Image Credit: Venchi",5.4,"Michael Hemsworth — April 8, 2025 — Lifestyle
References: us.venchi & snackandbakery",Lifestyle,https://www.trendhunter.com/trends/venchi-easter-range
Pediatric Dental AI Technology,"Colgate's Oral Health Movement is an initiative that invites consumers in India to level up their oral health with a personalized, instant, AI-generated dental screening report through a simple WhatsApp interaction.

In partnership with Logy.AI, Colgate developed an AI dental screening tool that can be accessed in nine leading Indian languages simply by scanning the QR code on Colgate product packs. After answering a few questions and uploading images of their mouth, participants will get a free report.

This convenient tool was created to bridge the gap between the awareness and accessibility of oral healthcare in India. As shared in a press release, ""90% of Indians suffer from Oral Health issues and yet, 80% of urban Indians don't brush twice daily and a mere 9% visit a dentist in a year.""",7.3,"Laura McQuarrie — April 8, 2025 — Tech
References: colgatepalmolive.co.in & prnewswire",Tech,https://www.trendhunter.com/trends/oral-health-movement
Frozen Black Cherry S;ushies,"In response to consumer demand for nostalgic drinks inspired by sweet shop flavors, beverage brand Squeezit launched a refreshing new Blue Raspberry flavor.

Fantastical blue raspberry flavors have evolved into a bold, vibrant flavor in their own right, blending tartness with a sweet, berry-like complexity, offering a unique twist that excites both new and old generations of flavor seekers. This Squeezit flavor specifically speaks to Gen Alpha and nostalgic adults, and it boasts all-blue packaging, colorful branding, and a familiar format to previous successes, like the candy-inspired Squeezit Bubblegum variety launched in 2023.

The fresh-tasting still drink made with sparkling water is a juicy, tangy refresher that's ideal for school or work, and easy to consume than sugary soft drinks.",5.3,"Laura McQuarrie — April 8, 2025 — Lifestyle
References: linkedin & foodbev",Lifestyle,https://www.trendhunter.com/trends/squeezit
Sweetly Spreadable Butters,"The Kerrygold x Allday Goods butter knife has been created in partnership between the brands as a special edition accessory that pays homage to both. The knife is characterized by its swirled handle that incorporates green, gold and yellow hues that are achieved thanks to the use of Kerrygold plastic tubs its construction. The knife is paired with a hand-forged blade made in Japan, which gives it an elegant profile that's ready to spread Kerrygold butter onto your choice of bread.

The Kerrygold x Allday Goods butter knife is limited to just 50 examples and will be available for fans to pick up at the De Beauvoir Deli in London starting April 19, 2025 for £28.

Image Credit: Allday Goods, hypebeast, alldaygoods",4.9,"Michael Hemsworth — April 8, 2025 — Art & Design
References: alldaygoods & hypebeast",Art & Design,https://www.trendhunter.com/trends/kerrygold-x-allday-goods
Customized Luggage Lines,"Luxury French fashion house Louis Vuitton turns its signature Egg Bag into a haute aesthetic as the limited chocolate collection turns heads. The Egg Bag is transformed into an edible version for Easter around the corner with the collaboration of French chocolatier Maxime Frédéric.

The limited capsule nods to the fashion house's runway history while offering a new level of luxury that could be eaten. The Egg Bag made its first appearance in 2019 by creative director Nicolas Ghesquière. It is now entirely reimagined with the LV monogram pattern that is etched into the chocolate's shell. To create the new bag, Frédéric used 70% dark chocolate at the exterior with the handles and zipper pulls in 40% milk chocolate and a smooth milk chocolate bar filled with roasted hazelnut gianduja to round it out.

Image Credit: Louis Vuitton",9.8,"Amy Duong — April 8, 2025 — Lifestyle
References: us.louisvuitton",Lifestyle,https://www.trendhunter.com/trends/egg-bag
Customized Luggage Lines,"Luxury French fashion house Louis Vuitton turns its signature Egg Bag into a haute aesthetic as the limited chocolate collection turns heads. The Egg Bag is transformed into an edible version for Easter around the corner with the collaboration of French chocolatier Maxime Frédéric.

The limited capsule nods to the fashion house's runway history while offering a new level of luxury that could be eaten. The Egg Bag made its first appearance in 2019 by creative director Nicolas Ghesquière. It is now entirely reimagined with the LV monogram pattern that is etched into the chocolate's shell. To create the new bag, Frédéric used 70% dark chocolate at the exterior with the handles and zipper pulls in 40% milk chocolate and a smooth milk chocolate bar filled with roasted hazelnut gianduja to round it out.

Image Credit: Louis Vuitton",9.8,"Amy Duong — April 8, 2025 — Lifestyle
References: us.louisvuitton",Lifestyle,https://www.trendhunter.com/trends/egg-bag
AI-Driven Gaming Platforms,"Nintendo shines a spotlight on its iconic Piranha Plant camera from the Super Mario series -- it is developed by HORI and now licensed by Nintendo. This is a playful device for fans, allowing users a fun way to join video chats, share their screens, and get a closer look at moments that are integrated into games.

All of this excites fans for the upcoming launch of the Switch 2 game on June 5th. The camera can slot into the Switch 2 using USB-C plugs to merge elements of function and nostalgia. The camera has a flexible stem that allows users to bend and adjust the lens -- this helps with better framing when the chomping mouth also acts as a privacy shutter.

Image Credit: Media Markt",8,"Amy Duong — April 8, 2025 — Tech
References: mediamarkt.de",Tech,https://www.trendhunter.com/trends/piranha-plant-camera
Customized Luggage Lines,"Luxury French fashion house Louis Vuitton turns its signature Egg Bag into a haute aesthetic as the limited chocolate collection turns heads. The Egg Bag is transformed into an edible version for Easter around the corner with the collaboration of French chocolatier Maxime Frédéric.

The limited capsule nods to the fashion house's runway history while offering a new level of luxury that could be eaten. The Egg Bag made its first appearance in 2019 by creative director Nicolas Ghesquière. It is now entirely reimagined with the LV monogram pattern that is etched into the chocolate's shell. To create the new bag, Frédéric used 70% dark chocolate at the exterior with the handles and zipper pulls in 40% milk chocolate and a smooth milk chocolate bar filled with roasted hazelnut gianduja to round it out.

Image Credit: Louis Vuitton",9.8,"Amy Duong — April 8, 2025 — Lifestyle
References: us.louisvuitton",Lifestyle,https://www.trendhunter.com/trends/egg-bag
AI-Driven Gaming Platforms,"Nintendo shines a spotlight on its iconic Piranha Plant camera from the Super Mario series -- it is developed by HORI and now licensed by Nintendo. This is a playful device for fans, allowing users a fun way to join video chats, share their screens, and get a closer look at moments that are integrated into games.

All of this excites fans for the upcoming launch of the Switch 2 game on June 5th. The camera can slot into the Switch 2 using USB-C plugs to merge elements of function and nostalgia. The camera has a flexible stem that allows users to bend and adjust the lens -- this helps with better framing when the chomping mouth also acts as a privacy shutter.

Image Credit: Media Markt",8,"Amy Duong — April 8, 2025 — Tech
References: mediamarkt.de",Tech,https://www.trendhunter.com/trends/piranha-plant-camera
Fantasy Series Building Blocks,"LEGO introduces a new Expert Colosseum set which turns the iconic Rome monument into a miniature structure comprised of 9,036 pieces. It is both a captivating piece of decor and an inviting space for felines once it is completed. This design celebrates the iconic amphitheater and measures about 10 inches in height and 23 inches wide.

The build is ambitious with fine details throughout the structure. Fans have found that their cats have been particularly fond of the set as it has a texture and layout that is similar to laundry baskets. It boasts curved edges and has an enclosed base foundation that encourages both comfort and curiosity. The set reflects details with historical detail.

Image Credit: LEGO, Elenanoeva",4.3,"Amy Duong — April 8, 2025 — Pop Culture
References: lego",Pop Culture,https://www.trendhunter.com/trends/creator-expert-colosseum
Athlete-Collaborative Low-Cut Shoes,"Navneet Education is one of the biggest schoolbook publishers in India and it has presented the special Color Blindness Detection Book. It looks like any traditional children's learning book but the bright illustrations are Ishihara-style patterning, which is the same that doctors use to test color vision.

The notion is to have children engage with the images and teachers or parents will be able to detect when the child won't respond to certain colors. The book is made in collaboration with marketing communications company FCB Group India along with a team of ophthalmologists and educators. The book effortlessly integrates color vision tests directly into the books that young children already use naturally to feel like a seamlessly integrated test.

Image Credit: Navneet, FCB Group India",7.1,"Amy Duong — April 8, 2025 — Lifestyle
References: navneet",Lifestyle,https://www.trendhunter.com/trends/color-blindness-detection-book
All-Season Ice Creams,"Crumbl works in collaboration with the Kardashian Jenner family on a new exclusive menu that will be available from April 7th to April 12th. Fans can indulge in the collection of sweets that are inspired by the famous family. Each member of the family has a custom dessert which is made to reflect their unique style and profiles.

Kris' cookie is a Classic Yellow Layer Cake, which is a double-layer yellow cake that is filled with fudge frosting and chocolate glaze. Kourtney's cookie is a Flourless Chocolate Cake, made with no refined sugars or gluten and topped with fresh raspberries. Kim's Snickerdoodle Crumb Cake cookie has a snickerdoodle base with white chips, cinnamon streusel, and a white chocolate drizzle, to name a few.

Image Credit: Crumbl",4.1,"Amy Duong — April 8, 2025 — Lifestyle
References: crumblcookies",Lifestyle,https://www.trendhunter.com/trends/kardashian-jenner
Celebratory Racer Timepieces,"The BVLGARI Octo Finissimo Ultra Tourbillon has been showcased as the brand's 10th world record for thin timepieces that's positioned as the thinnest tourbillon ever observed.

The watch is powered by the brand's BVF 900 manually wound movement and features a 42-hour power reserve inside despite its impossibly compact design. The timepiece appears as simple yet industrial model from the straightforward viewpoint, but measures in at just 1.85mm in thickness when viewing from the profile. The bracelet, crafted out of the same titanium as the watch's casing, measures in at 1.5mm in thickness.

The BVLGARI Octo Finissimo Ultra Tourbillon was showcased by the brand at Watches and Wonders Geneva 2025, and builds on the brand's burgeoning legacy for high-quality timepieces that push boundaries.

Image Credit: BVLGARI",8.4,"Michael Hemsworth — April 8, 2025 — Fashion
References: bulgari & highsnobiety",Fashion,https://www.trendhunter.com/trends/bvlgari-octo-finissimo-ultra-tourbillon
All-Season Ice Creams,"Crumbl works in collaboration with the Kardashian Jenner family on a new exclusive menu that will be available from April 7th to April 12th. Fans can indulge in the collection of sweets that are inspired by the famous family. Each member of the family has a custom dessert which is made to reflect their unique style and profiles.

Kris' cookie is a Classic Yellow Layer Cake, which is a double-layer yellow cake that is filled with fudge frosting and chocolate glaze. Kourtney's cookie is a Flourless Chocolate Cake, made with no refined sugars or gluten and topped with fresh raspberries. Kim's Snickerdoodle Crumb Cake cookie has a snickerdoodle base with white chips, cinnamon streusel, and a white chocolate drizzle, to name a few.

Image Credit: Crumbl",4.1,"Amy Duong — April 8, 2025 — Lifestyle
References: crumblcookies",Lifestyle,https://www.trendhunter.com/trends/kardashian-jenner
All-Season Ice Creams,"Crumbl works in collaboration with the Kardashian Jenner family on a new exclusive menu that will be available from April 7th to April 12th. Fans can indulge in the collection of sweets that are inspired by the famous family. Each member of the family has a custom dessert which is made to reflect their unique style and profiles.

Kris' cookie is a Classic Yellow Layer Cake, which is a double-layer yellow cake that is filled with fudge frosting and chocolate glaze. Kourtney's cookie is a Flourless Chocolate Cake, made with no refined sugars or gluten and topped with fresh raspberries. Kim's Snickerdoodle Crumb Cake cookie has a snickerdoodle base with white chips, cinnamon streusel, and a white chocolate drizzle, to name a few.

Image Credit: Crumbl",4.1,"Amy Duong — April 8, 2025 — Lifestyle
References: crumblcookies",Lifestyle,https://www.trendhunter.com/trends/kardashian-jenner
Dynamic Sauce Collections,"Chipotle fans have dubbed the restaurant's black forks ""flavor enhancers,"" and for National Fork Day, Chipotle dropped an Extra Fork Collection. This online-exclusive collection includes a display box with 53 black Chipotle forks available for $30, plus two free entrée cards.

Chipotle Rewards members in the United States have the opportunity to win the Extra Fork Collection via the Rewards Exchange on the Chipotle app and website. From April 8th through April 22ns, Chipotle Rewards members can exchange 10 points for one entry for a chance to win.

For all the fork fans out there, Chipotle also launched new and previously sold-out fork-inspired apparel as a tie-in to the holiday centered on cutlery.",9.1,"Laura McQuarrie — April 8, 2025 — Marketing
References: chipotlegoods & nrn",Marketing,https://www.trendhunter.com/trends/extra-fork-collection
Dynamic Sauce Collections,"Chipotle fans have dubbed the restaurant's black forks ""flavor enhancers,"" and for National Fork Day, Chipotle dropped an Extra Fork Collection. This online-exclusive collection includes a display box with 53 black Chipotle forks available for $30, plus two free entrée cards.

Chipotle Rewards members in the United States have the opportunity to win the Extra Fork Collection via the Rewards Exchange on the Chipotle app and website. From April 8th through April 22ns, Chipotle Rewards members can exchange 10 points for one entry for a chance to win.

For all the fork fans out there, Chipotle also launched new and previously sold-out fork-inspired apparel as a tie-in to the holiday centered on cutlery.",9.1,"Laura McQuarrie — April 8, 2025 — Marketing
References: chipotlegoods & nrn",Marketing,https://www.trendhunter.com/trends/extra-fork-collection
Chocolatey British Butters,"The Almond Butter and Chocolate masterclass is being expanded by the Almond Board of California (ABC) through a collaboration with the Culinary Institute of America (CIA) to offer professionals new tips and techniques to take advantage of.

The course features chefs Anissa Dann and Robert Jorin who will highlight the various roles that almond butter can play in a variety of chocolate applications. Food professionals will learn how the industry is changing and how to stay ahead of the curve in the face of changing consumer preferences, industry challenges and more.

Associate Director of Trade Marketing & Stewardship at the ABC Harbinder Maan spoke on the Almond Butter and Chocolate masterclass saying, ""With demand for premium, better-for-you and plant-based chocolates on the rise, confectioners are tasked with innovating for consumers while also navigating supply challenges. Working with the Culinary Institute of America was a natural evolution of our masterclass given their rich culinary curriculum and global reach. Through this masterclass, we aim to equip chefs and chocolatiers with the knowledge and inspiration to push the boundaries of chocolate innovation.”",5.4,"Michael Hemsworth — April 8, 2025 — Lifestyle
References: almonds & snackandbakery",Lifestyle,https://www.trendhunter.com/trends/almond-butter-and-chocolate-masterclass
High-End Fusion Restaurants,"Taiwan’s A Joy introduces an expansive and culturally rich dining experience with a spring menu featuring 14 refined dishes inspired by Tang dynasty poetry and seasonal ingredients such as wild greens and tender sprouts.

As a celebration of Taiwanese culinary heritage, A Joy presents over 300 delicacies across eight curated sections, blending tradition with innovation. Highlights include ""Golden Sand Bamboo Skewers, a creative interpretation of pig’s blood cake using bamboo shoots, barbecue sauce, and peanut powder.""

Beyond cuisine, A Joy serves as a cultural ambassador by integrating aesthetics, music, fragrance, and storytelling as guests are invited to share their experience with the world through a unique postcard mailing service offered on-site. Using high-quality, locally sourced ingredients, A Joy crafts an immersive, multi-sensory journey through Taiwan’s diverse food culture—positioning itself as a global showcase for the island’s vibrant culinary identity.

Image Credit: A Joy",6.7,"Debra John — April 8, 2025 — Lifestyle
References: multivu & prnewswire",Lifestyle,https://www.trendhunter.com/trends/taiwans-a-joy
High-End Fusion Restaurants,"Taiwan’s A Joy introduces an expansive and culturally rich dining experience with a spring menu featuring 14 refined dishes inspired by Tang dynasty poetry and seasonal ingredients such as wild greens and tender sprouts.

As a celebration of Taiwanese culinary heritage, A Joy presents over 300 delicacies across eight curated sections, blending tradition with innovation. Highlights include ""Golden Sand Bamboo Skewers, a creative interpretation of pig’s blood cake using bamboo shoots, barbecue sauce, and peanut powder.""

Beyond cuisine, A Joy serves as a cultural ambassador by integrating aesthetics, music, fragrance, and storytelling as guests are invited to share their experience with the world through a unique postcard mailing service offered on-site. Using high-quality, locally sourced ingredients, A Joy crafts an immersive, multi-sensory journey through Taiwan’s diverse food culture—positioning itself as a global showcase for the island’s vibrant culinary identity.

Image Credit: A Joy",6.7,"Debra John — April 8, 2025 — Lifestyle
References: multivu & prnewswire",Lifestyle,https://www.trendhunter.com/trends/taiwans-a-joy
Chocolatey British Butters,"The Almond Butter and Chocolate masterclass is being expanded by the Almond Board of California (ABC) through a collaboration with the Culinary Institute of America (CIA) to offer professionals new tips and techniques to take advantage of.

The course features chefs Anissa Dann and Robert Jorin who will highlight the various roles that almond butter can play in a variety of chocolate applications. Food professionals will learn how the industry is changing and how to stay ahead of the curve in the face of changing consumer preferences, industry challenges and more.

Associate Director of Trade Marketing & Stewardship at the ABC Harbinder Maan spoke on the Almond Butter and Chocolate masterclass saying, ""With demand for premium, better-for-you and plant-based chocolates on the rise, confectioners are tasked with innovating for consumers while also navigating supply challenges. Working with the Culinary Institute of America was a natural evolution of our masterclass given their rich culinary curriculum and global reach. Through this masterclass, we aim to equip chefs and chocolatiers with the knowledge and inspiration to push the boundaries of chocolate innovation.”",5.4,"Michael Hemsworth — April 8, 2025 — Lifestyle
References: almonds & snackandbakery",Lifestyle,https://www.trendhunter.com/trends/almond-butter-and-chocolate-masterclass
Dynamic Sauce Collections,"Chipotle fans have dubbed the restaurant's black forks ""flavor enhancers,"" and for National Fork Day, Chipotle dropped an Extra Fork Collection. This online-exclusive collection includes a display box with 53 black Chipotle forks available for $30, plus two free entrée cards.

Chipotle Rewards members in the United States have the opportunity to win the Extra Fork Collection via the Rewards Exchange on the Chipotle app and website. From April 8th through April 22ns, Chipotle Rewards members can exchange 10 points for one entry for a chance to win.

For all the fork fans out there, Chipotle also launched new and previously sold-out fork-inspired apparel as a tie-in to the holiday centered on cutlery.",9.1,"Laura McQuarrie — April 8, 2025 — Marketing
References: chipotlegoods & nrn",Marketing,https://www.trendhunter.com/trends/extra-fork-collection
Nutty Viral Chocolate-Inspired Spreads,"After watching videos of people trying Dubai chocolate and experiencing the viral treat for themselves, people are flocking to places like Shake Shack, serving unique menu items such as the Dubai Chocolate Pistachio Shake for a limited time. This indulgent treat brings together the richness of chocolate, the nutty flavors of pistachio, and the crispiness of kataifi—thin, shredded pastry dough made from filo—that has captured the interest of millions on social media.

Shake Shack's Dubai Chocolate Pistachio Shake has been in development since December 2024, and the perfected recipe is now ready to enjoy. Unlike other shakes, which tend to be smooth and creamy, this one authentically replicates the experience of Dubai chocolate with a crunch factor.",6.7,"Laura McQuarrie — April 8, 2025 — Lifestyle
References: timeout",Lifestyle,https://www.trendhunter.com/trends/dubai-chocolate-pistachio-shake
Nutty Viral Chocolate-Inspired Spreads,"After watching videos of people trying Dubai chocolate and experiencing the viral treat for themselves, people are flocking to places like Shake Shack, serving unique menu items such as the Dubai Chocolate Pistachio Shake for a limited time. This indulgent treat brings together the richness of chocolate, the nutty flavors of pistachio, and the crispiness of kataifi—thin, shredded pastry dough made from filo—that has captured the interest of millions on social media.

Shake Shack's Dubai Chocolate Pistachio Shake has been in development since December 2024, and the perfected recipe is now ready to enjoy. Unlike other shakes, which tend to be smooth and creamy, this one authentically replicates the experience of Dubai chocolate with a crunch factor.",6.7,"Laura McQuarrie — April 8, 2025 — Lifestyle
References: timeout",Lifestyle,https://www.trendhunter.com/trends/dubai-chocolate-pistachio-shake
Summer-Inspired Sparkling Water Lines,"Bonsoy Sparkling Coconut Water with Watermelon is the brand's latest flavor of its coconut water refreshment that's expected to be a hit amongst consumer this spring and summer as an ultra-refreshing option to try out.

The drink starts off with a base of coconut water sourced from organic Vietnamese coconuts that have been left on the tree for a longer period to mature, which results in a sweeter water. The drink is then paired with freshly pressed watermelon juice to achieve a sweet, summery taste. The drink comes in with 89.5$ coconut water and 10% watermelon juice.

Bonsoy Sparkling Coconut Water with Watermelon is suited for consumers of all ages and is perfect on its own over ice or even as a mixer with your favorite spirit.",8.9,"Michael Hemsworth — April 8, 2025 — Lifestyle
References: bonsoy & naturalproductsonline",Lifestyle,https://www.trendhunter.com/trends/sparkling-coconut-water-with-watermelon
Nutty Viral Chocolate-Inspired Spreads,"After watching videos of people trying Dubai chocolate and experiencing the viral treat for themselves, people are flocking to places like Shake Shack, serving unique menu items such as the Dubai Chocolate Pistachio Shake for a limited time. This indulgent treat brings together the richness of chocolate, the nutty flavors of pistachio, and the crispiness of kataifi—thin, shredded pastry dough made from filo—that has captured the interest of millions on social media.

Shake Shack's Dubai Chocolate Pistachio Shake has been in development since December 2024, and the perfected recipe is now ready to enjoy. Unlike other shakes, which tend to be smooth and creamy, this one authentically replicates the experience of Dubai chocolate with a crunch factor.",6.7,"Laura McQuarrie — April 8, 2025 — Lifestyle
References: timeout",Lifestyle,https://www.trendhunter.com/trends/dubai-chocolate-pistachio-shake
Cookie-Stuffed Sandwich Cookies,"These new Oreo frozen treats have been added to the brand's product portfolio as part of its year-round offerings that are intended to satisfy demand for sweet treats with a permissible profile. The products come in the form of the Oreo Bites and the Oreo Mini Bars, which are both characterized by their compact profile that will satisfy cravings with a small treat. The Mini Bars come in boxes of 10 servings that each have a crispy outer shell with a cookies and cream frozen dessert on the inside, while the Bites come with 14 pieces in each tub that are perfect for popping at leisure.

The new Oreo frozen treats are arriving now at retailers in the US just in time for the spring and summertime.",6.8,"Michael Hemsworth — April 8, 2025 — Lifestyle
References: oreo & csnews",Lifestyle,https://www.trendhunter.com/trends/oreo-frozen-treat
Miniature Household Cleaners,"Modern pop culture icons are frequently transformed into collectible figurines, and soon, a PIX! line of collectibles is dropping to offer historical figures the same treatment, immortalizing them as miniature representations of the past.

PIX! turned Marie Antoinette, Salvador Dali, and Mozart into collectibles with laser-printed, spot-varnished certificates of authenticity cards that are ready to be displayed.

The experience of collecting these figures is made more drop with a chance to claim a special edition version of each icon. There's a one-in-six chance of getting a limited-edition drop, like Guernica, and even slimmer chances of getting designs like Salvador Dali Museum, of which there are just 48 designs available. As such, the rare nature of these items creates a community eager to show off their sought-after finds.",9.1,"Laura McQuarrie — April 8, 2025 — Life-Stages
References: thrilljoy & thrilljoy",Life-Stages,https://www.trendhunter.com/trends/thrilljoy-pix
Nutty Viral Chocolate-Inspired Spreads,"After watching videos of people trying Dubai chocolate and experiencing the viral treat for themselves, people are flocking to places like Shake Shack, serving unique menu items such as the Dubai Chocolate Pistachio Shake for a limited time. This indulgent treat brings together the richness of chocolate, the nutty flavors of pistachio, and the crispiness of kataifi—thin, shredded pastry dough made from filo—that has captured the interest of millions on social media.

Shake Shack's Dubai Chocolate Pistachio Shake has been in development since December 2024, and the perfected recipe is now ready to enjoy. Unlike other shakes, which tend to be smooth and creamy, this one authentically replicates the experience of Dubai chocolate with a crunch factor.",6.7,"Laura McQuarrie — April 8, 2025 — Lifestyle
References: timeout",Lifestyle,https://www.trendhunter.com/trends/dubai-chocolate-pistachio-shake
Cuisine-Focused Luxury Travel Experiences,"Four Seasons presents 'Beyond the Beaches: Journey into the Heart of Hawaiian Culture,' a curated experience across its five Hawaiian resorts in Maui, Oahu, Hawaii Island, and Lanai. Designed to immerse guests in local traditions and landscapes, the program features personalized activities led by artists, farmers, ocean guides, and cultural practitioners.

At Four Seasons Resort Hualalai, guests explore sandalwood farming through the Iliahi Farm and Spa journey or experience curated freediving with the Kimi Werner Ocean Experience. In Maui, the Live Aloha program offers cultural immersion, including a behind-the-scenes look at hula, led by “Aunt Wendy” Tuivaioge. From Oahu, guided hikes to Ma‘ili Pillbox reveal scenic connections to land and ocean. On Lanai, Holoholo Island Tours and traditional craft lessons deepen ties to community and nature, offering travelers an authentic and meaningful Hawaiian escape.

Overall, these experiences tap into 'slow travel,' so that travelers can develop curated memories with their stays.

Image Credit: Four Seasons Hotels and Resorts",5.5,"Debra John — April 8, 2025 — World
References: fourseasons & prnewswire",World,https://www.trendhunter.com/trends/beyond-the-beaches
Anti-Acne LED Pens,"Dermalogica’s New 'LuminFusion' treatment is the ultimate seasonal refresh your skin didn’t know it needed until now. Designed as the ultimate 'spring clean' for your complexion, this professional-grade treatment targets dullness, uneven tone, and fine lines with cutting-edge, zero-downtime technology.

At the heart of LuminFusion is the all-new 'Pro-Pen,' the first of its kind in Canada. This advanced nanoinfusion tool gently delivers powerful actives into the top layer of your skin without puncturing it, making it safe and effective for all skin types, including sensitive skin. Combined with a potent retinol peel and LED red light therapy, the treatment visibly smooths, brightens and deeply hydrates for a lasting glow.

Available exclusively at Dermalogica flagship locations across Canada, this $250 treatment is redefining non-invasive skincare.

Image Credit: Dermalogica",8.4,"Georgia Wray Norsten — April 7, 2025 — Fashion
References: dermalogica",Fashion,https://www.trendhunter.com/trends/dermalogicas-new-luminfusion-treatment
Customizable Baby Food Apps,"PBZ OTC is the first new topical antihistamine in half a century and this innovative medicine cabinet staple is launching to provide fast, safe and effective relief from the pain and discomfort associated with itching onset by insect bites, poison ivy, sunburn, and more.

The family-friendly itch relief solution is suitable for ages two and up, and it sets itself apart from other topical antihistamines by being safe to use alongside oral allergy medications such as Benadryl. PBZ OTC is a gentle, steroid-free formula that manages itching without limiting options for families, all while being non-greasy, quick to absorb and easy to take on the go without worry of side effects like drowsiness.

In the Immediate Relief Category, PBZ OTC was been named Product of the Year 2025.",3.8,"Laura McQuarrie — April 7, 2025 — Lifestyle
References: pbzotc & prnewswire",Lifestyle,https://www.trendhunter.com/trends/pbz-otc
Customizable Baby Food Apps,"PBZ OTC is the first new topical antihistamine in half a century and this innovative medicine cabinet staple is launching to provide fast, safe and effective relief from the pain and discomfort associated with itching onset by insect bites, poison ivy, sunburn, and more.

The family-friendly itch relief solution is suitable for ages two and up, and it sets itself apart from other topical antihistamines by being safe to use alongside oral allergy medications such as Benadryl. PBZ OTC is a gentle, steroid-free formula that manages itching without limiting options for families, all while being non-greasy, quick to absorb and easy to take on the go without worry of side effects like drowsiness.

In the Immediate Relief Category, PBZ OTC was been named Product of the Year 2025.",3.8,"Laura McQuarrie — April 7, 2025 — Lifestyle
References: pbzotc & prnewswire",Lifestyle,https://www.trendhunter.com/trends/pbz-otc
Functional Superfood Chocolates,"Seattle-based musician and chocolatier Aaron Lindstrom founded Cocoa Legato, a new bean-to-bar chocolate factory and café that hosts live music performances. “I wanted to create something that amplifies my city's vibrant music scene and incredible artists while also honoring my Colombian heritage,” said Lindstrom, “Tasting chocolate should be a symphony for your senses. The rich smell, captivating visuals, the fun feel of the chocolate bar design, mouthwatering taste, and now the sound.""

Cocoa Legato chocolate bars are enhanced with QR codes that take snackers to a song by an independent Seattle-based musician, plus instructions on how to pair the music for a multisensory experience. These bars are launching in five varieties, like the 70% cacao Piano Bar made with Columbian dark chocolate.",7.7,"Laura McQuarrie — April 7, 2025 — Lifestyle
References: cocoalegatochocolate & businesswire",Lifestyle,https://www.trendhunter.com/trends/cocoa-legato
Intimate Customized Denim Events,"Mars the Label is redefining everyday fashion with its latest denim collection crafted for women who live in their jeans and love making a statement. From sleek silhouettes to all-day wearability, this drop proves that denim isn't just a staple -- it’s a lifestyle.

Designed by founder Arianna Ajtar, the British-born brand empowers women to embrace their curves and confidence through perfectly tailored, body-contouring pieces. Standout styles like the light-wash 'Ivana Jeans' and rich-toned 'Mika Jeans' offer options for every vibe, while matching sets like 'The Cindy' and 'Rosalie' make head-to-toe denim feel effortlessly elevated.

For the ultimate 'Mars Girl,' versatility is key. The 'Denim Vest' and co-ord separates are built to mix and match, taking you from brunch to rooftop drinks without missing a beat. The collection is available now at marsthelabel.com.

Image Credit: Mars the Label",7.8,"Georgia Wray Norsten — April 7, 2025 — Fashion
References: marsthelabel & instagram",Fashion,https://www.trendhunter.com/trends/mars-the-label
Mysterious Cartoon Board Games,"Award-winning board game designer Ellie Dix created Adventures in Friskies World with insights from Purina pet behaviorist Dr. Annie Valuska, introducing a fun new experience inspired by the playful, curious and mischievous nature of cats.

This board game for cat lovers balances elements of strategy with lightheartedness so that casual players and experts can all enjoy a good time together. The game includes cards, and ultimately, players compete to rack up as many star points as possible. As a cat-centric game that reminds pet owners that felines are natural explorers who need play and mental stimulation, Adventures in Friskies Worl comes with a special cat toy and a classic favorite—a cardboard shipping box.

This cat-inspired board game adventure is a limited-edition release available for pre-order as of National Board Game Day.",6.4,"Laura McQuarrie — April 7, 2025 — Life-Stages
References: boardgame.friskies & morningstar",Life-Stages,https://www.trendhunter.com/trends/adventures-in-friskies-world
Mysterious Cartoon Board Games,"Award-winning board game designer Ellie Dix created Adventures in Friskies World with insights from Purina pet behaviorist Dr. Annie Valuska, introducing a fun new experience inspired by the playful, curious and mischievous nature of cats.

This board game for cat lovers balances elements of strategy with lightheartedness so that casual players and experts can all enjoy a good time together. The game includes cards, and ultimately, players compete to rack up as many star points as possible. As a cat-centric game that reminds pet owners that felines are natural explorers who need play and mental stimulation, Adventures in Friskies Worl comes with a special cat toy and a classic favorite—a cardboard shipping box.

This cat-inspired board game adventure is a limited-edition release available for pre-order as of National Board Game Day.",6.4,"Laura McQuarrie — April 7, 2025 — Life-Stages
References: boardgame.friskies & morningstar",Life-Stages,https://www.trendhunter.com/trends/adventures-in-friskies-world
Protein-Packed Soda Beverages,"The Protein2o Lemon Lime clear protein drink is the brand's latest flavor option that's arriving as a Target exclusive that also coincides with the brand's additional retail expansion in the US market. The brand will be arriving at 1,400 Target locations to build on its success and will offer shoppers the citrusy flavor option in four packs. The drink features 20-grams of clear whey protein isolate alongside 350mg of electrolytes, 100% of the recommended daily intake of vitamins B5 and B6 with no artificial sweeteners or sugar and 90-calories per bottle.

Chief Commercial Officer Jill Short-Clark commented on the Protein2o Lemon Lime clear protein drink and retail expansion saying, ""Launching nationwide in Target is a pivotal milestone in our mission to bring fitness enthusiasts more from their protein drinks in a new refreshing way for useage throughout their day. Target shoppers have a thirst for healthy and functional products like Protein2o and we couldn’t be more excited to expose our brand to all of these new consumers.”",8.3,"Michael Hemsworth — April 7, 2025 — Lifestyle
References: drinkprotein2o & retailtimes",Lifestyle,https://www.trendhunter.com/trends/protein2o-lemon-lime
Mysterious Cartoon Board Games,"Award-winning board game designer Ellie Dix created Adventures in Friskies World with insights from Purina pet behaviorist Dr. Annie Valuska, introducing a fun new experience inspired by the playful, curious and mischievous nature of cats.

This board game for cat lovers balances elements of strategy with lightheartedness so that casual players and experts can all enjoy a good time together. The game includes cards, and ultimately, players compete to rack up as many star points as possible. As a cat-centric game that reminds pet owners that felines are natural explorers who need play and mental stimulation, Adventures in Friskies Worl comes with a special cat toy and a classic favorite—a cardboard shipping box.

This cat-inspired board game adventure is a limited-edition release available for pre-order as of National Board Game Day.",6.4,"Laura McQuarrie — April 7, 2025 — Life-Stages
References: boardgame.friskies & morningstar",Life-Stages,https://www.trendhunter.com/trends/adventures-in-friskies-world
Artisanal Easter Kits,"The Topps I Love Bunnies collection has been launched by the trading card brand as a new lineup of collectibles that are arriving at just the right time to coincide with Easter season. The collection consists of cute, fuzzy collectibles that all come in the form of bunny rabbits and come in single packs as well as tins and multipacks. The products come in a total of 17 characters that come with one figurine in the pack alongside trading cards to position them as a great option for gifting and collectors alike.

The Topps I Love Bunnies collection is priced at £3.50 for blind packets, while the Easter egg tins with two packs are priced at £8.50. The range also features collectors' packs and four-packs priced at £8.99 and £13.99, respectively.",5.1,"Michael Hemsworth — April 7, 2025 — Life-Stages
References: topps & talkingretail",Life-Stages,https://www.trendhunter.com/trends/topps-i-love-bunnies
Cocktail-Ready Spritz Syrups,"Islands Chocolate launched a new chocolate syrup in the UK and it's a standout made with ethically sourced non-Dutched cocoa and a minimal ingredient list. ""Characteristically of Islands Chocolate, we're using non-Dutched cocoa and as far as we know, this is completely unique to the chocolate syrup market,"" said Wilf Marriot, founder and CEO of Islands Chocolate.

This syrup developed with AAK makes the most of 18% Caribbean cocoa and stands out from the majority of chocolate syrups on the market prepared with only natural cocoa flavorings. This rich, versatile syrup can be enjoyed in a variety of chocolate drinks, milkshakes, as well as for drizzling over ice creams and desserts for extra decadence.",6.4,"Laura McQuarrie — April 7, 2025 — Lifestyle
References: islandschocolate & beveragedaily",Lifestyle,https://www.trendhunter.com/trends/islands-chocolate
Cocktail-Ready Spritz Syrups,"Islands Chocolate launched a new chocolate syrup in the UK and it's a standout made with ethically sourced non-Dutched cocoa and a minimal ingredient list. ""Characteristically of Islands Chocolate, we're using non-Dutched cocoa and as far as we know, this is completely unique to the chocolate syrup market,"" said Wilf Marriot, founder and CEO of Islands Chocolate.

This syrup developed with AAK makes the most of 18% Caribbean cocoa and stands out from the majority of chocolate syrups on the market prepared with only natural cocoa flavorings. This rich, versatile syrup can be enjoyed in a variety of chocolate drinks, milkshakes, as well as for drizzling over ice creams and desserts for extra decadence.",6.4,"Laura McQuarrie — April 7, 2025 — Lifestyle
References: islandschocolate & beveragedaily",Lifestyle,https://www.trendhunter.com/trends/islands-chocolate
Comfortable Seamless Bras,"The 'Underwire Bra Collection' represents Parade’s entry into structured intimates, officially launching its 'Always On Core Bra Collection' on April 4. This debut includes three underwire bra silhouettes, designed in collaboration with the Parade community to provide reliable support, enhanced fit, and long-lasting comfort.

The collection consists of 16 individual bras, available in a wide range of prints and colors, crafted from Parade’s sustainable 'Silky Mesh' and 'Re:Play' fabrics with sizes spanning from XS to 3XL to ensure inclusive accessibility.

Each silhouette is engineered to deliver a supportive yet lightweight fit, addressing consumer demand for underwire bras that combine structure with softness. Designed for everyday wear, the collection provides lift without discomfort, aiming to redefine underwire expectations. With this launch, Parade reinforces its position as a leader in sustainable, comfort-focused intimates while expanding its product offerings to meet evolving wardrobe needs.

Image Credit: Parade",8.6,"Debra John — April 7, 2025 — Social Good
References: instagram & yourparade",Social Good,https://www.trendhunter.com/trends/underwire-bra-collection
Hidden Gardens-Inspired Dress Collections,"Katherine Tash's Spring 2026 'Heritage Collection' is a love letter to timeless elegance reimagined for the modern bride. Unveiled in the designer’s new 6,000-square-foot private atelier in Santa Monica, the collection reflects Tash’s signature blend of contemporary sophistication and classic romance.

Every gown is handcrafted by skilled artisans in Los Angeles, using only the finest silk fabrics and sustainable practices. With flowing silhouettes, delicate draping, and subtle nods to vintage couture, the Heritage Collection is designed for women who crave effortless beauty and meaningful craftsmanship on their wedding day.

Rooted in her background designing luxury evening wear, Tash continues to push the boundaries of bridal design. Each piece embodies grace and modern femininity -- perfect for brides seeking personal expression without sacrificing tradition.

Image Credit: Katherine Tash",9.9,"Georgia Wray Norsten — April 7, 2025 — Lifestyle
References: katherinetash & instagram",Lifestyle,https://www.trendhunter.com/trends/katherine-tashs-spring-2026
Effective Teeth Stain Wipes,"Snow is looking to revolutionize the oral care space with a whitening electric toothbrush. The set features the Snowlight™ Advanced Whitening Electric Toothbrush, two Triple LED soft-bristled brush heads, a UV disinfecting travel case, a face brush, a tongue scraper, a long-lasting charge, and a charging base.

The whitening electric toothbrush boasts a few settings—a whitening mode, a sensitive mode, a massage mode for gums, and a combo mode for whitening and gum care. The Snowlight™ Triple LED lights are color-coded, as well, with blue for whitening support, red for gum care, and purple for both. Other features of Snow's Whitening Electric Toothbrush include an intelligent brushing timer, as well as self-sanitizing capabilities for the on-the-go case.

Image Credit: Snow",5.2,"Kalin Ned — July 24, 2023 — Lifestyle
References: trysnow",Lifestyle,https://www.trendhunter.com/trends/whitening-electric-toothbrush
Electrolytic Dog Toothbrushes,"The Ultim8 SmartBrush System was created to provide solutions to three major pain points of the everyday oral care experience. According to the dentist-founded brand SuperMouth, traditional toothbrushes are ineffective, unsafe, and unhygienic. Both manual and electric toothbrushes can still fail to reach difficult-to-clean areas of the mouth, and to make matters worse, many toothbrushes are overly abrasive.

The Ultim8 SmartBrush System created by Dr. Kami Hoss—founder of SuperMouth—delivers a different experience with ortho-specific cleaning power that boasts enhanced performance around braces, wires and brackets; real-time pressure sensors; and a patent-pending SmartHub with a built-in UV sanitizer to eliminate 99.9% of germs.

Since aesthetic appeal can play a part in encouraging the display and use of toothbrushes, the system is available in Sapphire Blue, Pearly White, and Rose Gold colorways.",4.6,"Laura McQuarrie — November 21, 2024 — Lifestyle
References: supermouth & businesswire",Lifestyle,https://www.trendhunter.com/trends/ultim8-smartbrush-system
Professional-Grade Sonic Toothbrushes,"The UMMA Diamond Sonic Toothbrush from TAO Clean is an advanced oral care device designed to deliver superior cleaning performance. It utilizes sonic technology to produce 40,000 brush strokes per minute, effectively removing plaque and surface stains while promoting healthier gums. The toothbrush features two brushing modes—regular cleaning and gentle cleaning—catering to diverse oral care needs, including those with sensitive teeth and gums. Its ergonomic design ensures ease of use, while the built-in timer with 30-second intervals encourages thorough brushing by guiding users to clean each quadrant of their mouth.

A standout feature of the UMMA Diamond Sonic Toothbrush is its patented UV-C sanitizing docking station, which eliminates 99.9% of germs and bacteria from the brush head after each use. This docking station also includes a drying mechanism to prevent moisture buildup, ensuring the toothbrush remains hygienic and ready for use. The device is available in multiple color options and comes with interchangeable brush heads to accommodate various preferences. With its combination of advanced technology and user-friendly design, the UMMA Diamond Sonic Toothbrush represents a comprehensive solution for maintaining optimal oral hygiene.

Image Credit: TAO Clean",5.6,"Colin Smith — April 7, 2025 — Tech
References: taoclean",Tech,https://www.trendhunter.com/trends/umma-diamond-sonic-toothbrush
High-ABV Citrus Beverages,"Cherry Hooch is the brand's latest flavor of its signature refreshment that's crafted with bold, refreshing flavor in the spotlight to work well for consumers this spring and summer. The drink features the signature flavor of Hooch in the base, which is elevated with a bold pop of cherry flavor in the mix to give it a new yet familiar taste. The drink has a 3.4% ABV that positions it as perfect for casual sipping and is targeted towards Millennial and Gen Z consumers with an interest in cherry flavored refreshments.

Brand Manager Jacob Barrett spoke on the Cherry Hooch saying, ""As demand for bold fruit flavours continues to grow, Cherry Hooch is the perfect way to shake up the drinks aisle and on-trade venues. Whether enjoying it straight from the can or mixing it up in creative cocktails, this new flavour is here to make a statement.”",6.1,"Michael Hemsworth — April 7, 2025 — Lifestyle
References: hoochdrink & grocerytrader",Lifestyle,https://www.trendhunter.com/trends/cherry-hooch
Ready-to-Pour Mixologist Cocktails,"Altos Strawberry Margarita has been launched in response to the success of the brand's first ready-to-serve Margarita as a fruit-forward update that's expected to be a hit as we head into the spring and summer months. The drink is crafted with the brand's award-winning Plata Tequila along with triple sec, agave syrup and real ripe strawberries. These ingredients combine to create a ready-to-pour cocktail that's as close to freshly mixed as possible to work well for consumers seeking out quality, but also convenience.

Altos Strawberry Margarita comes in 750ml bottles to accommodate consumers looking to pour drinks as big or small as desired. This responds to increased calls for customization and could support drinkers looking to casually sip on a fresh cocktail without the associated mixing this spring and summer.",4.6,"Michael Hemsworth — April 7, 2025 — Lifestyle
References: olmecaaltos & grocerytrader",Lifestyle,https://www.trendhunter.com/trends/altos-strawberry-margarita
Free-Range Dairy Iced Coffees,"The Rude Health Iced Coffee range is headed to the UK market as a series of chilled, dairy-free refreshments for consumers to pick up this spring instead of beelining to their nearest cafe for a caffeine boost. The drink range consists of two options including the Oat Latte iced coffee and Mocha iced coffee flavors, which are both organic, dairy-free and have no added sugar. The drinks are reported to be non-ultra processed foods (UPFs) with no artificial thickeners or additives in the mix, while the coffee used is sustainably sourced from farms in Latin America.

Head of Innovation & Sustainability Bertel Haugen commented on the Rude Health Iced Coffee range saying, ""At Rude Health, we’re passionate about quality ingredients. Just as we source the best oats, almonds, and coconuts for our milks, we take the same care with our coffee. We use only organic Arabica beans for their smooth, complex flavor, grown sustainably on certified organic farms in Latin America, ensuring biodiversity protection. And our coffee is cold-brewed for a naturally smooth, subtle taste vs the standard hot brewing method.""",9.2,"Michael Hemsworth — April 7, 2025 — Lifestyle
References: rudehealth & grocerytrader",Lifestyle,https://www.trendhunter.com/trends/iced-coffee-range
High-ABV Citrus Beverages,"Cherry Hooch is the brand's latest flavor of its signature refreshment that's crafted with bold, refreshing flavor in the spotlight to work well for consumers this spring and summer. The drink features the signature flavor of Hooch in the base, which is elevated with a bold pop of cherry flavor in the mix to give it a new yet familiar taste. The drink has a 3.4% ABV that positions it as perfect for casual sipping and is targeted towards Millennial and Gen Z consumers with an interest in cherry flavored refreshments.

Brand Manager Jacob Barrett spoke on the Cherry Hooch saying, ""As demand for bold fruit flavours continues to grow, Cherry Hooch is the perfect way to shake up the drinks aisle and on-trade venues. Whether enjoying it straight from the can or mixing it up in creative cocktails, this new flavour is here to make a statement.”",6.1,"Michael Hemsworth — April 7, 2025 — Lifestyle
References: hoochdrink & grocerytrader",Lifestyle,https://www.trendhunter.com/trends/cherry-hooch
Unique Culinary Experiences,"Flagship lounge guests can now experience a vibrant new spring menu as American Airlines partners with the James Beard Foundation to bring regionally inspired dishes to select lounge and Flagship® First Dining locations. This seasonal refresh highlights fresh ingredients and globally influenced flavors crafted by renowned chefs, each reflecting their departure city’s culinary character.

At Dallas-Fort Worth (DFW), Tiffany Derry offers coconut chicken curry, while Sarah Gruenberg at Chicago O’Hare (ORD) presents a smoked salmon lentil salad. Miami (MIA) features Timon Balloo’s citrus-forward pink shrimp ceviche, and Los Angeles (LAX) introduces Brandon Kida’s bao bar with crispy mushroom and fried chicken options. At New York (JFK), Ayesha Nurdjaja brings bold Mediterranean shrimp skewers.

With each dish, the Flagship Lounge dining experience evolves into a curated culinary journey, offering premium, restaurant-style service before takeoff.

Image Credit: American Airlines",4.5,"Debra John — April 7, 2025 — World
References: instagram & news.aa",World,https://www.trendhunter.com/trends/flagship-lounge
Free-Range Dairy Iced Coffees,"The Rude Health Iced Coffee range is headed to the UK market as a series of chilled, dairy-free refreshments for consumers to pick up this spring instead of beelining to their nearest cafe for a caffeine boost. The drink range consists of two options including the Oat Latte iced coffee and Mocha iced coffee flavors, which are both organic, dairy-free and have no added sugar. The drinks are reported to be non-ultra processed foods (UPFs) with no artificial thickeners or additives in the mix, while the coffee used is sustainably sourced from farms in Latin America.

Head of Innovation & Sustainability Bertel Haugen commented on the Rude Health Iced Coffee range saying, ""At Rude Health, we’re passionate about quality ingredients. Just as we source the best oats, almonds, and coconuts for our milks, we take the same care with our coffee. We use only organic Arabica beans for their smooth, complex flavor, grown sustainably on certified organic farms in Latin America, ensuring biodiversity protection. And our coffee is cold-brewed for a naturally smooth, subtle taste vs the standard hot brewing method.""",9.2,"Michael Hemsworth — April 7, 2025 — Lifestyle
References: rudehealth & grocerytrader",Lifestyle,https://www.trendhunter.com/trends/iced-coffee-range
Floral Honey Deodorants,"The Refillable Deodorant with Macadamia + Bergamot is the latest creation from the UK-based upcycled beauty brand that's crafted with food waste in mind to help combat against it. The personal care product has a 100% natural formulation that includes upcycled prickly pear alongside macadamia oil and bergamot and lime scent to give it a fresh, invigorating profile. The product is rated to provide up to 24-hours of odor protection, while also being cruelty-free, Certified Vegan, Plastic Negative and B Corp approved.

The Refillable Deodorant with Macadamia + Bergamot boasts as balmy, non-sticky texture that comes packaged in an aluminum case that gives it higher end feel when compared to conventional plastic alternatives on the market. The deodorant will actually help to soften and soothe the skin, while also preventing hyperpigmentation.",8.1,"Michael Hemsworth — April 7, 2025 — Fashion
References: upcirclebeauty & naturalproductsonline",Fashion,https://www.trendhunter.com/trends/refillable-deodorant-with-macadamia-bergamot
Free-Range Dairy Iced Coffees,"The Rude Health Iced Coffee range is headed to the UK market as a series of chilled, dairy-free refreshments for consumers to pick up this spring instead of beelining to their nearest cafe for a caffeine boost. The drink range consists of two options including the Oat Latte iced coffee and Mocha iced coffee flavors, which are both organic, dairy-free and have no added sugar. The drinks are reported to be non-ultra processed foods (UPFs) with no artificial thickeners or additives in the mix, while the coffee used is sustainably sourced from farms in Latin America.

Head of Innovation & Sustainability Bertel Haugen commented on the Rude Health Iced Coffee range saying, ""At Rude Health, we’re passionate about quality ingredients. Just as we source the best oats, almonds, and coconuts for our milks, we take the same care with our coffee. We use only organic Arabica beans for their smooth, complex flavor, grown sustainably on certified organic farms in Latin America, ensuring biodiversity protection. And our coffee is cold-brewed for a naturally smooth, subtle taste vs the standard hot brewing method.""",9.2,"Michael Hemsworth — April 7, 2025 — Lifestyle
References: rudehealth & grocerytrader",Lifestyle,https://www.trendhunter.com/trends/iced-coffee-range
Free-Range Dairy Iced Coffees,"The Rude Health Iced Coffee range is headed to the UK market as a series of chilled, dairy-free refreshments for consumers to pick up this spring instead of beelining to their nearest cafe for a caffeine boost. The drink range consists of two options including the Oat Latte iced coffee and Mocha iced coffee flavors, which are both organic, dairy-free and have no added sugar. The drinks are reported to be non-ultra processed foods (UPFs) with no artificial thickeners or additives in the mix, while the coffee used is sustainably sourced from farms in Latin America.

Head of Innovation & Sustainability Bertel Haugen commented on the Rude Health Iced Coffee range saying, ""At Rude Health, we’re passionate about quality ingredients. Just as we source the best oats, almonds, and coconuts for our milks, we take the same care with our coffee. We use only organic Arabica beans for their smooth, complex flavor, grown sustainably on certified organic farms in Latin America, ensuring biodiversity protection. And our coffee is cold-brewed for a naturally smooth, subtle taste vs the standard hot brewing method.""",9.2,"Michael Hemsworth — April 7, 2025 — Lifestyle
References: rudehealth & grocerytrader",Lifestyle,https://www.trendhunter.com/trends/iced-coffee-range
Floral Honey Deodorants,"The Refillable Deodorant with Macadamia + Bergamot is the latest creation from the UK-based upcycled beauty brand that's crafted with food waste in mind to help combat against it. The personal care product has a 100% natural formulation that includes upcycled prickly pear alongside macadamia oil and bergamot and lime scent to give it a fresh, invigorating profile. The product is rated to provide up to 24-hours of odor protection, while also being cruelty-free, Certified Vegan, Plastic Negative and B Corp approved.

The Refillable Deodorant with Macadamia + Bergamot boasts as balmy, non-sticky texture that comes packaged in an aluminum case that gives it higher end feel when compared to conventional plastic alternatives on the market. The deodorant will actually help to soften and soothe the skin, while also preventing hyperpigmentation.",8.1,"Michael Hemsworth — April 7, 2025 — Fashion
References: upcirclebeauty & naturalproductsonline",Fashion,https://www.trendhunter.com/trends/refillable-deodorant-with-macadamia-bergamot
Festive Holiday-Themed Doughnuts,"The Krispy Kreme Hoppy Easter Collection has been launched by the donut brand as a series of menu items perfect for consumers to pick up on their next visit that don't skimp on springtime inspiration. The collection of confectionery treats include the Bunny Basket Doughnut, Marshmallow Bunny Doughnut, Bouncing Bunny Doughnut and the Strawberry Iced Doughnut with Sprinkles. The treats are each being offered individually or by the dozen and can be ordered in-store as well as through the brand's app and website for pickup or delivery.

Chief Growth Officer Dave Skena spoke on the Krispy Kreme Hoppy Easter Collection saying, ""We’re passing on the eggs this Easter and instead hopping into the holiday with all-new bunny-themed doughnuts that are almost too cute to eat. Almost! And … you don’t have to hunt for these doughnuts; just hop to a Krispy Kreme shop near you.""

Image Credit: Krispy Kreme",5,"Michael Hemsworth — April 7, 2025 — Lifestyle
References: krispykreme & qsrmagazine",Lifestyle,https://www.trendhunter.com/trends/krispy-kreme-hoppy-easter
Sporty Collaborative Streetwear Capsules,"The Dr. Martens x Palace collaboration debuts on April 11, presenting three unique interpretations of the classic '1461' silhouette. This release pays tribute to a 1988 trend in which Grolsch swing-top bottle caps were used as lace embellishments—a style made popular by Matt Goss of the band Bros. Each pair in the collection includes a Palace-branded bottle cap lace charm as a nod to this cultural reference.

Constructed from Dr. Martens’ signature 'Vintage Smooth' leather, the shoes are offered in 'black,' 'cherry red,' and 'camouflage.' They feature the durable BEN lug outsole, finished with the brand’s iconic yellow welt stitching. Notably, the traditional 'AirWair' heel loop has been replaced with a 'Palace' version, marking a distinctive update in branding for this special edition.

Accompanying the footwear release is a short film themed around the idea of waiting, starring ""poet John Cooper Clarke, Palace skaters Charlie Birch and Lucien Clarke, and actor/model Serena Motola.""

Image Credit: Dr. Martens",9.8,"Debra John — April 7, 2025 — Fashion
References: instagram & drmartens",Fashion,https://www.trendhunter.com/trends/dr-martens-x-palace
Holiday-Ready Upscale Dining Experiences,"Starting April 20, Casa Madera Toronto introduces its 'Sunday Buffet Brunch,' an elevated culinary experience that transforms the traditional buffet into an exceptional feast for the senses.

Guests are invited to craft their own multi-course experience from a selection that spans from refreshing, vibrant fruits and artisan salads. The buffet is thoughtfully divided into four stations: the 'Raw Bar' offers oysters and Nova Scotia snow crab, the 'Savory' station serves elevated breakfast staples like truffle scrambled eggs and turkey sausage, the 'Sweet' station tempts with freshly baked pastries and artisan bread, and lastly, the 'Carving Station' features sliced Prime Ontario Tomahawk steak and Pollo Asado.

Adding to the atmosphere, live music accompanies the brunch, creating an immersive and festive ambiance. This monthly event reflects Casa Madera’s commitment to exceptional dining and hospitality, offering an unforgettable experience for all who attend.

Image Credit: Casa Madera",9.2,"Debra John — April 7, 2025 — Lifestyle
References: 1hotels & sevenrooms",Lifestyle,https://www.trendhunter.com/trends/sunday-buffet-brunch
Festive Holiday-Themed Doughnuts,"The Krispy Kreme Hoppy Easter Collection has been launched by the donut brand as a series of menu items perfect for consumers to pick up on their next visit that don't skimp on springtime inspiration. The collection of confectionery treats include the Bunny Basket Doughnut, Marshmallow Bunny Doughnut, Bouncing Bunny Doughnut and the Strawberry Iced Doughnut with Sprinkles. The treats are each being offered individually or by the dozen and can be ordered in-store as well as through the brand's app and website for pickup or delivery.

Chief Growth Officer Dave Skena spoke on the Krispy Kreme Hoppy Easter Collection saying, ""We’re passing on the eggs this Easter and instead hopping into the holiday with all-new bunny-themed doughnuts that are almost too cute to eat. Almost! And … you don’t have to hunt for these doughnuts; just hop to a Krispy Kreme shop near you.""

Image Credit: Krispy Kreme",5,"Michael Hemsworth — April 7, 2025 — Lifestyle
References: krispykreme & qsrmagazine",Lifestyle,https://www.trendhunter.com/trends/krispy-kreme-hoppy-easter
Dessert-Filled Glass Purses,"The Soplica E. Wedel White Chocolate & Pistachio liqueur has been created in collaboration between the Polish vodka brand and the Polish confectionery brand as a dessert-inspired option for consumers to pick up this season. The product responds to the increased popularity of dessert-inspired spirits and can be enjoyed neat, on the rocks or as an ingredient in a cocktail. The brand recommends the Pistachio Delight recipe as being the best way to enjoy the dessert-like liqueur.

The Soplica E. Wedel White Chocolate & Pistachio liqueur is arriving in Europe in 500ml bottles with a 15% ABV and comes with a variety of dessert pairings. This includes tiramisu, panna cotta and pistachio macarons, but the brand also says it will pair well with nut-based pastries and even select cheeses.",7,"Michael Hemsworth — April 7, 2025 — Lifestyle
References: soplica-vodka & thespiritsbusiness",Lifestyle,https://www.trendhunter.com/trends/soplica-e-wedel-white-chocolate-pistachio
Flavor-Infused Cheddar Cheeses,"In a unique fusion of culinary and couture artistry, Wisconsin Cheese has launched the 'Rinds & Roses Collection by Christine A. Moore for Wisconsin Cheese.' Created in collaboration with the iconic Kentucky Derby milliner, this limited-edition line features handcrafted “fromaginators”—whimsical hats inspired by fine artisan cheeses.

Each design draws from six celebrated cheeses, including 'Hoard’s Dairyman St. Saviour' and 'Sartori Merlot BellaVitano,' reflecting the shared craftsmanship of both cheesemaking and millinery. The collection is available in three refined colorways, 'Kentucky Derby,' 'Kentucky Oaks,' and 'Natural,' with prices ranging from $1,500 to $3,000.

Launching April 11, the collection is available for order through May 3, with an April 18 deadline for Derby Day delivery. One hat will be auctioned at the Barnstable Brown Gala, with all proceeds benefiting the Barnstable Brown Diabetes Center, underscoring the initiative’s creative and charitable spirit.

Image Credit: Wisconsin Cheese",8.9,"Debra John — April 7, 2025 — Unique
References: instagram & wisconsincheese",Unique,https://www.trendhunter.com/trends/rinds-roses-collection
Dessert-Filled Glass Purses,"The Soplica E. Wedel White Chocolate & Pistachio liqueur has been created in collaboration between the Polish vodka brand and the Polish confectionery brand as a dessert-inspired option for consumers to pick up this season. The product responds to the increased popularity of dessert-inspired spirits and can be enjoyed neat, on the rocks or as an ingredient in a cocktail. The brand recommends the Pistachio Delight recipe as being the best way to enjoy the dessert-like liqueur.

The Soplica E. Wedel White Chocolate & Pistachio liqueur is arriving in Europe in 500ml bottles with a 15% ABV and comes with a variety of dessert pairings. This includes tiramisu, panna cotta and pistachio macarons, but the brand also says it will pair well with nut-based pastries and even select cheeses.",7,"Michael Hemsworth — April 7, 2025 — Lifestyle
References: soplica-vodka & thespiritsbusiness",Lifestyle,https://www.trendhunter.com/trends/soplica-e-wedel-white-chocolate-pistachio
Dessert-Filled Glass Purses,"The Soplica E. Wedel White Chocolate & Pistachio liqueur has been created in collaboration between the Polish vodka brand and the Polish confectionery brand as a dessert-inspired option for consumers to pick up this season. The product responds to the increased popularity of dessert-inspired spirits and can be enjoyed neat, on the rocks or as an ingredient in a cocktail. The brand recommends the Pistachio Delight recipe as being the best way to enjoy the dessert-like liqueur.

The Soplica E. Wedel White Chocolate & Pistachio liqueur is arriving in Europe in 500ml bottles with a 15% ABV and comes with a variety of dessert pairings. This includes tiramisu, panna cotta and pistachio macarons, but the brand also says it will pair well with nut-based pastries and even select cheeses.",7,"Michael Hemsworth — April 7, 2025 — Lifestyle
References: soplica-vodka & thespiritsbusiness",Lifestyle,https://www.trendhunter.com/trends/soplica-e-wedel-white-chocolate-pistachio
Dessert-Filled Glass Purses,"The Soplica E. Wedel White Chocolate & Pistachio liqueur has been created in collaboration between the Polish vodka brand and the Polish confectionery brand as a dessert-inspired option for consumers to pick up this season. The product responds to the increased popularity of dessert-inspired spirits and can be enjoyed neat, on the rocks or as an ingredient in a cocktail. The brand recommends the Pistachio Delight recipe as being the best way to enjoy the dessert-like liqueur.

The Soplica E. Wedel White Chocolate & Pistachio liqueur is arriving in Europe in 500ml bottles with a 15% ABV and comes with a variety of dessert pairings. This includes tiramisu, panna cotta and pistachio macarons, but the brand also says it will pair well with nut-based pastries and even select cheeses.",7,"Michael Hemsworth — April 7, 2025 — Lifestyle
References: soplica-vodka & thespiritsbusiness",Lifestyle,https://www.trendhunter.com/trends/soplica-e-wedel-white-chocolate-pistachio
Flavor-Infused Cheddar Cheeses,"In a unique fusion of culinary and couture artistry, Wisconsin Cheese has launched the 'Rinds & Roses Collection by Christine A. Moore for Wisconsin Cheese.' Created in collaboration with the iconic Kentucky Derby milliner, this limited-edition line features handcrafted “fromaginators”—whimsical hats inspired by fine artisan cheeses.

Each design draws from six celebrated cheeses, including 'Hoard’s Dairyman St. Saviour' and 'Sartori Merlot BellaVitano,' reflecting the shared craftsmanship of both cheesemaking and millinery. The collection is available in three refined colorways, 'Kentucky Derby,' 'Kentucky Oaks,' and 'Natural,' with prices ranging from $1,500 to $3,000.

Launching April 11, the collection is available for order through May 3, with an April 18 deadline for Derby Day delivery. One hat will be auctioned at the Barnstable Brown Gala, with all proceeds benefiting the Barnstable Brown Diabetes Center, underscoring the initiative’s creative and charitable spirit.

Image Credit: Wisconsin Cheese",8.9,"Debra John — April 7, 2025 — Unique
References: instagram & wisconsincheese",Unique,https://www.trendhunter.com/trends/rinds-roses-collection
High-Protein Cat Food Pods,"BioCraft Pet Nutrition and Prefera Petfood have partnered on a new cultivated mouse cat food that would prioritize high-quality nutrition and protein alongside sustainability.

The product will feature a hypoallergenic recipe that's made with nutritionally complete mouse mousse that's intended to satisfy the natural diet of cats who traditionally eat small prey. The food is reported to be a good source of protein, while also having a good ratio of omega 6 to mega 3 fatty acids. The product is made with 99% cultivated mouse meat and is reported to be palatable for picky felines.

General Manager at Prefera Petfood Nicola Magalini spoke on the collaborative product with BioCraft Pet Nutrition saying, ""As a company committed to the highest standards of safety and quality, using only real, identifiable ingredients without artificial additives or preservatives, our partnership with BioCraft helps us innovate in ways that benefit both pets and the environment. This innovative collaboration marks a significant milestone in functional, sustainable, and ancestrally-appropriate pet nutrition.”

Image Credit: BioCraft Pet Nutrition",6.8,"Michael Hemsworth — April 7, 2025 — Lifestyle
References: biocraftpet & vegconomist",Lifestyle,https://www.trendhunter.com/trends/biocraft-pet-nutrition
Spicy Streaming Service Snacks,"The new Proper cheese snack range is a lineup of crispy snack products that put cheesy flavor in the spotlight to satisfy demand for food items with a crunchy yet savory profile. The product range consists of two products including the All the Cheese Lentil Chips alongside the Mature Cheddar Popcorn, which are each high in fiber and cheese-driven flavor. The All the Cheese Lentil Chips are reported to have notes of cheddar, Emmental, mozzarella and gouda cheeses in the mix, while the Mature Cheddar Popcorn has a sharper cheese flavor.

Chief Marketing Officer Sandie Dilger commented on the Proper cheese snack range saying, ""The UK’s love for cheese is undeniable – it’s a go-to in everything from sandwiches to snacks, so it was important that we gave cheese the Proper treatment. All the Cheese and Mature Cheddar popcorn bring something new to snacks across both our popcorn and lentil chip bases.""",7.7,"Michael Hemsworth — April 7, 2025 — Lifestyle
References: proper & foodbev",Lifestyle,https://www.trendhunter.com/trends/cheese-snack-range
Festival-Inspired Cocktail Kits,"The PATRÓN EL ALTO Mini is debuting at Coachella Valley, introducing a festival-friendly tequila format that converges quality with convenience. This small-scale accessory shares a small-batch spirit made with just three ingredients: agave, water and yeast. The pocket-sized 50ml prestige tequila bottle is small in form and yet it delivers the exceptionally smooth flavor the brand is known for to a highly anticipated event during music's biggest festival weekends.

Just in time for festival season, a limited-edition PATRÓN Tequila Festival Gift Set is available on ReserveBar, featuring a 750ml bottle of PATRÓN EL ALTO and a pair of collector cups. The PATRÓN EL ALTO Mini will be available for purchase as of June 2025.",9.4,"Laura McQuarrie — April 7, 2025 — Lifestyle
References: patrontequila & prnewswire",Lifestyle,https://www.trendhunter.com/trends/patron-el-alto-mini
Spicy Streaming Service Snacks,"The new Proper cheese snack range is a lineup of crispy snack products that put cheesy flavor in the spotlight to satisfy demand for food items with a crunchy yet savory profile. The product range consists of two products including the All the Cheese Lentil Chips alongside the Mature Cheddar Popcorn, which are each high in fiber and cheese-driven flavor. The All the Cheese Lentil Chips are reported to have notes of cheddar, Emmental, mozzarella and gouda cheeses in the mix, while the Mature Cheddar Popcorn has a sharper cheese flavor.

Chief Marketing Officer Sandie Dilger commented on the Proper cheese snack range saying, ""The UK’s love for cheese is undeniable – it’s a go-to in everything from sandwiches to snacks, so it was important that we gave cheese the Proper treatment. All the Cheese and Mature Cheddar popcorn bring something new to snacks across both our popcorn and lentil chip bases.""",7.7,"Michael Hemsworth — April 7, 2025 — Lifestyle
References: proper & foodbev",Lifestyle,https://www.trendhunter.com/trends/cheese-snack-range
Commemorative Travel Packages,"Air Canada Vacations introduces the 'Travellers’ Top Picks Awards,' a new initiative designed to recognize global travel destinations through public input. Canadians are invited to participate by voting across ten categories that reflect a wide range of travel interests, including ""Beach Vacation, Foodie Favourite, Adventure Travel, Arts & Culture, Wellness, Romance, Family, City Break, Hidden Gem, and Bucket List.""

Those who take part in the voting process will be entered into a draw to win $5,000 in Air Canada e-gift cards, which can be applied toward a future trip. The initiative aims to engage Canadian travelers while gathering insights into preferred destinations and travel styles. Voting is open until June 30, 2025 while winning destinations in each category will be announced in September 2025 and awarded the 'Travellers’ Top Picks Winner’s Badge,' a mark of distinction highlighting their appeal to Canadian travelers.

This campaign goes beyond a simple awards program—it is a collaborative effort to celebrate the spirit of travel, giving voice to Canadian preferences while inspiring wanderlust across the nation.

Image Credit: Air Canada Vacations",5.6,"Debra John — April 7, 2025 — Marketing
References: instagram & travellerstoppicks.aircanadavacations",Marketing,https://www.trendhunter.com/trends/travellers-top-picks-awards
Portable Toothbrush sanitizers,"The HAHATEC Self Sanitizing Toothbrush is a foldable, UV self-cleaning toothbrush designed to enhance hygiene and convenience for users. This innovative toothbrush incorporates UV-C sterilization technology, which effectively eliminates bacteria and germs from the brush head, ensuring a clean and safe brushing experience every time. Its compact, foldable design makes it ideal for travel and on-the-go use, while the sonic vibration feature provides thorough cleaning with reduced irritation. The toothbrush is engineered to deliver effective oral care while maintaining high standards of hygiene through its automatic sterilization process.

In addition to its functional benefits, the HAHATEC Self Sanitizing Toothbrush emphasizes user-friendly features and portability. The device is equipped with a rechargeable battery, offering long-lasting performance for daily use. Its lightweight and ergonomic design cater to diverse user needs, making it suitable for individuals seeking a practical and hygienic oral care solution. By combining advanced sterilization technology with efficient cleaning capabilities, the HAHATEC Self Sanitizing Toothbrush represents a significant step forward in personal oral hygiene products.

Image Credit: HAHATEC",5.3,"Colin Smith — April 7, 2025 — Lifestyle
References: hknihon & fortress.hk",Lifestyle,https://www.trendhunter.com/trends/hahatec-self-sanitizing-toothbrush
Portable Toothbrush sanitizers,"The HAHATEC Self Sanitizing Toothbrush is a foldable, UV self-cleaning toothbrush designed to enhance hygiene and convenience for users. This innovative toothbrush incorporates UV-C sterilization technology, which effectively eliminates bacteria and germs from the brush head, ensuring a clean and safe brushing experience every time. Its compact, foldable design makes it ideal for travel and on-the-go use, while the sonic vibration feature provides thorough cleaning with reduced irritation. The toothbrush is engineered to deliver effective oral care while maintaining high standards of hygiene through its automatic sterilization process.

In addition to its functional benefits, the HAHATEC Self Sanitizing Toothbrush emphasizes user-friendly features and portability. The device is equipped with a rechargeable battery, offering long-lasting performance for daily use. Its lightweight and ergonomic design cater to diverse user needs, making it suitable for individuals seeking a practical and hygienic oral care solution. By combining advanced sterilization technology with efficient cleaning capabilities, the HAHATEC Self Sanitizing Toothbrush represents a significant step forward in personal oral hygiene products.

Image Credit: HAHATEC",5.3,"Colin Smith — April 7, 2025 — Lifestyle
References: hknihon & fortress.hk",Lifestyle,https://www.trendhunter.com/trends/hahatec-self-sanitizing-toothbrush
Spicy Streaming Service Snacks,"The new Proper cheese snack range is a lineup of crispy snack products that put cheesy flavor in the spotlight to satisfy demand for food items with a crunchy yet savory profile. The product range consists of two products including the All the Cheese Lentil Chips alongside the Mature Cheddar Popcorn, which are each high in fiber and cheese-driven flavor. The All the Cheese Lentil Chips are reported to have notes of cheddar, Emmental, mozzarella and gouda cheeses in the mix, while the Mature Cheddar Popcorn has a sharper cheese flavor.

Chief Marketing Officer Sandie Dilger commented on the Proper cheese snack range saying, ""The UK’s love for cheese is undeniable – it’s a go-to in everything from sandwiches to snacks, so it was important that we gave cheese the Proper treatment. All the Cheese and Mature Cheddar popcorn bring something new to snacks across both our popcorn and lentil chip bases.""",7.7,"Michael Hemsworth — April 7, 2025 — Lifestyle
References: proper & foodbev",Lifestyle,https://www.trendhunter.com/trends/cheese-snack-range
Festival-Inspired Cocktail Kits,"The PATRÓN EL ALTO Mini is debuting at Coachella Valley, introducing a festival-friendly tequila format that converges quality with convenience. This small-scale accessory shares a small-batch spirit made with just three ingredients: agave, water and yeast. The pocket-sized 50ml prestige tequila bottle is small in form and yet it delivers the exceptionally smooth flavor the brand is known for to a highly anticipated event during music's biggest festival weekends.

Just in time for festival season, a limited-edition PATRÓN Tequila Festival Gift Set is available on ReserveBar, featuring a 750ml bottle of PATRÓN EL ALTO and a pair of collector cups. The PATRÓN EL ALTO Mini will be available for purchase as of June 2025.",9.4,"Laura McQuarrie — April 7, 2025 — Lifestyle
References: patrontequila & prnewswire",Lifestyle,https://www.trendhunter.com/trends/patron-el-alto-mini
Spicy Streaming Service Snacks,"The new Proper cheese snack range is a lineup of crispy snack products that put cheesy flavor in the spotlight to satisfy demand for food items with a crunchy yet savory profile. The product range consists of two products including the All the Cheese Lentil Chips alongside the Mature Cheddar Popcorn, which are each high in fiber and cheese-driven flavor. The All the Cheese Lentil Chips are reported to have notes of cheddar, Emmental, mozzarella and gouda cheeses in the mix, while the Mature Cheddar Popcorn has a sharper cheese flavor.

Chief Marketing Officer Sandie Dilger commented on the Proper cheese snack range saying, ""The UK’s love for cheese is undeniable – it’s a go-to in everything from sandwiches to snacks, so it was important that we gave cheese the Proper treatment. All the Cheese and Mature Cheddar popcorn bring something new to snacks across both our popcorn and lentil chip bases.""",7.7,"Michael Hemsworth — April 7, 2025 — Lifestyle
References: proper & foodbev",Lifestyle,https://www.trendhunter.com/trends/cheese-snack-range
Mobile Reading Accessories,"While lock boxes are commonly used to keep phones from disturbing certain social experiences, The Flipper by Heineken is a phone case that offers a more organic solution with a nifty AI integration and a physical mechanism.

Upon hearing ""cheers,"" The Flipper turns itself upside down to keep the good times going. This phone case for #SocialOffSocials launched in response to statistics that state 47% of people are glued to their screens, even in social settings. With the screen side of a phone facing down on a table, people are less likely to be pulled into using their phone, doomscrolling, checking notifications, or otherwise ignoring the very real interactions going on around them.

The Flipper is a prototype, but in the meantime, people can still manually flip their phones over to avoid digital distractions.",9.7,"Laura McQuarrie — April 7, 2025 — Tech
References: heineken & famouscampaigns",Tech,https://www.trendhunter.com/trends/the-flipper-by-heineken
Tonal Contrast Tote Bags,"Marc Jacobs debuts 'Bark Jacobs,' a whimsical and heartfelt month-long celebration designed for pet lovers and their four-legged companions. Throughout April—recognized as National Pet Month—shoppers can transform their favorite Marc Jacobs leather goods into one-of-a-kind mementos with custom, hand-painted pet portraits. This special personalization is available on select styles, including the 'Tote Bag' and the versatile 'Dual Bag,' perfect for those who carry both style and sentiment.

Every weekend in April, Bark Jacobs comes to life across Marc Jacobs boutiques and select retail partners in North America, Canada, Japan, and London, bringing a playful, pet-friendly spirit to more locations than ever before. Select stores will showcase creative window installations featuring custom pet portrait bags, exclusive dog toys, complimentary treats, and sculptural dog figurines.

Aligned with National Pet Day (April 11) and National Pet Parents Day (April 28), this initiative offers a distinctive way to honor the joy pets bring into our lives.

Image Credit: Marc Jacobs",9.6,"Debra John — April 7, 2025 — Marketing
References: instagram & marcjacobs",Marketing,https://www.trendhunter.com/trends/bark-jacobs
2-in-1 Flossing Toothbrushes,"The AutoFlo+ from Kenvue is a fully automated toothbrush designed specifically for children, aiming to simplify and enhance their oral care routine. This innovative device features the OptiClean brush head, equipped with 34,000 bristles to deliver superior cleaning performance, removing up to seven times more plaque in hard-to-reach areas compared to manual brushing. The AutoFlo+ integrates multiple functionalities, including automated toothpaste dispensing, thorough cleaning, and liquid suction, ensuring a mess-free and efficient brushing experience. Its gentle yet effective design is clinically proven to provide consistent cleaning while being safe for young teeth and gums.

In addition to its functional benefits, the AutoFlo+ incorporates an interactive app that engages children with countdowns and rewards, making brushing a fun and motivating activity. The app also allows parents to monitor brushing history and set reminders, fostering better oral hygiene habits. The device's mess-free design, supported by continuous suction, simplifies cleanup for busy families. With its emphasis on convenience, effectiveness, and child-friendly features, the AutoFlo+ represents a significant advancement in pediatric oral care technology.

Image Credit: Willo",7.5,"Colin Smith — April 7, 2025 — Tech
References: willo & yahoo",Tech,https://www.trendhunter.com/trends/willo-autoflo-plus
Hydrating Superfood Toppers,"Sour gummy brand Trolli is bringing what it's best known for—bold flavors, dual neon colors, and treats with soft and chewy textures—to the frozen aisle with Trolli Gummi Pops. Therse unconventionally textured pops combine two sour flavors in one, introducing exciting flavor experiences like Cherry Lemon and Grape Strawberry.

The sensorial frozen treats aim to reach ""fans who crave the unexpected in the freezer aisle,"" and deliver the surprise and delight Trolli is associated with in an entirely new format.

These frozen treats with the brand's signature soft, gummy texture are coming to stores in multi-pack boxes and one-count Trolli Gummi Pops, perfect for spring and summer picnics, backyard gatherings or even hangouts on the couch with friends.",9.9,"Laura McQuarrie — April 7, 2025 — Lifestyle
References: trolligummipops & prnewswire",Lifestyle,https://www.trendhunter.com/trends/trolli-gummi-pops
Multi-Benefit Lip Treatments,"Guava Granita is a juicy new gourmand fragrance from Ellis Brooklyn that pairs tropical guava, banana, and mango blossom with a rich base of vanilla and almond milk.

Featuring 94.2% biodegradable ingredients, 18.4% renewable ingredients, and 3% upcycled ingredients, Guava Granita opens with top notes of guava juice, banana, and bergamot, complemented by the light freshness of tropical waterlily. As it settles, the eau de parfum’s mid and dry notes evolve into a warm, creamy experience with hints of melon, coconut palm, and mango blossom that lead into a comforting, smooth finish.

""I love the idea of using perfumery for escapism. It started with Salt and Miami Nectar, and now with Guava Granita, it was to create this chic country club escape,” said founder Bee Shapiro, “The fragrance is both fun yet refined and it takes you to this place—Palm Springs, crisp polos, drink and tennis racquet in hand.”",6.6,"Laura McQuarrie — April 7, 2025 — Fashion
References: ellisbrooklyn & byrdie",Fashion,https://www.trendhunter.com/trends/guava-granita
Mobile Reading Accessories,"While lock boxes are commonly used to keep phones from disturbing certain social experiences, The Flipper by Heineken is a phone case that offers a more organic solution with a nifty AI integration and a physical mechanism.

Upon hearing ""cheers,"" The Flipper turns itself upside down to keep the good times going. This phone case for #SocialOffSocials launched in response to statistics that state 47% of people are glued to their screens, even in social settings. With the screen side of a phone facing down on a table, people are less likely to be pulled into using their phone, doomscrolling, checking notifications, or otherwise ignoring the very real interactions going on around them.

The Flipper is a prototype, but in the meantime, people can still manually flip their phones over to avoid digital distractions.",9.7,"Laura McQuarrie — April 7, 2025 — Tech
References: heineken & famouscampaigns",Tech,https://www.trendhunter.com/trends/the-flipper-by-heineken
2-in-1 Flossing Toothbrushes,"The AutoFlo+ from Kenvue is a fully automated toothbrush designed specifically for children, aiming to simplify and enhance their oral care routine. This innovative device features the OptiClean brush head, equipped with 34,000 bristles to deliver superior cleaning performance, removing up to seven times more plaque in hard-to-reach areas compared to manual brushing. The AutoFlo+ integrates multiple functionalities, including automated toothpaste dispensing, thorough cleaning, and liquid suction, ensuring a mess-free and efficient brushing experience. Its gentle yet effective design is clinically proven to provide consistent cleaning while being safe for young teeth and gums.

In addition to its functional benefits, the AutoFlo+ incorporates an interactive app that engages children with countdowns and rewards, making brushing a fun and motivating activity. The app also allows parents to monitor brushing history and set reminders, fostering better oral hygiene habits. The device's mess-free design, supported by continuous suction, simplifies cleanup for busy families. With its emphasis on convenience, effectiveness, and child-friendly features, the AutoFlo+ represents a significant advancement in pediatric oral care technology.

Image Credit: Willo",7.5,"Colin Smith — April 7, 2025 — Tech
References: willo & yahoo",Tech,https://www.trendhunter.com/trends/willo-autoflo-plus
Complimentary Sculptural Jewelry Pieces,"In 2022, James Avery's Blue Bell Ice Cream Charm quickly became a fan-favorite design and in 2025, James Avery Artisan Jewelry partnered with Blue Bell once again to launch the Enamel Blue Bell Ice Cream Sandwich Charm.

The newest addition to the James Avery collection, made in bronze, sterling silver and colorful enamel, features a half-torn wrapper and creamy vanilla ice cream nestled between chocolate wafers.

The new Enamel Blue Bell Ice Cream Sandwich Charm can be purchased online as well as at all James Avery retail locations and the Blue Bell Country Store in Brenham. This sweet design honoring family and Texas nostalgia launched just ahead of Mother's Day alongside James Avery's Mother’s Day collection with more designs like charms and spring-inspired rings honoring motherhood and meaningful everyday moments.",7.1,"Laura McQuarrie — April 7, 2025 — Fashion
References: JamesAvery & mysanantonio",Fashion,https://www.trendhunter.com/trends/ice-cream-sandwich-charm
2-in-1 Flossing Toothbrushes,"The AutoFlo+ from Kenvue is a fully automated toothbrush designed specifically for children, aiming to simplify and enhance their oral care routine. This innovative device features the OptiClean brush head, equipped with 34,000 bristles to deliver superior cleaning performance, removing up to seven times more plaque in hard-to-reach areas compared to manual brushing. The AutoFlo+ integrates multiple functionalities, including automated toothpaste dispensing, thorough cleaning, and liquid suction, ensuring a mess-free and efficient brushing experience. Its gentle yet effective design is clinically proven to provide consistent cleaning while being safe for young teeth and gums.

In addition to its functional benefits, the AutoFlo+ incorporates an interactive app that engages children with countdowns and rewards, making brushing a fun and motivating activity. The app also allows parents to monitor brushing history and set reminders, fostering better oral hygiene habits. The device's mess-free design, supported by continuous suction, simplifies cleanup for busy families. With its emphasis on convenience, effectiveness, and child-friendly features, the AutoFlo+ represents a significant advancement in pediatric oral care technology.

Image Credit: Willo",7.5,"Colin Smith — April 7, 2025 — Tech
References: willo & yahoo",Tech,https://www.trendhunter.com/trends/willo-autoflo-plus
Canadian Charity-Focused Campaigns,"Aldi launched a series of limited-edition hot cross buns for Easter celebrations, including a curious cola-flavored hot cross bun. But before knowing this flavor, hot cross bun lovers went in blind, biting into a surprise variety that was unnamed on the colorful product packaging, challenging consumers to put their taste buds to the test and come up with the right answer for themselves.

As part of its limited-edition Village Bakery Mystery Hot Cross Buns range, Aldi also launched a tropical mango-passionfruit flavor and another inspired by a quintessential British favorite, strawberry jam. The first-ever guess the hot cross bun flavor competition brought in thousands of guesses, with some consumers mistaking the cola-flavored hot cross bun for lemon meringue and others guessing mango-passionfruit as mango chutney.",8.9,"Laura McQuarrie — April 7, 2025 — Lifestyle
References: aldipresscentre",Lifestyle,https://www.trendhunter.com/trends/cola-flavored-hot-cross-bun
Egg Hunt Hiding Services,"While traditionalists are picking up classic Easter eggs this spring, consumers with a desire for something different are eager to get their hands on limited-edition releases like Domino's Garlic & Herb Easter Egg. This savory treat challenges conventional chocolate treats by combining herb-speckled rich white chocolate and sharing a 25-gram serving of the dip for an even more unusual pairing.

""This Easter Egg is for the Garlic & Herb Dip fans who want to mix things up this year,” said Domino's representative Izzy Gardener, ""The egg even comes in packaging that mirrors the iconic colours of the Garlic & Herb Dip pot, reinforcing its inspiration.” The biggest Garlic & Herb Dip lovers can enter online for a chance to win.",8.5,"Laura McQuarrie — April 7, 2025 — Lifestyle
References: Dominoseasteregg & dublinlive.ie",Lifestyle,https://www.trendhunter.com/trends/garlic-herb-easter-egg
Western-Inspired Americana Footwear,"Blackstock & Weber's latest iteration of its signature Ellis Penny Loafer represents a thoughtful evolution of classic footwear design. Blending heritage craftsmanship with contemporary functionality, the almond suede version of this iconic model incorporates premium materials from England's esteemed Charles F. Stead tannery. The footwear is constructed using traditional Goodyear welting techniques in Portugal for enduring quality.

What distinguishes the almond suede Ellis Penny Loafer is its strategic fusion of formal elegance and rugged practicality — the refined suede upper contrasts with the technical Vibram 1757 lug sole that provides superior traction and comfort. Through this strategic choice of materials and design, Blackstock & Weber transforms the traditional loafer into a versatile footwear option equally suited for urban environments and casual countryside settings.

Image Credit: Blackstock & Weber",4.1,"Kalin Ned — April 7, 2025 — Fashion
References: blackstockandweber",Fashion,https://www.trendhunter.com/trends/ellis-penny-loafers
Performance-Driven Toothbrush Designs,"The Philips Sonicare 5000 is an advanced oral care device designed to improve dental hygiene through innovative technology. It features Quad Stream technology, which creates an X-shaped water stream to cover more surface area, ensuring a thorough cleaning between teeth and along the gum line. This technology is up to 180% more effective than traditional flossing methods in promoting healthier gums. Additionally, the device incorporates Pulse Wave technology, which uses gentle water pulses to guide users from tooth to tooth, ensuring comprehensive coverage during cleaning. The Sonicare 5000 offers two flossing modes—Clean and Deep Clean—and ten intensity levels, allowing users to customize their oral care routine based on individual needs.

The Sonicare 5000 is designed with user convenience in mind, featuring a whisper-quiet operation for discreet use and a magnetic docking station with auto shut-off functionality. Its ergonomic design and intuitive controls make it accessible for a wide range of users. The device also includes a 550ml reservoir, providing sufficient water for a complete cleaning session, and interchangeable nozzles for tailored cleaning experiences. With its emphasis on efficiency, effectiveness, and user comfort, the Philips Sonicare 5000 represents a significant advancement in oral care technology, catering to both everyday users and those with specific dental hygiene requirements.

Image Credit: Philips",5.9,"Colin Smith — April 7, 2025 — Tech
References: amazon & nature",Tech,https://www.trendhunter.com/trends/philips-sonicare-5000
