title,summary,score,link,reference,category
Curated Artisanal Perfume Collections,"Lush celebrates three decades of artisanal perfumery with a curated selection of its most popular fragrances. Known for its expertise in crafting distinctive scents from premium natural ingredients, Lush spotlights four signature perfumes — Karma, Lord of Misrule, Chelsea Morning, and Vanillary.

Lush's artisanal perfumery demonstrated the brand's commitment to innovative scent profiles and its emphasis on ethically sourced essential oils and natural absolutes. Karma blends nostalgic 1960s-inspired patchouli with zesty citrus, while Lord of Misrule contrasts earthy patchouli with creamy vanilla and peppery spice. Chelsea Morning offers a gourmand experience with butter scotch and citrus notes. Vanillary, on the other hand, presents a sophisticated take on vanilla with caramel and floral accents. Perfume enthusiasts seeking unique, non-mainstream scents would appreciate these rather unconventional combinations.

Lush also invites consumers to consult the brand's perfumers, which adds an educational dimension and a potential brand loyalty opportunity.

Image Credit: Lush",6.7,https://www.trendhunter.com/trends/artisanal-perfumery,"Kalin Ned — March 25, 2025 — Marketing
References: weare.lush", 
Women-Focused Lifestyle Retail Concepts,"MILK MONEY is expanding from Wellesley to Boston's prestigious Newbury Street. The new location is expected to open on April 1st, 2025.

The Boston boutique concept will maintain MILK MONEY's signature curated approach while introducing an expanded home and gift selection to fill a market gap in the city's prime shopping district. The boutique's merchandise strategy combines contemporary fashion labels like Favorite Daughter and Dolce Vita with luxury home brands such as L'Objet and TRVDON. The curated selection is refreshed through biweekly deliveries to maintain novelty.

Co-founder Nash Yacoub emphasizes MILK MONEY's ethos of ""not a self-service business"" and its focus on deep customer relationships: ""We pride ourselves on getting to know our customers and their lifestyles, which allows us to find pieces that feel unique and personal to them. That connection has fueled our growth, and we’re ready to bring it to a bigger market.”

Image Credit: MILK MONEY",7.4,https://www.trendhunter.com/trends/milk-money,"Kalin Ned — March 25, 2025 — Business
References: milkmoney.co", 
Organic Morphism-Insipired Performance Wear,"Oakley's Latitude SS25 Collection presents a forward-thinking fusion of performance wear and avant-garde design. The silhouettes merge cutting-edge functionality with organic inspiration.

Oakley draws from nature's adaptive brilliance — from jellyfish biomechanics to parachute engineering — to deliver an adaptable performance wear and eyewear line. Designed for dynamic lifestyles, a stand-out garment in the Latitude SS25 Collection is the Latitude Flight Vest Poncho. The silhouette exemplifies the capsule's organic philosophy with its convertible design that allows it to transition from streamlined vest to weatherproof poncho. The piece also boasts reflective elements and modular storage capabilities. Complementary pieces like the Flight Cargo Pants and Aquaterra Hybrid Trainers extend the collection's ethos of physiological adaptability.

Oakley's Latitude SS25 elemental color palette reflects geological formations and raw earth tones. The accompanying eyewear selection, including the reimagined Plantaris with its removable nose cone and dual lenses, completes the morphic ecosystem with technical sophistication.

Image Credit: Oakley",3.7,https://www.trendhunter.com/trends/performance-wear,"Kalin Ned — March 25, 2025 — Art & Design
References: oakley-media-hub.prezly", 
Toasted Coconut Fragrance Oils,"Kuumba Made's Black Coconut fragrance oil delivers an intriguing tropical gourmand scent profile at an accessible price point. The experience brings together sweet and savory aromatic elements into a concentrated, alcohol-free formula that is ideal for summer wear, vacation scent memories, or those craving warmth in colder months.

The Black Coconut fragrance oil brings together toasted coconut and bergamot top notes with an unconventional heart of jasmine, cacao, and chocolate. The formulation, which is suitable for sensitive skin, is grounded by vanilla-musk base notes. Kuumba Made maintains that its product delivers a complex fragrance reminiscent of tropical desserts with subtle floral undertones. Additionally, the vegan formula utilizes skin-friendly carrier oils like jojoba and safflower rather than synthetic bases, which would appeal to consumers interested in clean beauty.

Image Credit: Kuumba Made",3.7,https://www.trendhunter.com/trends/black-coconut-fragrance-oil,"Kalin Ned — March 25, 2025 — Fashion
References: kuumbamade", 
Sensory-Friendly Dining Events,"Chuck E. Cheese Sensory Sensitive Sundays are being run by the restaurant chain in celebration of World Autism Month this April to offer families a way to enjoy a fun experience that won't overstimulate. The event will take place on April 27, 2025 at participating locations across the US and Canada where customers will find the environment with dimming lighting as well as lower volume levels. This will make the space more suited for children with sensory sensitivities who might not otherwise be able to visit during regular business hours.

CEC Entertainment President and CEO David McKillips commented on the Chuck E. Cheese Sensory Sensitive Sundays event and World Autism Month saying, ""During World Autism Month and throughout the entire year, Chuck E. Cheese is dedicated to leading the family entertainment industry with our commitment to promote awareness among our guests and employees and through our partnership with Autism Speaks. This year, we are extending our advocacy work even further with Shine Global, allowing us to provide a platform and opportunity for voices like Austin’s to be heard by millions of guests visiting our fun centers.”

Image Credit: Chuck E. Cheese",9.6,https://www.trendhunter.com/trends/sensory-sensitive-sundays,"Michael Hemsworth — March 25, 2025 — Business
References: chuckecheese & qsrmagazine", 
Floral-Inspired Bath Kits,"The Terra Floral Love Bath Experience Gift Set presents a thoughtfully curated self-care kit that effectively blends aesthetic appeal with natural wellness benefits. The Latinx-owned brand's product offering features two full-size products housed in an elegant gift box — a four-ounce Floral Infusion Multitasking Oil and a Relax Bath Salt formula. The former formulation brings together jojoba, coconut, and lavender oils with botanical flowers, while the latter incorporates Dead Sea salt with lavender and eucalyptus. The award-winning Floral Infusion Multitasking Oil also includes flowers in the bottle, which enhances visual appeal for social media-savvy consumers who value photogenic self-care products.

Terra Beauty emphasizes vegan formulations and sustainable glass packaging as key differentiators in the crowded bath products market. The Terra Floral Love Bath Experience Gift Set addresses growing demand for giftable wellness experiences that combine sensory pleasure with clean beauty credentials.

Image Credit: Terra Beauty",8.2,https://www.trendhunter.com/trends/bath-experience,"Kalin Ned — March 25, 2025 — Fashion
References: terrabeautybars", 
Poor Sleep Skincare Serums,"The Estée Lauder Advanced Night Repair Serum has been created by the skincare brand as a new solution that will support consumers who have trouble getting beauty sleep. The serum is reported by the brand to work overnight to help the skin look its best, even in the face of poor sleep quality which many consumers are plagued by. The product is being launched with the help of actress Kristen Bell who stars in the Beauty Sleep Dupe campaign that sees her looking her best, even in the face of not getting enough sleep.

The Estée Lauder Advanced Night Repair Serum responds to the issue of poor sleep quality that many consumers experience and offers them a way to help combat against it.",5.2,https://www.trendhunter.com/trends/advanced-night-repair-serum,"Michael Hemsworth — March 25, 2025 — Fashion
References: esteelauder & beautypackaging", 
Plant-Based Fresh Mozzarella Balls,"Mozzarella-style blocks and shreds are available in abundance from plant-based brands providing cheese alternatives, and Plant Ahead is filling a void in the market for dairy-free Fresh Mozzarella Ciliegine. Like conventional fresh mozzarella balls, these vegan-friendly alternatives are the perfect size for adding to salads, pasta, charcuterie boards, and skewers, but they're made with a creamy coconut base.

Beyond specifically catering to the needs of plant-based and vegan consumers, these alternative fresh mozzarella pearls suit ingredient-conscious shoppers who need or prefer allergen-free, non-GMO options.

The versatile Fresh Mozzarella Ciliegine joins Plant Ahead's vibrant portfolio of plant-based cheese alternatives, which includes simple swaps for traditional feta cubes and blocks, Parmesan wedges, spreadable cream cheese, and more.",5.9,https://www.trendhunter.com/trends/fresh-mozzarella-ciliegine,"Laura McQuarrie — March 25, 2025 — Lifestyle
References: plantaheadvegan & vegnews", 
Mini Plant-Based Pizzas,"Many pizzerias offer single slices for a quick bite, yet it's surprising how few cater to plant-based diets with vegan options, and Blackbirdie Pizza Minis satisfy the demand for easy-to-make, comforting, snackable pizza products.

Rather than having to warm up an entire plant-based pizza from frozen, Blackbirdie Pizza Minis help consumers enjoy a snack-sized portion. These five-inch personal pies scale down the brand's signature cheese and Beyond Meat pepperoni pizzas, made with Blackbird mozzarella on whole-grain crusts. These sources of protein and fiber are individually wrapped and ready to pop in the toaster oven for a satisfying, portion-controlled snack that curbs cravings for gooey, savory pizza with a plant-powered twist.

At Expo West 2025, Blackbirdie Pizza Minis won VegNews' Best New Vegan Product.",4.4,https://www.trendhunter.com/trends/blackbirdie-pizza-minis,"Laura McQuarrie — March 25, 2025 — Lifestyle
References: vegnews & instagram", 
Alt Cold Foaming Creams,"Award-winning oat coffee creamer brand SOWN debuted Oat Cold Foaming Cream as a convenient way for consumers to indulge in barista-quality vanilla-flavored cold foam from the comfort of home. There's a unique beauty in cafe-crafted drinks thanks to skillful baristas who can create velvety textures and rich flavors that are often elusive when attempting to replicate the experience at home, leaving a sense of disappointment when the homemade versions lack that same indulgent quality. SOWN Oat Cold Foaming Cream offers a simple, affordable way to create cafe-quality drinks, as it's ready to sit atop cold brew after just 30 seconds of frothing.

Other than cold brew, SOWN's non-GMO, gluten-free Oat Cold Foaming Cream dairy alternative pairs well with decadent desserts like affogato and classic coffee cocktails like the espresso martini.",6.6,https://www.trendhunter.com/trends/oat-cold-foaming-cream,"Laura McQuarrie — September 17, 2024 — Lifestyle
References: sown & businesswire", 
Celebratory Cold Foam Events,"Scooter's Coffee has announced the establishment of National Cold Foam Day as part of the brand's commitment to helping those who have a penchant for the coffee topping. The event will take place on March 7, 2025 and will see the brand giving away Cold Foam Fan Club stickers to fans who can use them to showcase their pride for the drink topping. The event also puts a spotlight on several of the cafe brand's offerings that include cold foams perfect for elevating the flavor or nutritional profile of any drink.

Chief Strategy Officer Malorie Maddox spoke on the National Cold Foam Day event saying, ""With so many flavors to choose from, our pillowy soft cold foam has the power to transform any of your Scooter’s Coffee favorites into an entirely new and uniquely tasty experience. By establishing National Cold Foam Day, we’re inviting our customers to make their drink their own and put a new spin on their favorites. Celebrate with us because you’ve earned it!”

Image Credit: Scooter’s Coffee",7.2,https://www.trendhunter.com/trends/national-cold-foam-day,"Michael Hemsworth — March 5, 2025 — Lifestyle
References: scooterscoffee & qsrmagazine", 
Protein-Packed Coffee Toppers,"Scooter’s Coffee wants to help guests up their protein intake and meet their fitness goals in 2025 with the debut of its new Protein Cold Foam.

In the past few years, cold foam has become a popular topper for cold brew and other iced beverages. Now, you can enjoy the same creamy coffee topper while getting an added serving of protein. In fact, each serving of Scooter's new velvety vanilla cold foam is packed with a whopping 13 grams of protein. This new beverage-boosting option can be added to any of Scooter's cold drinks.

To up your protein intake even further, you can try the brand's new Strawberry Protein Shake, which features creamy strawberry flavors and 22 grams of protein per serving.

Image Credit: Scooter’s Coffee",8.6,https://www.trendhunter.com/trends/protein-cold-foam,"Katherine Pendrill — December 31, 2024 — Lifestyle
References: scooterscoffee & franchising", 
Digital Apparel Education Initiatives,"Roblox has partnered with prestigious design schools like Tokyo's Bunka Fashion College and New York's Parsons School of Design to develop curriculum around digital apparel creation. This initiative addresses the growing demand from Gen Z users for avatar styling opportunities while preparing students for careers in the expanding metaverse apparel market.

Roblox's digital apparel creation programs teach traditional design principles alongside technical skills like 3D modeling and coding using Roblox Studio, with student creations becoming purchasable items on the platform's marketplace. Notably, Bunka's inaugural digital fashion graduates presented their work through an immersive virtual exhibition where global users can try on and vote for designs.

This educational pivot offers compelling benefits for multiple stakeholders. Aspiring designers gain early exposure to an emerging $50B digital fashion industry while building portfolios with measurable consumer engagement through real-time sales data and user interactions. Fashion schools, on the other hand, maintain relevance by teaching hybrid skills that major brands increasingly demand.

Image Credit: Roblox, Keiichi Nitta, Bunka Fashion College School Festival Fashion Show",7.5,https://www.trendhunter.com/trends/digital-apparel,"Kalin Ned — March 25, 2025 — Tech
References: corp.roblox", 
Cafe-Style Foam Toppers,"Cold foam has become a must-have for coffee lovers who want to elevate their at-home brews, and the new Dunkin' Cold Foam Creamers deliver a crave-worthy frothy texture that transforms everyday coffee into a sensorial, cafe-quality experience.

While the Chocolate flavor appeals to anyone with a love of anytime indulgence, the Extra Extra Cold Foam Creamer was inspired by Dunkin' customers' “extra cream, extra sweet” order. Prepared with real cream and sugar, the Cold Foam Creamers enhance the experience of cold or hot coffee by gradually blending into the beverage while sipped.

Dunkin' launched its Cold Foam Creamers in Extra Extra and Chocolate flavors alongside a limited-edition Dunkin’ S’mores Flavored creamer at grocery retailers nationwide.",5.4,https://www.trendhunter.com/trends/dunkin-cold-foam-creamer,"Laura McQuarrie — January 28, 2025 — Lifestyle
References: businesswire", 
Smashable Whisky Packaging,"There's a certain preciousness associated with mature spirits but The Glenrothes unveiled The 51, its oldest single malt ever, with packaging that's meant to be destroyed. To access the 51-year-old single malt whisky, customers can use the custom hammer included with the packaging. The column is crafted from a solid, sustainably sourced Jesmonite and it's the first of its kind to be shared in such a way. On the inside, there's a hidden orchid to discover. Additionally, the precious packaging can be returned to The Glenrothes to be turned into a vase.

Touted as the brand's most daring release to date, The 51 explores the strength in fragility and its novel packaging represents the soft water used in the distillation and dilution process and the wild orchids that grow on the Speyside estate. This release is limited to just 100 bottles, described as ""the orchid of The Glenrothes collection.""",6.4,https://www.trendhunter.com/trends/the-51,"Laura McQuarrie — March 25, 2025 — Marketing
References: theglenrothes & thespiritsbusiness", 
Oat-Based Cold Foam Creamers,"Silk Oat Cold Foam Creamer is a new launch that promises to elevate plant-based beverages prepared at home. Unlike non-dairy spray whip, this formula provides a foamy finish and flavors like White Chocolate Macadamia or Cinnamon Caramel.

Perfect for recreating coffeehouse favorites at home, like cold brew or hot and cold lattes, Silk Oat Cold Foam Creamer is made with a base of oat milk, cane sugar for a hint of sweetness, plus traces of additional ingredients like pea protein and baking soda.

When it comes to recreating cafe-quality beverages at home, consumers are spoiled for their choice of alternative milks, whipped toppings and flavored syrups, and the Silk Oat Cold Foam Creamer fills the gap in creating indulgently textured drinks without dairy.",6.2,https://www.trendhunter.com/trends/silk-oat-cold-foam-creamer,"Laura McQuarrie — October 14, 2024 — Lifestyle
References: silk & godairyfree.org", 
Colombian-Inspired Sportswear Collections,"The collaboration between adidas Originals and Colombian slow fashion brand MAZ Manuela Álvarez is intended to represent a meaningful fusion of sportswear heritage and artisanal craftsmanship. The 'Raíz de Fénix' collection features 19 pieces that integrate handwoven textiles from Cundinamarca and Putumayo communities into adidas' urban silhouettes. A total of 90% of the garments are crafted by local artisans using traditional embroidery techniques.

The adidas Originals x MAZ Manuela Álvarez partnership positions itself beyond typical fashion collaborations by emphasizing cultural preservation - each piece serves as a wearable archive of Colombian textile traditions while meeting contemporary streetwear demands. The phoenix motif symbolizes resilience, directly connecting to narratives of female empowerment and post-conflict transformation in Colombia.

The 'Raíz de Fénix' collection's storytelling resonates particularly with Latin American audiences seeking authentic representation in global fashion.

Image Credit: adidas Originals x MAZ Manuela Álvarez",8.6,https://www.trendhunter.com/trends/maz-manuela-lvarez,"Kalin Ned — March 25, 2025 — World
References: adidas.co & fucsia.co", 
Sleep-Focused Hotel Offerings,"Equinox's 'Sleep Lab' is redefining luxury travel by making high-performance sleep its ultimate amenity. At the Equinox Hotel in Hudson Yards, New York, guests can now experience a revolutionary, science-backed approach to rest, designed in collaboration with renowned sleep expert Dr. Matthew Walker.

With sleep tourism on the rise, the Equinox Sleep Lab offers travelers a high-tech recovery sanctuary, tailored to combat jet lag, insomnia, and travel fatigue. Guests can immerse themselves in cutting-edge sleep studies, personalized sleep coaching, and circadian rhythm-regulating rooms that promote optimal rest. The program also features sleep-promoting spa treatments, IV drips, and a curated dining menu packed with ingredients known to enhance sleep quality.

Equinox also introduces a digital 'Jet Lag Reset' tool, providing personalized strategies to help travelers adjust to time zone changes. With its forward-thinking approach, Equinox Sleep Lab is setting a new standard for restorative hospitality.

Image Credit: Equinox",4.5,https://www.trendhunter.com/trends/equinox-sleep-lab,"Georgia Wray Norsten — March 25, 2025 — World
References: equinox-hotels & tomsguide", 
Innovative Outdoor Advertising Campaigns,"Unilever's Dirt is Good laundry brand has launched an innovative outdoor advertising campaign in Istanbul called 'Out of Home.' The initiative transforms conventional billboards into interactive playgrounds and, in doing so, it aims to combat declining outdoor activity among children.

Dirt is Good's outdoor advertising campaign features three creative installations — a billboard-integrated slide, a wall-mounted football goal, and a pop-up basketball court. Designed to encourage physical play in urban environments, this approach directly addresses research that shows a 50% generational decline in children's outdoor playtime.

Parents and educators would find this initiative compelling as it offers free, accessible solutions to screen-time dominance, particularly in dense cities where play spaces are limited. By repurposing advertising spaces as community resources, the 'Out of Home' campaign creates tangible value beyond product promotion.

Image Credit: Unilever",8,https://www.trendhunter.com/trends/outdoor-advertising-campaign,"Kalin Ned — March 25, 2025 — Marketing
References: creative.salon", 
Perfume-Inspired Wine Bottles,"Chloe Wine Collection launched a limited-edition bottle design for its Pinot Grigio and Pinot Noir wines in partnership with luxury accessories designer Lele Sadoughi. To emphasize the aromatic qualities and luscious flavors of its wines, Chloe Wines opted for a special edition design influenced by perfume packaging.

The wine bottle leans feminine with a prominent bow detail, and this touch by Sadoughi amplifies a signature Chloe design into a striking focal point.

The style-forward wine bottles are not only collectible but exceptionally giftable—especially as Mother's Day approaches—and this partnership officially marks the first time Chloe Wines has collaborated on a bottle and the first time Lele Sadoughi has partnered with a wine brand for packaging design.",8.6,https://www.trendhunter.com/trends/chloe-wine-collection,"Laura McQuarrie — March 25, 2025 — Lifestyle
References: chloewinecollection & morningstar", 
Bean-Powered Plant-Based Foods,"BeanVIVO products are a series of plant-based food items crafted with beans in the spotlight to work well for satisfying snack cravings, elevating meals with plant protein and more. The products include such options as the Coconut Curry Chickpeas, Baja Black Beans, Smoky BBQ Pinto Beans, Salad Protein Booster, Snack Mixes and more. Each of the products are 100% plant-based and vegan, and come in pouch-style packaging that's easy for consumers to keep on hand.

BeanVIVO products also incorporate bold flavors with global inspirations to make them an easy option to try out given their flavor-driven recipes. The products respond to the growing plant-based movement and prioritize convenience to work well for consumers on the hunt for simple ways to eat meat-free meals or snacks.",3.9,https://www.trendhunter.com/trends/beanvivo,"Michael Hemsworth — March 25, 2025 — Lifestyle
References: beanvivo & source86", 
Student-Only Hotel Openings,"Travel enthusiasts looking for an inspiring place to live, study, and connect will find their perfect match at The Student Hotel Barcelona Marina. This vibrant new space, located in the heart of the Marina district, offers a next-level co-living and co-working experience designed exclusively for students.

Housed in a four-towered, 21,000 m² building, the hotel features 500 rooms alongside a range of dynamic communal spaces. From quiet study rooms to buzzing gaming zones, open seating areas, and even swimming pools, the design encourages both collaboration and relaxation. Designed by Valencia-based creative studio Masquespacio, the interiors blend bold Mediterranean influences with an eclectic mix of Memphis-style aesthetics, Seventies vintage, and industrial design.

More than just accommodation, The Student Hotel Barcelona Marina is a thriving hub for international students seeking a balance between academic focus and social energy. With immersive design, flexible spaces, and a strong sense of community, it’s set to become a go-to destination for the next generation of global learners.

Image Credit: Masquespacio",7.5,https://www.trendhunter.com/trends/studentonly-hotel,"Georgia Wray Norsten — March 25, 2025 — Art & Design
References: masquespacio & homeworlddesign", 
High-Performance Garden Solutions,"Relhost has expanded its product line with a series of industrial and garden solutions that combine durability with user-friendly features. The company, which began as a garden hose specialist, now offers four core products — retractable garden hose reels with length-locking mechanisms, wall-mounted hose reels with integrated tool storage, all-weather garden hoses with swivel handles, and professional-grade retractable air hose reels for workshops. These products emphasize practical innovations like kink-resistant designs, weather-resistant materials that can withstand -40°F to 176°F, and space-saving installation.

Home gardeners may gain time-saving benefits due to the thoughtful and tangle-free design of Relhost's products. The garden solutions incorporate convenience features like one-touch rewind systems and multi-pattern nozzles, while the industrial air hose reel boasts a 300 PSI rating and corrosion-resistant steel construction.

Image Credit: Relhost",8.1,https://www.trendhunter.com/trends/garden-solutions,"Kalin Ned — March 25, 2025 — Art & Design
References: accessnewswire", 
Revenue Cycle Management Platforms,"WoundZoom, a brand that is considered a leader in healthcare innovation, has launched a new revenue cycle management platform called ZoomBill. This tool is designed to simplify medical billing processes for healthcare providers. The system addresses common administrative challenges in healthcare practices, including complex documentation requirements, accurate coding, and regulatory compliance.

The new revenue cycle management platform integrates electronic health record systems and automated workflows to reduce claim denials while improving operational efficiency. This may allow healthcare staff to focus more on patient care rather than paperwork. The reduction in claim denials could directly impact cash flow stability, as well, which is a critical factor for many healthcare businesses.

Developed with input from PUREDI, a billing technology specialist with two decades of experience, ZoomBill offers tailored solutions to help medical practices maintain financial health while minimizing administrative burdens.

Image Credit: WoundZoom",6.7,https://www.trendhunter.com/trends/revenue-cycle-management,"Kalin Ned — March 25, 2025 — Lifestyle
References: accessnewswire", 
Supportive Co-Branded Initiatives,"Talking Rain Beverage Company has launched a thoughtful co-branded initiative that pairs its Sparkling Ice sparkling water six-packs with K9s For Warriors. The latter is a nonprofit organization that trains shelter dogs as service animals for veterans with PTSD.

The new Sparkling Ice six-pack packaging features the K9s For Warriors' logo and imagery of Rocky, a rescue dog turned service animal. Rocky's 2024 ""presidential campaign,"" which saw the four-legged hero travel across the US to promote awareness for veteran needs, was sponsored by the beverage brand.

The partnership between Talking Rain Beverage Company's Sparkling Ice and K9s For Warriors serves a dual purpose. For one, it addresses consumer demand for mid-sized beverage packs, with flavors like Mango and Classic Lemonade. Secondly, it supports a social cause and includes QR codes linking to donation pages.

Image Credit: Sparkling Ice x K9s For Warriors",8.6,https://www.trendhunter.com/trends/k9s-for-warriors,"Kalin Ned — March 25, 2025 — Marketing
References: talkingrain & bevnet", 
Leave-In Beard Care Products,"Beard Care product enthusiasts seeking a comprehensive hair and beard maintenance solution will find the 'Leave It In Hair & Beard Balm' by Jack Black a game-changer. This superior leave-in balm is crafted to moisturize, reduce frizz and flyaways, and enhance hair strength and texture.

Its lightweight, creamy formula absorbs quickly without leaving any sticky or greasy residue, making it ideal for daily use. The balm nourishes the skin beneath the hair and beard, alleviating itchiness and flaking while softening, smoothing, and conditioning for a natural finish.

Key ingredients include Squalane, an excellent emollient that softens and soothes the skin while preventing moisture loss; Jojoba Seed Oil, known to reduce hair breakage and promote healthy hair; and Snow Mushroom, a natural humectant that hydrates and supports the skin barrier. Rosemary Leaf Oil provides a refreshing scent, and Organic Aloe Barbadensis Leaf Juice calms and softens the skin.

This versatile balm is suitable for daily application, ensuring your hair and beard remain well-groomed and healthy-looking.

Image Credit: Jack Black",5.5,https://www.trendhunter.com/trends/beard-care-products,"Georgia Wray Norsten — March 25, 2025 — Fashion
References: getjackblack", 
J-Pop Artist-Supported Shochu Initiatives,"Nikaido Shuzou Co. is a historic Japanese distillery specializing in barley shochu and recently, the brand initiated a cultural marketing campaign by appointing J-Pop artist JUNON from the group BE:FIRST as its U.S. brand ambassador.

This strategic partnership aims to introduce American consumers to barley shochu, which is considered to be Japan’s most consumed spirit, through the lens of contemporary music and youth culture. The collaboration capitalizes on parallel growth trends, with U.S. shochu awareness rising 40% between 2023 and 2024 while J-Pop music streams have seen top artists garner 17.3 billion streams in 2022.

Nikaido’s selection of JUNON reflects a deliberate alignment with Gen Z and millennial audiences. The collaboration will include planned content including a brand film and izakaya promotional materials.

Image Credit: JUNON",5.8,https://www.trendhunter.com/trends/barley-shochu,"Kalin Ned — March 25, 2025 — Marketing
References: nikaidoshuzou.jp & bevnet", 
Anti-Aging Men's Skincare Sets,"Brickell Men's Products introduces the 'Advanced Anti-Aging Routine,' a comprehensive skincare regimen designed to combat signs of aging effectively. This trio includes the 'Repairing Night Serum,' 'Revitalizing Anti-Aging Cream,' and 'Restoring Eye Cream,' each formulated with natural ingredients to address wrinkles, fine lines, and skin elasticity.

The Repairing Night Serum utilizes Vitamin C to promote collagen production, enhancing skin firmness and reducing inflammation. Complementing this, the Revitalizing Anti-Aging Cream combines Hyaluronic Acid and DMAE to deeply hydrate and tighten the skin, diminishing the appearance of wrinkles. For the delicate eye area, the Restoring Eye Cream employs Caffeine and Matrixyl 3000 to minimize puffiness and dark circles, resulting in a more youthful and refreshed look.

Crafted specifically for men's skin, this regimen is free from harmful chemicals, ensuring a safe and effective approach to skincare.

Image Credit: Brickell Men's Products",9.5,https://www.trendhunter.com/trends/brickell-mens-products,"Georgia Wray Norsten — March 25, 2025 — Fashion
References: brickellmensproducts", 
Balding-Friendly Skincare Products,"'BLD BRO Night' is revolutionizing men's skincare by offering an overnight solution tailored for the modern man. This anti-aging restorative hydrating gel is enriched with peptides, 4D hyaluronic acid, and a robust blend of antioxidants designed to repair and revitalize your skin while you sleep. Whether applied to the scalp, face, or body, it works diligently to replenish moisture, restore the skin's natural barrier, and promote a youthful appearance.

For optimal results, pair BLD BRO Night with 'BLD BRO Daily' to achieve the 'Ultimate 24h Bald Skincare Routine.' This dynamic duo ensures continuous care, addressing the unique needs of men's skin around the clock.

Packaged in a 100% recyclable aluminum tube, BLD BRO Night cares for your skin and the environment. Its gentle, lightweight formula is suitable for sensitive skin, making it an essential addition to your nightly regimen.

Image Credit: BLD BRO",8.3,https://www.trendhunter.com/trends/bld-bro-night,"Georgia Wray Norsten — March 25, 2025 — Fashion
References: bldbro & bldbro", 
Eyecare-Focused Insurance Integration Platforms,"KITS Eyecare has introduced a new insurance integration feature that is designed to simplify vision care coverage verification and claims processing for U.S. customers. The digital eyecare platform now supports real-time eligibility checks and electronic claims submission for major vision insurance providers, including VSP, Eyemed, Superior, and Versant.

KITS Eyecare's insurance integration feature is particularly relevant given that approximately 174 million American adults — that is, 67% of the population — carry some form of vision insurance, yet many face cumbersome paperwork and delays when attempting to use their benefits. By automating the verification and reimbursement process through its online platform, KITS eliminates manual claim forms and reduces processing wait times. This approach will offer policyholders immediate confirmation of coverage details and instant digital submission capabilities, making the service highly convenient.

Image Credit: KITS Eyecare",6.4,https://www.trendhunter.com/trends/vision-care-coverage,"Kalin Ned — March 25, 2025 — Lifestyle
References: https & newswire", 
Dual-Action Weight Loss Supplements,"Alviona has introduced a weight loss supplement that stands out as an innovative approach to fat reduction. Combining natural ingredients with metabolic enhancement benefits, the product claims to utilize a blend of seven active compounds that purportedly target brown adipose tissue to accelerate calorie burning while suppressing appetite. The seven components include amino acids L-carnitine and L-Arginine, Extract from Garcinia Cambogia HCA, L-aspartic acid, L-Leucine, L-Proline, and Cayenne Pepper.

Consumers may find Alviona appealing due to its emphasis on dual-action benefits as the formulation combines weight loss with purported wellness advantages like improved mood, sleep quality, and energy levels. Unlike extreme diet regimens requiring strict lifestyle changes, Alviona positions its weight loss supplement as a convenient solution for gradual, sustainable weight management without stimulants or GMOs.

Image Credit: Alviona",5.8,https://www.trendhunter.com/trends/weight-loss-supplement,"Kalin Ned — March 25, 2025 — Lifestyle
References: globenewswire", 
AI-Enhanced Marketing Automation Platforms,"Aurora Mobile's EngageLab has enhanced its marketing automation platform with artificial intelligence capabilities, and in doing so, it has introduced new tools that optimize customer outreach across multiple digital channels. The upgraded system combines omnichannel message distribution with visual workflow builders and AI-driven analytics. This will allow marketers to create personalized customer journeys without technical expertise.

Key functionalities of EngageLab include automated campaign orchestration across AppPush, WebPush, email, SMS, and WhatsApp, real-time performance tracking, and GPT-powered content generation for tailored messaging. The solution targets specific business scenarios like user onboarding, subscription conversions, and customer re-engagement. Reported case studies show conversion improvements between 30-45% across e-commerce, gaming, and education sectors.

The platform's multi-channel approach to customer outreach addresses the growing challenge of fragmented customer touchpoints.

Image Credit: EngageLab",8.9,https://www.trendhunter.com/trends/customer-outreach,"Kalin Ned — March 25, 2025 — Tech
References: engagelab & globenewswire", 
Gluten-Free Frozen Pizzas,"Carbonaut pizzas are shaking up the frozen pizza landscape, offering a delectable experience without the carb overload. Crafted on gluten-free crusts, each pizza has a tangy herbed tomato sauce and rBST-free dairy cheese, ensuring flavor and quality. With net carbs ranging from 9g to 10g per serving, these pizzas cater to those seeking healthier alternatives without sacrificing taste.

The lineup features enticing options like 'The Moon Is Made Of Cheese,' a classic cheese pizza with rich, comforting flavors. For veggie enthusiasts, 'A Constellation Of Veggies' offers a medley of fresh toppings, while meat lovers can indulge in the hearty 'Stellar Supreme' or the savory 'Bacon Cheddar Blastoff.'

Beyond taste, Carbonaut prioritizes nutrition. Their 'Thin Crust' pizza boasts only 3 grams of net carbs and 60 calories per serving, complemented by 18 grams of fiber. Similarly, the 'Not So Thin' Crust variant provides a satisfying base with just 3 grams of net carbs, 70 calories, and 21 grams of fiber per serving.

Image Credit: Carbonaut",8.6,https://www.trendhunter.com/trends/carbonaut-pizzas,"Georgia Wray Norsten — March 25, 2025 — Lifestyle
References: carbonaut.co", 
Luxurious Machine-Washable Fashion Collections,"LILYSILK's EasyCare Collection is a great example of machine-washable fashion meeting high-end luxury apparel. The practical everyday garments expand on the contemporary brand's previous innovations in easy-care fabrics. The EasyCare Collection offers pure silk, spun silk, merino wool, and silk-wool blends. All of these materials are engineered to withstand machine washing while retaining their softness, luster, and durability. As such, they are ideal for busy professionals and even travelers.

LILYSILK's offerings are noteworthy as traditional silk and wool often require delicate care. By eliminating the need for hand washing or dry cleaning, the machine-washable fashion capsule aims to make premium fabrics more accessible to consumers who value both convenience and sustainability. The brand’s focus on practical elegance could attract both longtime silk enthusiasts and new customers looking for hassle-free sophistication.

Image Credit: LILYSILK",7.5,https://www.trendhunter.com/trends/machinewashable-fashion,"Kalin Ned — March 25, 2025 — Fashion
References: newswire & lilysilk", 
Frequent Trader-Focused Loyalty Initiatives,"ThinkMarkets' ThinkRewards is a tiered loyalty initiative aimed at incentivizing frequent traders across the company's platforms.

The program automatically awards points for trading activity on the ThinkTrader platform, with additional point-earning opportunities planned for referrals and special events. Participants progress through five membership levels — Silver through Diamond —with higher tiers offering increased redemption options, including trading credits and cash withdrawals. Frequent traders could particularly benefit as compounded rewards effectively reduce transaction costs over time. The tiered system creates aspirational benchmarks, potentially encouraging increased trading volume to reach higher reward brackets.

ThinkRewards differs from traditional loyalty schemes as it does not require frequent traders to enroll. All existing clients begin at Silver status with points accruing through normal trading operations.

Image Credit: ThinkMarkets",5,https://www.trendhunter.com/trends/frequent-trader,"Kalin Ned — March 25, 2025 — Lifestyle
References: thinkmarkets & globenewswire", 
Baseball-Inspired Dessert Partnerships,"Ferrero’s Baby Ruth brand is continuing its multi-year collaboration with the New York Yankees and in 2025, the collaborators are reintroducing exclusive stadium treats and retail promotions for the baseball season.

Fans attending games at Yankee Stadium will once again have access to the popular Baby Ruth milkshake — a chocolate-based dessert topped with a full candy bar — as well as limited-edition Baked Pinstripe Bars — a themed confection that aligns with the team’s iconic uniform design. These desserts provide a unique indulgence not widely available elsewhere.

Additionally, the partnership includes a Yankees Fireworks Night sponsored by Baby Ruth, and this activation is sure to enhance the gameday experience with a postgame spectacle. Outside the stadium, select 7-Eleven stores will offer discounts and free samples tied to the promotion.

Image Credit: Baby Ruth x New York Yankees",6.9,https://www.trendhunter.com/trends/baby-ruth,"Kalin Ned — March 25, 2025 — Lifestyle
References: prnewswire", 
Heritage-Preserving Cultural Centers,"Architecture firm WAU Design has completed the Wuyang Cultural Station, which is a brick and concrete building topped by sloped roofs. The cultural center is located in Guangzhou, China with the goal of promoting cultural preservation during rapid developments happening in the coastal town. The Wuyang Cultural Station is meant to provide a range of public programmes which are around the hall and pay attention to the town's heritage.

The studio shares more on the design, noting ""Wuyang Town, like most townships in China, suffers from the negative impacts of urbanisation, gradually losing vitality due to population outflow. To counter the challenges of urbanisation, we must foster people's self-identification with local culture. Only through this can we inspire young people to return and motivate residents to actively – or even spontaneously – address the town's issues.""

Image Credit: Wu Siming",8.9,https://www.trendhunter.com/trends/wuyang-cultural-station,"Amy Duong — March 25, 2025 — Art & Design
References: waudesign.cn & dezeen", 
Apologetic Beer Initiatives,"Coors Light's Obstructed Brews initiative is designed to enhance the experience for baseball fans stuck with poor sightlines during home openers. Attendees can use an AI-powered system to verify their obstructed view — such as a pole or overhang — and they will receive a complimentary Coors Light in exchange.

Coors Light's Obstructed Brews directly addresses a common frustration among sports fans who pay for tickets only to end up with a subpar view. The brand offers a lighthearted and practical apology. Participants simply upload a photo of their blocked perspective via a dedicated website, and if approved, they receive a digital payment equivalent to the cost of a beer.

The promotion is available for a limited time at select stadiums, including Chase Field (Arizona Diamondbacks) and Citi Field (New York Mets).

Image Credit: Coors Light",10,https://www.trendhunter.com/trends/obstructed-brews,"Kalin Ned — March 25, 2025 — Marketing
References: youtube & prnewswire", 
Restaurant-Focused Beverage Campaigns,"Leading ready-to-drink cocktail brand Surfside recently introduced its new Surf N’ Turf campaign, which coincided with National Cheesesteak Day and National Cocktail Day on March 24. The initiative partners with sports bars and restaurants nationwide to offer a pairing of Surfside’s low-sugar and low-calorie vodka-based canned beverages with the classic Philly cheesesteak throughout April. The experience is sure to be enjoyable and convenient.

The collaborative Surf N’ Turf campaign aims to enhance the gameday experience, particularly as the brand expands its presence in Major and Minor League Baseball. This was bolstered by the inclusion of former Philadelphia Phillies star Jimmy Rollins at a local event that was connected to Surfside's initiative.

For those interested in participating, the company provides an online tool to locate nearby venues offering the Surf N’ Turf combo.

Image Credit: Surfside",9.5,https://www.trendhunter.com/trends/surf-n-turf-campaign,"Kalin Ned — March 25, 2025 — Lifestyle
References: prnewswire", 
Natural Material Stilted Homes,"Swedish design firm Johan Sundberg Arkitektur designs the Yngsjö holiday home. It is made with natural materials and a light tonal palette which is compatible with the environment of southern Sweden. It is dubbed after its location -- Yngsjö is just by the Baltic Sea shores. The house was constructed as a tranquil retreat away from city life for a Swedish family based in London.

Sundberg explains, ""I aimed to reduce complexity but avoid reductionism, creating a house that stands out while still adapting to its surrounding. The kitchen, entirely in oak, adds a warm, mysterious quality to the interior – it became delightful, darker and a bit more mysterious than I first imagined. The woodworking around the awnings and the quality of light filtering through the ceiling exceeded our expectations from the model work.""

Image Credit: Markus Linderoth",3.9,https://www.trendhunter.com/trends/yngsj,"Amy Duong — March 25, 2025 — Art & Design
References: johansundberg & dezeen", 
Art Deco-Inspired NY Flagships,"French glassware imprint Lalique has opened the doors to its new flagship store location dubbed Maison d'Artiste. The store is inspired by art deco elements and is nestled in a 19th-century townhome in NYC's Upper East Side. It was designed by the artistic and creative director of Lalique, Marc Larminaux with collaborative efforts alongside the Californian interior team Studio Preveza. The goal was to create a space where customers could experience the products in a residential setting.

Laminaux explained more about the design, ""Lalique's DNA is deeply connected to the art deco movement, and this influence is visible in the meticulous details of the Maison d'Artiste. From the architectural elements to the decorative installations, the space pays tribute to the geometric elegance and bold aesthetic of the era while seamlessly integrating modern interpretations of Lalique's timeless motifs.""

Image Credit: Adrian Gaut",7.2,https://www.trendhunter.com/trends/maison-dartiste,"Amy Duong — March 25, 2025 — Art & Design
References: uk.lalique & dezeen", 
Ontario Landscape-Inspired Cottages,"Canadian design firms Bureau Tempo and Thom Fougere join forces to create the interiors of the Pine Island Cottage. The two paid close attention to the surroundings which they described to be 'rugged and serene' in Georgian Bay. This stood as the inspiration for the interiors of the family holiday residence.

Fougere spoke about the design, ""Translating that tactile experience into the interior in unexpected ways became a guiding goal in selecting materials. It often came down to finding the minimum touch with the maximum impact to achieve this. Early conversations with the client about embracing patina and encouraging the use of materials that would age well, established a direction that led to rich material selections and a few unexpected pairings.""

Image Credit: Alex Lesage",8.9,https://www.trendhunter.com/trends/pine-island-cottage,"Amy Duong — March 25, 2025 — Art & Design
References: thomfougere & dezeen", 
Textured Prefab Holiday Cabins,"Architecture firm TEST has constructed the prefab house changeover cabin, which is defined by its textured wood cladding. Nestled in the forest, the location is dominated by Beech trees and the team has created the home to replace the pre-fab house fallen into disrepair.

The studio worked with the plot and created three options for how it would approach remodeling. To come to a decision, it worked with the client to keep the nine pillars that stayed to support the existing shelter. The studio would then build a new modular cabin on top of this. The design led to create the cabin offsite, built in a workshop in the city with modules and wooden posts.

Image Credit: Gregori Civera",5,https://www.trendhunter.com/trends/prefab-house-1,"Amy Duong — March 25, 2025 — Art & Design
References: instagram", 
Stealthy Monochromatic Collab Sneakers,"Fucking Awesome works in collaboration with adidas Originals to present its own iteration of a classic model with the FA Stan Smith to join its roster. The two are officially launching the sneaker on March 26th and it will be available to purchase online.

The new look boasts a monochromatic black design, which decorates the upper, laces, and sole unit. The upper is made with a cracked leather construction, giving it a stealthy visual with a worn-in vintage look. The fashion brand's patinated metal motif is seen on the lateral panel in the same tone. It is all laced up with a traditional lacing system in a black hue as well, rounding it all out.

Image Credit: adidas",6.7,https://www.trendhunter.com/trends/fa-stan-smith,"Amy Duong — March 25, 2025 — Fashion
References: adidas", 
Light-Tonal Low Basketball Sneakers,"Nike introduces a new tonal palette of the Air Jordan 1 Low sneaker model with a slew of muted tones. The iconic design is now 40 years old and it gets a new colorway that fuses hues of white, Sail, Star Blue, and Midnight Navy throughout the silhouette.

It is also joined by denim fabric as the main focus at the upper, seen in a lighter shade to bring a more modern feel to the model. This is then accented with darker denim shakes which is seen at the Swoosh emblems for a tonal contrast. The panels at the ankle and heel continue to add more textural elements with a spotlight on the white stitching at the Swoosh.

Image Credit: Nike",8.6,https://www.trendhunter.com/trends/air-jordan-1-low-3,"Amy Duong — March 25, 2025 — Fashion
References: nike", 
Hand-Stitched Artisanal Sneakers,"VEJA works in collaboration with Dover Street Market Ginza to introduce its latest sneaker models which have all been hand-stitched by Sashiko Gals. The French footwear brand launches the unique collection as the group of artisans specializes in repairing and customizing garments with historical methods.

There are ten limited pairs of the new 'Panenka' sneakers that are exclusive at Dover Street Market. The body of the shoe is designed with inspiration from vintage football shoes. It is detailed with the traditional Sashiko repair mode which dates as far back as the 8th century. This reinforced used garments and formed new shapes and thread colors. All of these are a part of the Clean, Repair, Collect initiative by VEJA.

Image Credit: Dover Street Market Ginza",6.7,https://www.trendhunter.com/trends/sashiko-gals-1,"Amy Duong — March 25, 2025 — Eco
References: instagram", 
Textural Canvas Lifestyle Sneakers,"Nike introduces its new Canvas pack comprised of variations of the Air Force 1 Low sneaker model. There are four iterations in the capsule and it all replaces the iconic leather build with an all-canvas construction. The upper is detailed with a textural finish, each respective to its own colorway.

There is a triple tonal white, grey, burnt orange, and light green hue. The triple white is detailed with an entirely white upper. The other three palettes are complete in a two-tone design with complementing colors at the Swoosh emblem along the side. The Swoosh is finished with a chenille material with more branding to follow at the insoles, the tongue tag, and embroidered logos at the heel.

Image Credit: Nike",8.9,https://www.trendhunter.com/trends/canvas-pack,"Amy Duong — March 25, 2025 — Fashion
References: nike", 
Neutral Tonal Premium Sneakers,"Nike introduces a look at the latest tonal iteration of the Air Max 1 Premium sneaker model with the launch of the Cave Stone colorway palette joining its lineup. Set to join its Spring 2025 series, the model is made with a blend of light bone tones that decorate the silhouette throughout.

The upper is made from a mesh material at the base for effortless breathability paired with soft suede overlaying on top. This is joined by cave stone accents that add some contrast at the mudguard and followed by the Swoosh branding. Some warmth is added to the lace eyelets and branding accents to add a sophisticated finish. It all rests on top of a white midsole, gum outsole, and visible Air unit.

Image Credit: Nike",5.5,https://www.trendhunter.com/trends/cave-stone-colorway,"Amy Duong — March 25, 2025 — Fashion
References: nike", 
Retro Brightly Accented Runners,"Nike introduces an official look at the Air Max Craze sneaker model joining its roster for the Spring 2025 season. It is arriving in a colorway that uses hues of black, Bright Citrus, white, and Platinum Tint. The model delivers unique runner components and the black base foundation is decorated with orange accents for a bold pop of color.

The upper is also crafted from neoprene materials and secures the foot in place with a zipper system over the forefoot, similar to the Air Max Sunder model. The heel is kept minimal with some padding added for comfort. Branding can be found at the back reading ""Max Air,"" the tongue tab, and the toe cap.

Image Credit: Nike",8,https://www.trendhunter.com/trends/air-max-craze,"Amy Duong — March 25, 2025 — Fashion
References: nike", 
Sustainable Dine-In Panama Bakeries,"Local design firm Mallol Arquitectos has created the new dine-in bakery space for Krume Bäcker in Panama where ears of wheat define the tables. Other defining design features include its clay plaster wrap to create a neutrally rooted space tonally and texturally.

The counter was built from compacted earth by blending local materials and traditional techniques for the pastry and coffee machines to rest on top of. The wooden furniture is custom-designed using native hardwoods that have been salvaged.

The studio explains the process, noting ""The timber, extracted in collaboration with the Guna Madugandí community, undergoes a precise retrieval method using hydraulic saws with biodegradable oils and is kiln-dried over 2.5 months. This process maximises material use, reduces waste, and produces furniture with enhanced durability compared to porous alternatives.""

Image Credit: Mauricio Carvajal",4.5,https://www.trendhunter.com/trends/krume-bcker,"Amy Duong — March 25, 2025 — Art & Design
References: mallolarquitectos & dezeen", 
Viral Organic Tampons,"Viv for Your V is turning period care into a movement, with over 3,000 people joining the waitlist for their 'Organic Cotton Tampons' -- a first for menstrual products. This Gen Z-loved brand is redefining what it means to have a safe, sustainable, and comfortable cycle.

Unlike traditional tampons, Viv’s are completely toxin-free, removing harmful chemicals and mystery metals. Made with 100% organic cotton, they feature an ultra-smooth, BPA-free applicator for maximum comfort and peace of mind. Even the packaging is plastic-free, making them a healthier choice for your body and the planet.

Viv is also leading the charge with other innovative period products. Their Bamboo Pads decompose in just 150 days, a stark contrast to traditional pads that take 800 years to break down. For those seeking a long-term solution, the 'Viv Cup Starter Kit' offers a medical-grade silicone cup designed to last up to a decade.

Image Credit: Viv for your V",9.7,https://www.trendhunter.com/trends/vive-for-your-v,"Georgia Wray Norsten — March 25, 2025 — Lifestyle
References: vivforyourv", 
Furniture Design Resurrections,"Saint Laurent revives four rare Charlotte Perriand furniture designs brings modernist history back to life, merging luxury fashion with timeless craftsmanship. Debuting at Salone del Mobile in Milan from April 8 to 13, this exclusive collection resurrects pieces that previously existed only as sketches or prototypes, now meticulously reproduced as limited-edition, made-to-order creations.

Curated by creative director Anthony Vaccarello, the collection features the Rio de Janeiro bookcase, 'Indochina' guest armchair, 'Mille-feuilles' table, and a sculptural sofa initially designed for the Japanese ambassador’s residence in Paris. Each piece embodies Perriand’s architectural brilliance and Saint Laurent’s commitment to design heritage.

Accompanying the exhibition, Saint Laurent Editions will offer collectible books and a catalog of the collection, with photography exhibits in Paris and Milan. This rare collaboration celebrates not just furniture but also a legacy of craftsmanship, elevating Perriand’s modernist vision into today's luxury world.

Image Credit: Saint Laurent",7.5,https://www.trendhunter.com/trends/saint-laurent-revives,"Georgia Wray Norsten — March 25, 2025 — Art & Design
References: wwd", 
Modern Modular Shelving Systems,"Teethmark designs the Shelving Unit 01, which is a sleek modular shelving system made from only seven components. Each part can be transformed into an impressive 100 configurations. This ensures that it grows and adapts to current needs and the changing needs of the future.

The Shelving Unit 01 is the perfect example of the brand's ethos of leaving an indelible mark, creating its own 'teethmarks' of an authentic design. The design ensures that it is flexible and durable as the system fuses form and function for a modern living space. The seven components are made after months of development, fine-tuning to ensure the sizes are optimal,and attention to hole placements, shapes, and thickness to connect with ease.

Image Credit: Teethmark",4.2,https://www.trendhunter.com/trends/shelving-unit-01,"Amy Duong — March 25, 2025 — Art & Design
References: teethmark.world & design-milk", 
Spring-Welcoming Art Installations,"Hosted at the Milwaukee Art Museum is the Meadow exhibition by DRIFT. It is full of motifs that reflect the warmth of the Spring season and bright signs of life. The atrium of the Quadracci Pavilion is turned into this bright kinetic garden representative of Spring. Meadow continues the studio's work of fusing art and technology together and it is inspired by the museum's organic architecture and North American wildflowers.

The art and nature elements blend together here in an immersive light and motion. This is the second version of the museum's seasonal Winter series which kicked off last year. DRIFT develops research of kinetic blooms to create Meadow with materials including bright fabrics, robotic elements, aluminum, and stainless steel.

Image Credit: DRIFT, Milwaukee Art Museum",7.5,https://www.trendhunter.com/trends/meadow-exhibition,"Amy Duong — March 25, 2025 — Art & Design
References: mam.org", 
Artist-Joined Slim Sneakers,"adidas introduces its latest collaboration with artist Bad Bunny on a new tonal iteration of the Ballerina sneaker model with a Bold Gold colorway variation. It is set to drop officially on March 29th and continues the partnership between the two.

It is designed with inspiration from Bad Bunny's Puerto Rican roots with integration of adidas' Taekwondo's silhouette elevated by modern motifs. It is arriving in the bright Bold Gold colorway with a yellow base foundation and deep navy blue as the branding Three Stripes accents on the side of the model. It is made from a premium suede build at the upper secured by bungee-cord laces and special branding including the gold foil 'benito.'

Image Credit: adidas",4.2,https://www.trendhunter.com/trends/ballerina-sneaker-1,"Amy Duong — March 25, 2025 — Fashion
References: adidas", 
Pint-Sized EDC Pens,"MR. GADGET introduces a look at the Wolf Fang 2.0, which is a tiny EDC measuring just over 2 inches in length. It looks like a small fang of an animal but is packed with a variety of functions including a box opener, a bit driver, a pen tip, and a pry tool.

The Wolf Fang 2.0 is extremely lightweight with only 0.49 ounces and machines from aerospace-grade titanium. It is resilient and the minuscule structure is durable as it can be hiked through terrain and tossed onto concrete with no issues. Due to the fang-shape, it is great for writing despite its small size. Instead of traditional ink, it uses a special alloyed metal tip.

Image Credit: MR. GADGET",5.6,https://www.trendhunter.com/trends/wolf-fang-20,"Amy Duong — March 25, 2025 — Lifestyle
References: shanxiyimadianzishangwuyouxiangongsi.kckb.me", 
Modern Collaborative Textile Sneakers,"Italian lifestyle brand SUNNEI works in collaboration with Camper to reimagine the Pelotas Nu style, presented in the form of the PELOTISSIMA collection. Comprised of four colorways, the model is designed with a double plush sole unit to ensure a comfortable feel paired with an elevated color-blocked design.

Other details include its double-studded XL Extralight EVA outsole unit and an upper that is made up of 85% recycled contents. The PELOTISSIMA collection offers: Red & Pink, Yellow & Azure, Black & Grey, and Grey & Beige. There are some that are more understated and others that make a bolder design statement. Each one is complete with a thick sole unit to accommodate long walks and hikes.

Image Credit: Camper, SUNNEI",9.2,https://www.trendhunter.com/trends/pelotissima,"Amy Duong — March 25, 2025 — Fashion
References: camper", 
Spring Anniversary Restaurant Menus,"The Friendly's Legacy in Bloom menu is making its way to the family restaurant's participating locations as a series of items perfect for marking the arrival of spring, but also celebrating an important milestone with the brand.

The menu marks the brand's 90th anniversary and boasts a wide range of items for diners to try out on their next visit that range from light to indulgent and everywhere in between. The menu also includes the Happy Ending Meal Deal starting at $8.99 that includes a BLT sandwich with a complimentary Happy Ending Sundae.

President Dawn Petite spoke on the Friendly's Legacy in Bloom menu saying, ""Friendly’s is a place where families have come together over great food and sweet treats for 90 years now. Our ‘Legacy in Bloom’ menu is a fresh spin on our rich tradition, packed with the flavors of spring and a whole lot of nostalgia. We can’t wait to celebrate with our guests as we continue to commemorate this milestone all year long.”",9.2,https://www.trendhunter.com/trends/legacy-in-bloom-menu,"Michael Hemsworth — March 25, 2025 — Lifestyle
References: friendlysrestaurants & restaurantmagazine", 
On-the-Go Meat Snacks,"The Greenridge Naturals grass-fed beef sticks now come in a new 18-count bag to maximize value for consumers and ensure they always have the product on hand when they need it. The beef sticks follow on the success of the brand's snack stick launch last fall and consists of individually servings that each have six-grams of protein with zero sugar in the mix. The meat snacks are also crafted with no soy, MSG, gluten, added nitrates, nitrites, artificial colors, phosphates or flavors in the mix.

The Greenridge Naturals grass-fed beef sticks are priced at $27.99 per pack and are also reported to be crafted with natural smoke, while also containing 49% less sodium than the leading brand.",5.5,https://www.trendhunter.com/trends/greenridge-naturals,"Michael Hemsworth — March 25, 2025 — Lifestyle
References: greenridgenaturals & snackandbakery", 
Protein-Packed Oat Puffs,"B-Sides Crunch Puffs are a sustainable food product crafted with upcycled ingredients in the spotlight to help combat against the issue of food waste in a decidedly delicious way. The snack product consists of crispy puffs crafted out of upcycled oats that are sourced from the oat milk production industry and paired with ample flavoring to give them a crunchy yet tasty profile. The product features 10-grams of plant-based protein in each serving, while also featuring a free-from recipe that's soy-free, dairy-free and also free from the top nine allergens.

The B-Sides Crunch Puffs come in three flavors including Ranch, Cheddar and Jalapeño, and were created by Founder Yousuf Ahmed who was inspired by a WASTED pop-up dinner hosted by Dan Barber.

Image Credit: B-Sides",6.7,https://www.trendhunter.com/trends/bsides-crunch-puffs,"Michael Hemsworth — March 25, 2025 — Eco
References: enjoybsides & snackandbakery", 
Multifuntional Modular Tables,"The Transformer Table is an innovative design that boasts modular functions. Its main purpose is a workstation but within a brief moment, it can be transformed into a dining table to enjoy dinner or host guests. This is a great piece of furniture for those who have a more compact space.

For users who need various monitors while working, the desk can store up to four 27-inch monitors inside of the folding tabletop. The design also ensures that it is easy to keep the space free of clutter. Other details include its integrated cable management system -- it keeps wires and cables out of the way and perfectly accommodates the hidden storage to store laptops and other accessories.

Image Credit: Transformer Table",5.8,https://www.trendhunter.com/trends/the-transformer-table,"Amy Duong — March 25, 2025 — Art & Design
References: yankodesign", 
Chromatic Textile Sneaker Designs,"The SUNNEI x Camper PELOTISSIMA collection is a series of playfully chic footwear styles created in collaboration between the brands to offer fans a decidedly color blocked option to pick up for springtime. The collection consists of four styles in total, which are each constructed out of textiles in different colors to convey a bold aesthetic. The sneakers are also paired with an unexpected sole design that features a series of tubular units sticking out of the base and out through the bottom to create a toy-like aesthetic.

The SUNNEI x Camper PELOTISSIMA collection is arriving at the perfect time to coincide with Camper's 50th anniversary, while also leveraging the modernistic style of SUNNEI. The various shoe styles can be perused via the Camper website.",9.2,https://www.trendhunter.com/trends/sunnei-x-camper-pelotissima-collection,"Michael Hemsworth — March 25, 2025 — Fashion
References: camper & design-milk", 
Swappable Component Laptop Designs,"The Compal Adapt X laptop has been designed by the brand as a future-proof computing solution that's engineered to be changed or updated with ease to keep it ready for whatever the user may require. The laptop features a modular design that includes a screen, keyboard and ports that are all separate to allow for them to be swapped out for newer ones when they are outdated or damaged. The display can be removed from the keyboard to allow them to function independently to accommodate creating a less cramped workspace wherever the user may go.

The Compal Adapt X laptop also features a chassis crafted from recycled materials and could be connected with additional monitors to support immersive productivity experiences when working from the office or home.",6.4,https://www.trendhunter.com/trends/compal-adapt-x,"Michael Hemsworth — March 25, 2025 — Tech
References: compal & yankodesign", 
All-Season Collaborative Camper Tents,"The Skycamp Mini is a two-person rooftop tent by iKamper in collaboration with American electric car manufacturer Rivian. It is essentially a smaller variation of the Skycamp DLX and is meant to be compatible with the Rivian R1T and the R1S models.

The Skycamp Mini is a compact blend of materials and performance prepared to be used through all seasons of the year. The body has a hardshell finish and rugged appearance, delivering a lightweight feel as well. The Skycamp Mini ensures to keep its basics intact as the tent extends from the hardshell and is crafted from a breathable PFAS-free polycotton canvas. Details include its removable fly and large windows that welcome airflow and open views.

Image Credit: iKamper",8,https://www.trendhunter.com/trends/skycamp-mini,"Amy Duong — March 25, 2025 — Autos
References: ikamper", 
Mycelium-Made Sustainable Earplugs,"The GOB Earplugs are mycelium-based and made without compromising comfort or protection. Crafted using mycelium grown in the lab, these are entirely home-compostable and is free of any harmful chemicals or additives. The earplugs are designed for 12dB noise reduction and is a fully bio-based product.

This means that there are no microplastics or harsh residue. The design focuses on comfort as it molds carefully to the ear similar to memory foam and adapts to each ear shape for a secure fit that stays in place. These are notably the first sustainable hearing solution -- it dampen sounds and ensures a balanced acoustic experience. The GOB Earplugs elevate its sound absorption while maintaining clarity and comfort.

Image Credit: GOB",5.8,https://www.trendhunter.com/trends/gob-earplug,"Amy Duong — March 25, 2025 — Art & Design
References: yankodesign", 
Apple-Flavored Hydration Cubes,"Apple is a familiar fruit flavor and waterdrop—the brand helping people drink more water—transformed it into an irresistible, limited-time Microdrink that captures its crisp, refreshing essence in every sip. These zero-sugar, vitamin-packed hydration cubes are powered by natural fruit and plant extracts, and share calorie-free replenishment.

These apple-flavored hydration cubes are made to be dropped into cold water and dissolved, then sipped for a ripe, fruity water flavor with benefits from B and C Vitamins—which are beneficial for reducing tiredness and fatigue, as well as supporting regular functions of the human body.

With the brand's unique approach to hydration and waste-reducing packaging, consumers save 98% of plastic compared to drinks in 17-ounce plastic bottles.",7.8,https://www.trendhunter.com/trends/limited-time-microdrink,"Laura McQuarrie — March 25, 2025 — Lifestyle
References: waterdrop", 
Storage-Packed Travel Pants,"The MOW CALIGO PANTS are an ultra-rugged, storage-packed garment solution for adventurers and travelers alike that will enable them to keep everything securely stowed during wear. The pants are equipped with a total of 18 pockets that will keep an entire backpack's worth of gear stowed inside to help the wearer potentially eliminate the need for a day pack. The pants are also constructed with durability in mind with a Nylon N66 material that's four-watch stretch, but also resistant to scratches and tears while also being water resistant and quick drying.

The MOW CALIGO PANTS come in six sizes for men and three for women, which are each constructed with an expandable waistband to provide an additional 25% of space for a flexible fit.",3.9,https://www.trendhunter.com/trends/caligo-pants,"Michael Hemsworth — March 25, 2025 — Fashion
References: kickstarter & coolthings", 
Cycle Care Gummies,"WUKA, the brand known for its period underwear, collaborated with experts in women's health over two years to create Cycle Care Gummies. These high-quality products go beyond addressing heavy menstrual cycles, cramps, and bloating—they're accessible nutritional solutions that tackle a hidden health crisis. As the brand shared in a blog post, ""Heavy periods can lead to iron deficiency, a condition that studies show affects one million women in the UK and results in approximately 57,000 emergency hospital admissions annually.""

The vegan-friendly Cycle Care Gummies are formulated to target the most common menstrual health concerns with versions for teens and adults. In the range, women will be supported by products like the WUKA Cycle Care Iron Gummies; Vitamin D2 and K3 Gummies; and PMS Support Gummies.",7.8,https://www.trendhunter.com/trends/cycle-care-gummies,"Laura McQuarrie — March 25, 2025 — Lifestyle
References: wukawear & theindustry.beauty", 
Secure Plaid-Covered Clogs,"The Crocs x Barbour Classic Clog has been debuted as one of several products created in collaboration between the brands that will work well for those seeking out a stylish way to stay ready for anything this spring. The footwear style maintains the familiar form of the namesake original Crocs Classic Clog, but has been elevated with a plaid finish that lends it a heritage-driven aesthetic. This is further enhanced with a series of straps across the top and around the back of the foot, which will work well to keep them securely in place during wear.

The Crocs x Barbour Classic Clog will be available alongside the additional pieces in the collection starting March 27, 2025.

Image Credit: Crocs x Barbour",10,https://www.trendhunter.com/trends/crocs-x-barbour-classic-clog,"Michael Hemsworth — March 25, 2025 — Fashion
References: highsnobiety", 
Kosher THC Gummies,"Jewish cannabis brand Tokin’ Jew officially launched the world’s first officially certified Kosher for Passover THC gummies, ensuring adults can participate in tradition and enjoy a cannabis experience. During Passover, many cannabis gummies must be avoided because they often contain non-kosher ingredients like chametz (leavened grains.) “For many, cannabis is medicine or a way to relax and connect, but observant Jews have been left without kosher options,” said co-founder Ben Kraim, “This is more than just a product launch—it’s about making sure Jews who keep kosher and follow strict halacha have the same access as everyone else.”

The Tokin' Chews Kosher for Passover pack includes flavors like Seder Citrus (15 mg THC and 5mg CBD) and Four Cups (5mg THC and 5mg CBD.)",4.5,https://www.trendhunter.com/trends/kosher-for-passover,"Laura McQuarrie — March 25, 2025 — Lifestyle
References: tokinchews & jpost", 
Adventure-Ready SPF Sticks,"Gun Ana is on a mission to bridge the gap between skincare and sun care, creating innovative products like the Multi Guard Stick SPF 50 that protect, nourish, and enhance skin health without compromise. This SPF stick for the face and body is supportive against not only UV rays but also the wind and cold, making it a must-have for days at the beach, adventuring outdoors, and enjoying winter sports.

Unlike some sun care formulas that are a hassle to take on the go or reapply because of formulas that are messy, heavy, or greasy, this weightless SPF stick glides on sheer and leaves skin glowing thanks to ingredients like oat oil, shea butter, and Vitamin E. Better yet, the stick refreshes the senses with notes of cucumber and mint.",8.9,https://www.trendhunter.com/trends/multi-guard-stick-spf-50,"Laura McQuarrie — March 25, 2025 — Lifestyle
References: gun-ana & theindustry.beauty", 
Elegant Lightweight Electric Bikes,"The Ponomarets Eidolon electric bike has bene launched by the Germany-based bike brand as a road bike crafts with a lightweight profile in mind that doesn't skimp on sturdiness or performance. The bike is built with a carbon fiber monocoque frame that has been sculpted by hand at the All Ahead Composites facility in Veitshöchheim, Germany and also features a carbon fork and cabling that has been internal routed for a cleaner look. The bike boasts a silhouette that was finished thanks to a collaboration with the VoyagerCo Belgium design house.

The Ponomarets Eidolon electric bike is equipped with a 250W Mahle X20 motor alongside a 236Wh battery that are rated to provide up to 62-miles of range. Priced at €12,600, the bike is available now for order.

Image Credit: Ponomarets",7.2,https://www.trendhunter.com/trends/ponomarets-eidolon,"Michael Hemsworth — March 25, 2025 — Eco
References: ponomarets & newatlas", 
Pink-Hued Lunar Timepieces,"The OMEGA x Swatch Mission to the Pink Moonphase timepiece has been shown off by the brands as their latest collaboration that's positioned as a truly eye-catching accessory for bold aficionados to don.

The watch is constructed with a 42mm pink Bioceramic case that's paired with matching pushers and crown, and comes set on a pink Velcro strap that's finished with contrasting white stitching. The watch is paired with a black and silver-pink opaline dial that's offset with hour markers and black hands covered in a Super-LumiNova that's pink-hued to further complete the look.

The OMEGA x Swatch Mission to the Pink Moonphase timepiece has two sub-dials alongside a hidden message on the mask, which is only visible under UV light.",5.3,https://www.trendhunter.com/trends/omega-x-swatch-mission-to-the-pink-moonphase,"Michael Hemsworth — March 25, 2025 — Fashion
References: swatch & uncrate", 
Cozy Naturalistic Panama Bakeries,"Mallol Arquitectos' new Panama-based bakery is rooted in sustainability, prioritizing the use of low-impact materials. The business opts for a compacted earth counter, blending locally sourced materials with traditional craftsmanship. Atop the textured counter, coffee machines and pastry displays take center stage, complementing the natural tones of the space. Along two sides, slim high-top tables are thoughtfully positioned, offering a casual spot for patrons. The walls, coated in a locally made textured clay plaster, feature soft, rounded edges and include a series of small, built-in niches.

On the opposite side, a large communal dining table fosters a sense of connection, encouraging guests to engage with one another, while smaller two-person tables are strategically placed throughout the space, creating a balanced and inviting layout.

""The colour and material palette was carefully selected to reflect the brand’s essence and origins, evoking the softness, warmth, and spontaneity of nature,"" said the studio.

Image Credit: Mallol Arquitectos",7.4,https://www.trendhunter.com/trends/mallol-arquitectos,"Kanesa D — March 25, 2025 — Business
References: mallolarquitectos & dezeen", 
Skincare Microbiome Workshops,"A new wave of savvy, well-informed skincare consumers are invested in foundational barrier care, and for those wanting to strengthen and protect their skin while learning how to balance their microbiome for a healthier, more resilient complexion, Lush launched Meet Your Microbiome. Over 45 minutes, consumers who participate in this complimentary educational skincare service get to make their own fresh cleanser to take home, pick up skincare application tips, get insights into their skin and microbiome, and learn more about why Lush chooses to make fresh products with self-preserving formulas.

Lush's best-selling Angels on Bare Skin, for example, gets its gentle cleansing properties from hard-working yet sensitive-friendly ingredients like ground almonds, kaolin, and vegan glycerine, as well as lavender, rose, and blue chamomile for their calming benefits and beautiful aromas.",4.3,https://www.trendhunter.com/trends/meet-your-microbiome,"Laura McQuarrie — March 25, 2025 — Fashion
References: eventbrite & weare.lush", 
Luxury Bowling-Inspired Installations,"The Jacquemus bowling alley is redefining luxury retail with a striking new installation at Neiman Marcus NorthPark in Dallas. This one-of-a-kind experience combines high fashion with a fully functional bowling alley, inviting customers to immerse themselves in the playful world of Jacquemus while discovering the brand’s latest must-have accessory -- the 'Le Petit Turismo' bowling bag.

As the first-ever Jacquemus experiential activation in Dallas, this exclusive collaboration with Neiman Marcus exemplifies the future of luxury retail: interactive, entertaining, and irresistibly Instagrammable. Guests can enjoy a stylish game of bowling while browsing a curated selection of Jacquemus’ most coveted handbags, including designs seen on Kylie Jenner, Bella Hadid, and Dua Lipa.

The installation, running through April 2, celebrates creativity, craftsmanship, and the fusion of fashion and fun.

Image Credit: Neiman Marcus",9.6,https://www.trendhunter.com/trends/the-jacquemus-bowling-alley,"Georgia Wray Norsten — March 25, 2025 — Business
References: wwd", 
Sensorial Fragrance Samples,"Arcade Beauty's reinvented ScentSeal technology now offers a more environmentally friendly sampling experience by eliminating the aluminum layer and replacing it with barrier technology that has no bearing on recyclability. Since the 90s, ScentSeal technology has been used for sampling by direct mail, press inserts, and more with labels affixed to cardboard backing. Renewed for the next generation of fragrance fans, ScentSeal now lets customers apply a gel formula directly to the skin.

ScentSeal's outer label is composed of 48% paper and, depending on the format of the backing card, the entire product makes the most of 70% to 90% paper.

Despite several changes, the shelf life and scent experiences are said to be near-identical to the aluminum versions, and all fragrances are suitable to be sampled with this technology.",6.4,https://www.trendhunter.com/trends/scentseal,"Laura McQuarrie — March 25, 2025 — Fashion
References: arcadebeauty", 
History-Inspired Apparel Collections,"'The Scorpion & The Frog,' the latest release from Tremaine Emory’s Denim Tears, is more than just apparel -- it's a poignant exploration of shared struggles between the African American Civil Rights Movement and the Troubles in Northern Ireland. This thought-provoking collection, debuting at Paris Fashion Week, weaves powerful historical narratives into every piece.

Inspired by 'The Black and the Green' (1983), a documentary by St. Clair Bourne, the collection connects the experiences of Black Americans and Irish nationalists. Key designs include T-shirts featuring slogans like 'No Irish, No Blacks, No Dogs' in Gaelic, alongside symbols of solidarity such as the Black Power emblem. Pieces honoring Angela Davis and Bernadette Devlin McAliskey celebrate their activism.

Collaborations elevate the collection further, with masks by Shin Murayama and reimagined bomber jackets by DELICATE UNIT. Launching online on January 31, The Scorpion & The Frog is a statement in style and storytelling.

Image Credit: Denim Tears",8.8,https://www.trendhunter.com/trends/the-scorpion-the-frog,"Georgia Wray Norsten — January 27, 2025 — Social Good
References: instagram & highsnobiety", 
Solar Energy Camping Platforms,"Electric Outdoors designs the EO Canopy, which is a progressive camping platform that brings all of the comforts of city living is translated to outdoor living. All of the elements are powered by batteries and solar energy without the need for permits for infrastructure developments, the EO Canopy is a trailer. It also generates water as well, making the trailer elevated and luxurious on the market.

The roof has a full solar tracking system and can generate about 45-64 kWh of power each day. The setup is able to power the equivalent of two American homes at a daily rate with enough power to charge electric vehicles as well. It is notably designed to generate surplus solar energy.

Image Credit: Electric Outdoors",8.7,https://www.trendhunter.com/trends/eo-canopy,"Amy Duong — March 25, 2025 — Art & Design
References: electricoutdoors", 
Shimmering Sun Care Oils,"Vacation Shimmer Oil SPF is a fun, luxe new sun care product that's arriving just in time for the summer as ""the 'black tie' of sunscreen oil."" This new addition to Vacation's sun protection portfolio pairs two types of illuminating gold mica shimmer with skin-caring natural oils (argan, marula, coconut and jojoba) with Vitamin E, bisabolol, peptides and hyaluronic acid. This shine-boosting, protective oil is further enhanced with the brand's Vacation’s award-winning signature scent.

With its 80s-inspired aesthetic and better-for-you formulas, Vacation balances nostalgia and innovation, offering sun care products that smell delightful and ignite a passion for sun protection. One retro product at a time, the brand is redefining sun care, making it a joyful and essential part of everyday self-care routines.",5.2,https://www.trendhunter.com/trends/vacation-shimmer-oil,"Laura McQuarrie — May 30, 2024 — Fashion
References: vacation.inc & byrdie", 
Executive Workwear Collections,"Breaking away from conventional workwear constraints, 12th Tribe's new 23-piece collection, created in partnership with workplace influencer Corporate Natalie, introduces architectural silhouettes that challenge traditional office dress codes. The collection's crown jewel is an innovative mocha twill three-piece set, which Corporate Natalie describes as ""my baby of this project... it's a skirt piece, a high neck vest and then a matching blazer, and you can wear all of the pieces with different things in the collection, too. But that set together is just so chic to me."" This versatile ensemble exemplifies the line's commitment to both sophistication and adaptability, allowing for multiple styling combinations.

The collection's sophisticated neutral palette of mocha, taupe, and noir serves as a canvas for distinctive design elements such as architectural necklines, fluid draping, and contemporary cutouts. Additional standout pieces include a black drop-waist midi dress with a sculptural bubble hem and mock-neck sweater vests with modern proportions. Each piece demonstrates meticulous attention to fabrication and fit, with structured poplin shirts featuring subtle twist details, and midi skirts incorporating hidden technical elements for improved movement. This thoughtful fusion of high-style aesthetics with practical workplace functionality signals an evolution in professional dress, where traditional boundaries between corporate and contemporary fashion continue to blur.

Image Credit: 12th Tribe",9.1,https://www.trendhunter.com/trends/12th-tribe-x-corporate-natalie,"Grace Mahas — January 28, 2025 — Pop Culture
References: instagram & 12thtribe", 
Asian Superfood Gummies,"For centuries, herbs have played a vital role in supporting health and wellness, and now, Reprise Health is making trusted traditional Asian ingredients more accessible by offering them in convenient, delicious gummy form.

Gummies were chosen as the fun, novel format for delivering potent ingredients because people are more likely to take them regularly over pills or capsules. Unlike some high-sugar gummies, Reprise gummies contain just three grams of sugar per serving with no potency loss, and the brand likens them to adding honey to herbal tea.

In the Stress Buster Bundle, ingredients like ginseng, turmeric, loquat, and goji are featured. Reprise Health's formulas fueled by ancient Asian superfoods are supportive of everything from gut health and immunity to mental focus and clarity.",7.9,https://www.trendhunter.com/trends/reprise-health,"Laura McQuarrie — March 25, 2025 — Lifestyle
References: reprisehealth & newhope", 
Luxury On-Demand Deliveries,"Luxury retailer Fortnum & Mason is embracing the on-demand delivery trend by teaming up with Zapp, a rapid delivery service, to bring its premium products straight to customers' doorsteps—anytime, day or night. This strategic partnership allows London-based shoppers to enjoy a selection of Fortnum & Mason’s finest offerings, including its iconic loose-leaf teas, curated tea collections, indulgent biscuits, and signature hampers, all available 24/7 with the convenience of instant delivery.

By stepping into the fast-growing quick-commerce sector, Fortnum & Mason is enhancing accessibility to its renowned gourmet products, ensuring that customers can satisfy their cravings or find the perfect last-minute gift at a moment’s notice.

“We are always looking for new ways to bring our products to customers in a way that complements their busy lifestyles. Partnering with leading tech brand Zapp, ensures our customers can enjoy their favourite Fortnum’s treats whenever they wish, delivered in minutes, 24/7,"" said Liz Darran, Chief Brand & Creative Officer at Fortnum & Mason.

Image Credit: Fortnum & Mason",4.9,https://www.trendhunter.com/trends/fortnum-and-mason-1,"Kanesa D — March 25, 2025 — Business
References: fortnumandmason & retailtechinnovationhub", 
Intricately Jeweled Bags,"The LarAllan 'Mary' bag features a luxurious gold metallic fabric and vanity-shaped box design. The statement accessory epitomizes opulence and is crafted with meticulous attention to detail. The bag features a fabric-covered curve handle adorned with a clear crystal fringe, adding a touch of glamour to any outfit and is available in six colors.

While its exterior showcases a diamond pattern detail and elegant gold hardware, its interior features a built-in mirror, allowing for convenient on-the-go touch-ups. It also boasts gold satin lining and includes a practical card pocket for essential items.

LarAllan's Mary bag fuses luxury with practicality and is the perfect evening accessory for formal functions and even the red carpet -- recently making its red carpet debut at the 75th Annual Primetime Emmy Awards where it was worn by actress and award winning writer Jamie Lee.

Image Credit: LarAllan",3.7,https://www.trendhunter.com/trends/larallan-mary-bag,"Jana Pijak — January 19, 2024 — Fashion
References: larallan", 
Winter Getaway Candles,"Sun care brand Vacation, known for its retro aesthetic, is carrying its love of nostalgia into the holiday season with The Royal Pine Deluxe Candle, blending vintage-inspired designs with a festive twist.

While fans of the brand have already collected Vacation-brand candles with sun-soaked scents like Well-Tipped Pool Boy, High Ceiling Resort Lobby and Partial Ocean View Suite, the brand's seasonal candle evokes imagery of an 80s ski chalet. The alluring pine-scented candle opens Vacation's Signature Three Pine Blend of Balsam pine accord, Siberian pine needle and imported Norwegian spruce, and leads into the comforting aroma of cedar, moss, crisp mountain and après-ski winter cashmere.

This luxurious, vegan candle is made with premium soy blend wax and with a 100% cotton wick.",6.7,https://www.trendhunter.com/trends/royal-pine-deluxe-candle,"Laura McQuarrie — October 25, 2024 — Marketing
References: vacation.inc & byrdie", 
Anti-Aging Hydrating Creams,"The Pro-Collagen Anti Aging Marine Cream by Elemis is an award-winning moisturizer that is clinically formulated to ensure quick hydration. It significantly reduces visible fine lines and wrinkles within the span of only two weeks of use. The Pro-Collagen Anti Aging Marine Cream is great for all skin types and addresses issues of visible aging, skin dullness, and dryness.

Some of the notable ingredients in the formula include mimosa, which soothes and tones with a pleasant aroma followed by Rose, which offers a natural fragrance with calming properties, and padina pavonica, an algae that supports natural hydration. The formula is a lightweight premium gel-cream that glides on the skin effortlessly and leaves a silky satin finish.

Image Credit: Elemis, Sephora",7.5,https://www.trendhunter.com/trends/procollagen-anti-aging-marine-cream,"Amy Duong — March 25, 2025 — Fashion
References: sephora", 
Plastic Tube Guides,"Flexible plastic tubes are vital for branding, sustainability, and product protection. Berry Global has launched a free, comprehensive E-Book to help businesses select the correct flexible plastic tube for their needs, ensuring that packaging looks great and performs flawlessly.

The guide details the wide range of applications for flexible plastic tubes, from beauty and personal care to pharmaceuticals, homecare, food, and even lubricants. It explores various material options, recyclability considerations, and customization features, helping brands align their packaging choices with product functionality and sustainability goals.

With the flexible plastic tube market projected to hit $9.5 billion by 2029, Berry Global’s expertise ensures companies stay ahead of the curve. Whether businesses seek post-consumer recycled content or mono-material tubes for enhanced recyclability, this guide will provide the necessary insights.

Image Credit: Berry Global",6.7,https://www.trendhunter.com/trends/flexible-plastic-tubes,"Georgia Wray Norsten — March 25, 2025 — Business
References: cosmeticsbusiness", 
Expansive Child Product Ranges,"The latest Target baby products are being rolled out to the brand's locations as a wide range of items for babies and toddlers that will help parents maximize what they can get for every dollar. The announcement includes more than 2,000 new products that span across nursery, apparel, toys and food, which is positioned by the brand as being 30% more new items than last year. The products are from brands like Good & Gather, Cloud Island and up&up amongst several others that feature price points starting at $0.79 and more than two-thirds of the products priced under $30.

Senior Vice President for Merch Essentials and Beauty Amanda Nusz spoke on the latest Target baby products saying, ""We’re thrilled to announce the growth of our baby assortment at Target, starting with over 2,000 new items for every stage and every small moment in a baby’s life. One-fourth of our guests are shopping for baby, and we’re curating our assortment to give them just what they need. From daily must-haves like diapers to trending items like baby skincare and adorable, affordable gifts to celebrate each baby milestone, we’re supporting families throughout the parenting journey with products that bring joy and convenience to their everyday lives.”",3.6,https://www.trendhunter.com/trends/target-baby-products,"Michael Hemsworth — March 25, 2025 — Life-Stages
References: corporate.target & drugstorenews", 
Makeup-Melting Cleansing Balms,"Elemis shines a spotlight on the Pro-Collagen Makeup Melting Cleansing Balm, which gently melts stubborn makeup away. It is a three-in-one balm that softens and nourishes the skin while removing daily grime, impurities, and makeup. It is suitable for all skin types and is free of mineral oil and phthalates.

The balm melts into a soft oil when it is massaged into the skin. It then becomes a hydrating milky formula when it comes in contact with water. This formula keeps the skin smooth and removes long-wear makeup while deeply cleansing. Some of the highlight ingredients include starflower oil to help soften and smoothen the skin with its natural Omega-6 fatty acid, Elderberry oil as it is a natural antioxidant that reduces greasy feelings, and Optimega Oil to reduce trans-epidermal water loss.

Image Credit: Sephora, Elemis",7.3,https://www.trendhunter.com/trends/procollagen-makeup-melting-cleansing-balm,"Amy Duong — March 25, 2025 — Fashion
References: sephora", 
Anti-Aging Skincare Routine Sets,"Yves Rocher introduces the Lift Pro-Collagène Daily Skincare Routine, which is a set comprised of gentle and natural anti-aging solutions. It works closely with the pores and improves skin texture by tackling daily redness and sensitivities. The set is comprised of the Anti-Wrinkle De-Puffing Eye Care, the Lift Pro-Collagène Double Action Concentrate, and Lift Pro-Collagène Plumping Anti-Wrinkle Day Cream, topped off with a pouch to keep it all in place.

The De-Puffing Eye care visibly corrects puffiness and fine lines for a smooth and bright look. The concentrate renews the look and feel of the skin's texture and tightens the pores with 0.5% pure Bakuchiol, a botanical alternative to Retinol. Finally, the anti-wrinkle day cream smoothes wrinkles in terms of its appearance for a plump and moisturized finish.

Image Credit: Yes Rocher France",7.2,https://www.trendhunter.com/trends/lift-procollagne,"Amy Duong — March 25, 2025 — Fashion
References: yvesrocher", 
Cordyceps-Infused Coffees,"In The Last of Us, a mutated Cordyceps variant begins infecting humans, and in preparation for the release of the second season of the post-apocalyptic HBO series, Four Sigmatic launched a limited-edition Organic High Caf Ground Coffee.

The Last Of Us Organic High Caf Ground Coffee supports mental clarity and energy with cordyceps and lion’s mane mushrooms, Vitamin B12, and coffee bean extract. Taste-wise, the dark roast delivers notes of dark chocolate as part of the coffee experience centered on boosting focus and energy, and lifting moods.

With this product, Four Sigmatic, the official coffee sponsor of HBO Original The Last of Us, created a blend ""infected with energy"" to win over fans and coffee lovers alike.",8.4,https://www.trendhunter.com/trends/high-caf-ground-coffee,"Laura McQuarrie — March 25, 2025 — Marketing
References: us.foursigmatic & instagram", 
Harmonious Fragrant Perfume Sets,"The Comme une Evidence Perfume Set by Yves Rocher evokes well-being with its clear and harmonious notes. The scents begin with a foundation of floral themes as the scents of crumpled violet leaves invite it. This is quickly followed by jasmine, wild lily of the valley blossom, and rose to a floral heart.

All of these notes rest on the basis of moss and patchouli to add some depth. Overall, it embodies a sweet and harmonious combination. The set is comprised of three products. This includes the 50 ml spray Eau de parfum Comme une Evidence, 200 ml Perfumed Body Lotion Comme une Evidence bottle, and 200 ml Perfumed Shower Gel Comme une Evidence bottle.

Image Credit: Yves Rocher France",6.8,https://www.trendhunter.com/trends/comme-une-evidence-perfume-set,"Amy Duong — March 25, 2025 — Fashion
References: yvesrocher", 
At-Home QSR Sauces,"The Chick-fil-A Parmesan Caesar dressing is making its way to retailers in the US as part of the QSR brand's continued expansion into offering consumers an easier way to enjoy their favorite menu items from the comfort of home.

The dressing comes in a 12-ounce bottle and will call to mind the brand's signature creamy caesar dressing that doesn't skimp on parmesan cheese flavor. The dressing is arriving alongside Honey Mustard and Zesty Buffalo sauces in 16-ounce bottles that will be offered in 24-ounce two-packs at select club store retailers this spring.

Director of Consumer Packaged Goods Beth Grant spoke on the Chick-fil-A Parmesan Caesar dressing saying, ""We are excited for the retail launch of our new Parmesan Caesar dressing and introduction of our signature Chick-fil-A Sauce into club stores for the first time. Now, people can have more of their favorite Chick-fil-A flavors in their kitchen, using these products anytime as a simple way to dress up any meal or snack.""

Image Credit: Chick-fil-A",6.8,https://www.trendhunter.com/trends/chickfila-parmesan-caesar,"Michael Hemsworth — March 25, 2025 — Lifestyle
References: prnewswire & foodmanufacturing", 
Whisky Cocktail Mixes,"In collaboration with Chivas Regal, Filthy Food created an all-natural cocktail mix, Gold Rush, that was expressly created to enhance Chivas Regal blended scotch whisky. This non-alcoholic cocktail mix made with bright, fresh, zesty lemon juice and naturally sweet American honey is easy to enjoy by adding Chivas Regal.

This limited-edition collab packaged by the pouch adheres to Filthy Food's commitment to ""No CRAP""—Concentrates, Regrets, Allergens, or Preservatives. Each pouch contains enough mix to make about four cocktails, perfect for simplifying at-home drinking occasions and entertaining small groups.

Although a Gold Rush cocktail is easy to make by adding Chivas Regal, the spirit that this cocktail mix was intended to be paired with can be swapped for gin to create a classic Bee's Knees cocktail.",6,https://www.trendhunter.com/trends/gold-rush-cocktail-mix,"Laura McQuarrie — March 25, 2025 — Lifestyle
References: filthyfood", 
Branded Action Cam Lenses,"The GoPro Anamorphic Lens Mod has been unveiled by the brand as an aftermarket accessory for use with the GoPro HERO 13 Black camera to add in capabilities for creators without having to rely on post-production editing.

The lens utilizes an optical squishing technique that will enable the camera to shoot in a 21:9 aspect ratio and capture high-quality cinematic-style lens flares. The action cam will automatically switch to the appropriate camera mode when it detects the lens has been connected to maximize ease of use.

The GoPro Anamorphic Lens Mod is available for $129.99 and is being added the HB-Series Lens Collection bundle that will also include the Macro lens and Ultra Wide lens for $349.99.

Image Credit: GoPro",9,https://www.trendhunter.com/trends/gopro-anamorphic-lens-mod,"Michael Hemsworth — March 25, 2025 — Tech
References: gopro & theverge", 
Ultra-Premium Audio Headphones,"The Apple AirPods Max headphones are being updated by the brand to give the high-end audio accessory additional capabilities in the form of ultra-low latency audio and more. The headphones will receive 24-bit, 48 kHz lossless audio support that will also extend to the Personalized Spatial Audio feature for music that's more sonically accurate, uncompressed and immersive than ever. The features can be unlocked when connecting the headphones to the audio source via a USB-C connection and will offer Apple Music subscribers with access to more than 100-million songs in lossless audio.

The Apple AirPods Max headphones will also provide ultra-low latency audio performance, which will come as welcome news to gamers. The headphone update will be available to users for free via a firmware update this April.

Image Credit: Apple",8.3,https://www.trendhunter.com/trends/apple-airpods-max-headphones,"Michael Hemsworth — March 25, 2025 — Tech
References: apple & techcrunch", 
Canadian-Focused Campaigns,"'Look for the Leaf' is more than just a tagline; it’s a movement. Maple Leaf Foods is taking a bold stand in response to U.S. tariffs, urging Canadian consumers to support homegrown brands, even if they belong to the competition.

Created by No Fixed Address, this campaign transforms grocery shopping into a patriotic act. With eye-catching out-of-home ads, Maple Leaf Foods is spotlighting the red maple leaf found on other Canadian brands like Dare, Chapman’s, and Gay-Lea -- helping consumers easily identify truly Canadian-made products.

'At a time when tariffs are hitting Canadians, we wanted to do more than highlight our own heritage,' said D’Arcy Finley, VP of brands at Maple Leaf Foods. 'This is about giving people a simple way to support Canadian businesses.'
With over 60% of Canadians shifting away from U.S. products, Look for the Leaf is fueling a nationwide push for economic solidarity.

Image Credit: Ad Age",6.5,https://www.trendhunter.com/trends/look-for-the-leaf,"Georgia Wray Norsten — March 25, 2025 — World
References: mapleleaffoods & adage", 
Color-Changing Beauty Sticks,"The Sephora Collection is expanding to include Color Twisters for the lips and cheeks in oil-in-stick formats with gel-like pigments that shift upon skin contact. These hydrating sticks make magic before the eyes, with shades like yellow that turn into coral, fuchsia that becomes fresh pink, and midnight blue that morphs into a soft berry.

Uniquely, these color-changing beauty sticks with a jelly texture are made of 90% oils, and they melt into skin to leave a fun, flushed finish.

These versatile, sensorial solid sticks can be used in several ways. For a sunkissed effect, Sephora recommends positioning the stick vertically and drawing a horizontal line from cheek to cheek, then blending. Alternatively, a lifted effect can be achieved by sculpting the cheekbones.",9.2,https://www.trendhunter.com/trends/color-twister,"Laura McQuarrie — March 25, 2025 — Fashion
References: sephora", 
Branded EV Rooftop Tents,"The Rivian x iKamper Skycamp Mini has been created in collaboration between the brands as an accessory for drivers of the Rivian R1T electric truck to consider as a way to greatly enhance their overlanding capabilities. The tent is characterized by its pop-up profile that sits tucked inside a hardshell case until it's needed and boasts the ability to work with the Rivian Adventure Key set for increased security. The tent is paired with a deluxe self-inflating mattress that's included with the setup and positioned as a versatile alternative to the traditional foam version that comes with the original Skycamp Mini.

The Rivian x iKamper Skycamp Mini is priced at $4,595 and is on promotion with the brand offering a complimentary Disco Series stove with orders placed through April 15, 2025 while supplies last.

Image Credit: iKamper",9.9,https://www.trendhunter.com/trends/rivian-x-ikamper-skycamp-mini,"Michael Hemsworth — March 25, 2025 — Autos
References: ikamper & theverge", 
Gut-Friendly Soft Drinks,"Gut-friendly drinks are all the rage and Hip Pop crafts naturally refreshing beverages with real fruit, no sweeteners, and live cultures to offer a healthier alternative to both high-sugar sodas and alcohol. Low and sugar and abundant in better-for-you ingredients, Hip Pop soda boasts a quarter of one's daily fiber needs and is ready to be sipped in vibrant, refreshing varieties like Tropical Peach, Pink Grapefruit, and Ginger and Turmeric.

The gut health beverage category is heating up as consumers want simple, delicious ways to support digestion, boost immunity, and promote overall well-being with prebiotics and other beneficial ingredients.

The lightly sparkling 100% natural sodas are free from artificial sweeteners, and unlike the brand's kombucha beverages, Hip Pop sodas do not contain caffeine.",5.1,https://www.trendhunter.com/trends/hip-pop-soda,"Laura McQuarrie — March 25, 2025 — Lifestyle
References: drinkhippop & beveragedaily", 
